iB,TC,chr,phase,dali11,dali22,dapi11,lethality
iB_00002,TC000021,LG3,I,20,20,10,Low
iB_00003,TC000029,LG3,I,0,50,10,Low
iB_00004,TC000040,LG3,I,100,100,80,Yes
iB_00005,TC000043,LG3,I,90,100,10,High
iB_00006,TC000047,LG3,I,80,100,0,Low
iB_00007,TC000049,LG3,I,10,100,40,Low
iB_00008,TC000054,LG3,I,10,100,30,Low
iB_00009,TC000056,LG3,I,20,30,10,Low
iB_00010,TC000065,LG3,I,100,100,50,Yes
iB_00011,TC000069,LG3,I,100,100,100,Yes
iB_00012,TC000070,LG3,I,10,30,50,Low
iB_00014,TC000078,LG3,I,0,100,50,Low
iB_00015,TC000082,LG3,I,50,100,10,Low
iB_00016,TC000085,LG3,I,0,0,20,Low
iB_00017,TC000087,LG3,I,30,90,30,Low
iB_00018,TC000088,LG3,I,0,0,100,Low
iB_00019,TC000091,LG3,I,10,10,100,Low
iB_00020,TC000095,LG3,I,0,10,0,Low
iB_00021,TC000101,LG3,I,30,30,0,Low
iB_00022,TC000108,LG3,I,20,100,0,Low
iB_00023,TC000109,LG3,I,30,100,30,Low
iB_00024,TC000114,LG3,I,0,0,50,Low
iB_00025,TC032473,LG3,I,20,80,40,Low
iB_00026,TC000144,LG3,I,100,100,100,Yes
iB_00027,TC000151,LG5,I,10,10,30,Low
iB_00028,TC000158,LG2,I,80,100,40,Low
iB_00029,TC000161,LG2,I,100,100,30,Yes
iB_00030,TC000162,LG2,I,0,20,0,Low
iB_00031,TC000165,LG2,I,100,100,100,Yes
iB_00032,TC000167,LG2,I,100,100,40,Yes
iB_00033,TC000170,LG2,I,0,0,0,Low
iB_00034,TC000175,LG2,I,10,20,10,Low
iB_00035,TC000179,LG2,I,90,90,40,High
iB_00036,TC000182,LG2,I,10,10,100,Low
iB_00037,TC000185,LG2,I,20,100,20,Low
iB_00038,TC000188,LG2,I,10,60,20,Low
iB_00039,TC000192,LG2,I,100,100,60,Yes
iB_00040,TC000196,LG2,I,40,50,10,Low
iB_00041,TC032264,LG2,I,10,10,30,Low
iB_00042,TC032258,LG2,I,0,10,20,Low
iB_00043,TC000209,LG2,I,0,10,20,Low
iB_00044,TC000219,LG2,I,90,100,10,High
iB_00045,TC000220,LG2,I,0,10,20,Low
iB_00046,TC000221,LG2,I,0,0,40,Low
iB_00047,TC000223,LG2,I,60,100,20,Low
iB_00048,TC000228,LG2,I,10,20,20,Low
iB_00049,TC000234,LG2,I,10,10,0,Low
iB_00050,TC000238,LG2,I,100,100,10,Yes
iB_00051,TC000247,LG2,I,0,0,60,Low
iB_00052,TC000249,LG2,I,0,10,20,Low
iB_00053,TC000258,LG2,I,100,100,100,Yes
iB_00054,TC000267,LG2,I,70,100,20,Low
iB_00055,TC000271,LG2,I,100,100,100,Yes
iB_00056,TC000272,LG2,I,20,20,10,Low
iB_00057,TC000275,LG2,I,0,10,40,Low
iB_00058,TC000282,LG2,I,10,10,0,Low
iB_00060,TC000291,LG2,I,20,20,10,Low
iB_00061,TC000292,LG2,I,10,10,30,Low
iB_00062,TC000297,LG2,I,90,100,70,High
iB_00063,TC032227,LG2,I,100,100,100,Yes
iB_00064,TC000302,LG2,I,0,0,10,Low
iB_00065,TC000304,LG2,I,0,0,50,Low
iB_00066,TC000308,LG2,I,20,20,40,Low
iB_00067,TC032222,LG2,I,10,100,0,Low
iB_00068,TC000315,LG2,I,0,10,30,Low
iB_00069,TC000316,LG2,I,10,60,0,Low
iB_00070,TC000317,LG2,I,10,10,0,Low
iB_00072,TC000321,LG2,I,20,30,10,Low
iB_00073,TC000326,LG2,I,0,0,30,Low
iB_00074,TC000331,LG2,I,0,62.5,0,Low
iB_00075,TC000334,LG2,I,0,0,10,Low
iB_00076,TC000335,LG2,I,20,20,30,Low
iB_00077,TC000349,LG2,I,20,20,0,Low
iB_00078,TC000357,LG2,I,20,20,70,Low
iB_00080,TC000373,LG2,I,80,100,60,Low
iB_00081,TC000379,LG2,I,0,0,30,Low
iB_00082,TC032198,LG2,I,60,100,10,Low
iB_00083,TC000382,LG2,I,0,100,0,Low
iB_00084,TC000388,LG2,I,10,10,20,Low
iB_00085,TC000402,LG2,I,0,30,20,Low
iB_00086,TC032188,LG2,I,0,10,0,Low
iB_00087,TC000411,LG2,I,0,10,0,Low
iB_00088,TC000412,LG2,I,0,62.5,50,Low
iB_00089,TC000415,LG2,I,10,20,20,Low
iB_00090,TC000423,LG2,I,0,10,30,Low
iB_00091,TC000430,LG2,I,10,50,20,Low
iB_00092,TC000431,LG2,I,20,20,10,Low
iB_00093,TC000434,LG2,I,60,100,80,Low
iB_00094,TC000442,LG2,I,11.11,11.11,20,Low
iB_00095,TC000444,LG2,I,10,10,20,Low
iB_00096,TC000449,LG2,I,10,10,20,Low
iB_00097,TC000459,LG2,I,0,0,60,Low
iB_00098,TC000462,LG2,I,100,100,20,Yes
iB_00099,TC000463,LG2,I,40,100,10,Low
iB_00100,TC000466,LG2,I,20,20,30,Low
iB_00101,TC000467,LG2,I,30,100,20,Low
iB_00102,TC000470,LG2,I,0,0,40,Low
iB_00103,TC000474,LG2,I,20,20,30,Low
iB_00104,TC000475,LG2,I,10,10,20,Low
iB_00105,TC000476,LG2,II,50,,0,Low
iB_00106,TC000481,LG2,I,80,100,60,Low
iB_00107,TC000487,LG2,I,50,80,70,Low
iB_00108,TC000495,LG2,I,20,20,0,Low
iB_00109,TC032159,LG2,I,20,20,60,Low
iB_00110,TC000504,LG2,I,20,20,10,Low
iB_00111,TC000511,LG2,I,10,10,0,Low
iB_00112,TC000514,LG2,I,30,30,20,Low
iB_00113,TC000515,LG2,I,20,20,40,Low
iB_00114,TC000517,LG2,I,10,20,20,Low
iB_00115,TC000518,LG2,I,0,0,30,Low
iB_00116,TC000520,LG2,I,0,0,40,Low
iB_00117,TC000522,LG2,I,10,10,40,Low
iB_00118,TC000526,LG2,I,10,10,10,Low
iB_00119,TC000529,LG2,I,70,100,60,Low
iB_00120,TC000530,LG2,I,0,0,40,Low
iB_00121,TC000534,LG2,I,0,0,30,Low
iB_00122,TC000537,LG2,I,10,90,100,Low
iB_00123,TC000538,LG2,I,70,100,20,Low
iB_00124,TC000539,LG2,I,30,85.71,30,Low
iB_00125,TC000542,LG2,I,80,100,100,Low
iB_00126,TC000558,LG2,I,30,30,30,Low
iB_00127,TC000561,LG2,II,60,,20,Low
iB_00128,TC000567,LG2,I,10,10,20,Low
iB_00129,TC000570,LG2,I,20,20,50,Low
iB_00130,TC000571,LG2,I,20,20,20,Low
iB_00131,TC030994,LG2,I,10,10,40,Low
iB_00132,TC000590,LG2,I,0,0,20,Low
iB_00133,TC000591,LG2,I,10,100,50,Low
iB_00134,TC000592,LG2,I,33.33,33.33,20,Low
iB_00137,TC000982,LG2,I,20,50,20,Low
iB_00138,TC000605,LG2,I,11.11,11.11,30,Low
iB_00139,TC000608,LG2,I,0,0,40,Low
iB_00140,TC000610,LG2,I,0,10,20,Low
iB_00141,TC000614,LG2,I,100,100,100,Yes
iB_00142,TC000616,LG2,I,11.11,11.11,30,Low
iB_00143,TC000618,LG2,I,30,60,40,Low
iB_00144,TC000620,LG2,I,10,100,30,Low
iB_00145,TC000630,LG2,I,22.22,22.22,30,Low
iB_00146,TC000634,LG2,I,90,90,40,High
iB_00147,TC030993,LG2,I,10,10,60,Low
iB_00148,TC000641,LG2,I,100,100,100,Yes
iB_00149,TC000642,LG2,II,60,,40,Low
iB_00151,TC000678,LG2,I,30,30,20,Low
iB_00152,TC000685,LG2,I,0,10,30,Low
iB_00153,TC000686,LG2,I,0,0,60,Low
iB_00154,TC000687,LG2,II,40,,20,Low
iB_00155,TC000689,LG2,I,11.11,11.11,40,Low
iB_00156,TC000693,LG2,I,30,42.86,30,Low
iB_00157,TC000707,LG2,I,20,100,20,Low
iB_00158,TC032080,LG2,I,10,10,30,Low
iB_00159,TC000719,LG2,I,40,100,40,Low
iB_00160,TC000720,LG2,II,60,,30,Low
iB_00163,TC000726,LG2,I,0,0,60,Low
iB_00164,TC000737,LG2,I,20,100,30,Low
iB_00165,TC000739,LG2,I,77.78,100,60,Low
iB_00166,TC000748,LG2,I,30,88.89,40,Low
iB_00167,TC000749,LG2,I,70,100,20,Low
iB_00168,TC000753,LG2,I,0,0,40,Low
iB_00169,TC000759,LG2,I,0,90,20,Low
iB_00170,TC000771,LG2,I,37.5,100,10,Low
iB_00171,TC000782,LG2,I,10,10,40,Low
iB_00172,TC000798,LG2,I,20,20,20,Low
iB_00173,TC000805,LG2,I,0,0,20,Low
iB_00174,TC000807,LG2,I,0,0,20,Low
iB_00176,TC032056,LG2,I,10,30,20,Low
iB_00177,TC000821,LG2,I,0,0,10,Low
iB_00178,TC000831,LG2,I,10,42.86,40,Low
iB_00179,TC000840,LG2,I,10,10,40,Low
iB_00180,TC000847,LG2,I,0,20,60,Low
iB_00181,TC000855,LG2,I,100,100,20,Yes
iB_00182,TC000861,LG2,I,0,10,50,Low
iB_00183,TC000876,LG2,I,10,10,20,Low
iB_00184,TC000880,LG2,II,40,,50,Low
iB_00185,TC000885,LG2,I,30,30,30,Low
iB_00186,TC000917,LG2,I,30,100,40,Low
iB_00187,TC000929,LG2,I,30,30,50,Low
iB_00188,TC000930,LG2,I,20,80,20,Low
iB_00189,TC000932,LG2,I,10,40,40,Low
iB_00193,TC000941,LG2,I,0,10,30,Low
iB_00194,TC032116,LG2,I,0,0,40,Low
iB_00195,TC000949,LG2,I,10,20,40,Low
iB_00196,TC000956,LG2,I,25,100,50,Low
iB_00197,TC000960,LG2,I,20,20,50,Low
iB_00198,TC000963,LG2,I,20,20,40,Low
iB_00199,TC000967,LG2,I,30,50,10,Low
iB_00200,TC000970,LG2,I,20,30,0,Low
iB_00201,TC000973,LG2,II,40,,100,Low
iB_00202,TC000986,LG2,I,77.78,100,100,Low
iB_00203,TC000992,LG2,I,60,100,40,Low
iB_00204,TC032132,LG2,I,10,10,40,Low
iB_00205,TC001000,LG2,II,60,,20,Low
iB_00206,TC030995,LG2,I,11.11,11.11,20,Low
iB_00207,TC001020,LG2,I,0,11.11,40,Low
iB_00208,TC001032,LG2,I,0,20,20,Low
iB_00209,TC001051,LG2,I,60,60,50,Low
iB_00210,TC034557,LG2,I,30,30,10,Low
iB_00211,TC001071,LG2,I,10,20,10,Low
iB_00212,TC001083,LG2,I,20,20,0,Low
iB_00213,TC001093,LG2,I,10,66.67,30,Low
iB_00214,TC001110,LG2,II,50,,20,Low
iB_00215,TC001119,LG2,I,0,10,50,Low
iB_00216,TC001128,LG2,I,20,40,20,Low
iB_00217,TC032179,LG2,I,20,20,20,Low
iB_00218,TC001142,LG2,I,55.56,100,10,Low
iB_00219,TC032187,LG2,I,40,40,0,Low
iB_00220,TC001154,LG2,I,0,11.11,10,Low
iB_00221,TC001161,LG2,I,10,10,40,Low
iB_00222,TC001162,LG2,I,30,30,0,Low
iB_00223,TC001164,LG2,I,0,10,30,Low
iB_00224,TC032207,LG2,II,40,,0,Low
iB_00225,TC001189,LG2,I,20,20,40,Low
iB_00226,TC001193,LG2,I,20,33.33,30,Low
iB_00227,TC032209,LG2,I,10,83.33,40,Low
iB_00228,TC001209,LG2,I,0,30,20,Low
iB_00229,TC001210,LG2,I,10,10,50,Low
iB_00230,TC001214,LG2,I,20,20,30,Low
iB_00231,TC032214,LG2,I,20,20,0,Low
iB_00232,TC001259,LG2,I,0,20,60,Low
iB_00233,TC001261,LG2,II,66.66666667,,30,Low
iB_00234,TC001262,LG2,I,0,0,40,Low
iB_00235,TC001264,LG2,I,0,10,30,Low
iB_00236,TC001287,LG2,I,0,20,40,Low
iB_00237,TC001292,LG2,I,90,100,100,High
iB_00238,TC001320,LG2,I,20,20,50,Low
iB_00239,TC001323,LG2,I,0,0,30,Low
iB_00240,TC001328,LG2,I,80,75,70,Low
iB_00241,TC001339,LG2,I,30,30,50,Low
iB_00242,TC000193,LG2,I,40,100,60,Low
iB_00243,TC001356,LG2,I,0,100,50,Low
iB_00244,TC001357,LG2,II,0,,0,Low
iB_00245,TC001362,LG2,I,20,20,10,Low
iB_00246,TC001366,LG2,II,70,,70,Low
iB_00247,TC001374,LG2,I,11.11,11.11,10,Low
iB_00251,TC001450,LGX,I,10,20,30,Low
iB_00252,TC001458,LGX,I,50,50,20,Low
iB_00253,TC001467,LGX,I,40,100,100,Low
iB_00256,TC001510,LG10,I,50,50,50,Low
iB_00257,TC001525,LG10,I,10,66.67,50,Low
iB_00258,TC001541,LG10,I,40,100,10,Low
iB_00259,TC001555,LG3,I,22.22,22.22,40,Low
iB_00260,TC001559,LG3,I,20,30,40,Low
iB_00261,TC001563,LG3,I,30,30,70,Low
iB_00262,TC001565,LG3,I,44.44,44.44,50,Low
iB_00263,TC001569,LG3,I,0,0,40,Low
iB_00264,TC001570,LG3,I,20,30,90,Low
iB_00265,TC001572,LG3,I,50,50,50,Low
iB_00266,TC001579,LG3,I,40,40,70,Low
iB_00267,TC001594,LGX,I,40,40,60,Low
iB_00268,TC001600,LGX,I,90,90,100,High
iB_00270,TC001606,LGX,I,10,10,20,Low
iB_00271,TC001616,LGX,I,0,20,0,Low
iB_00272,TC001622,LGX,I,0,20,10,Low
iB_00273,TC001623,LGX,I,30,40,20,Low
iB_00274,TC031483,LGX,II,10,,0,Low
iB_00275,TC001634,LGX,I,10,10,20,Low
iB_00276,TC001643,LG9,I,11.11,11.11,0,Low
iB_00277,TC001668,LG9,I,50,50,40,Low
iB_00278,TC001670,LG9,I,0,0,60,Low
iB_00279,TC001676,LG9,I,20,20,60,Low
iB_00281,TC031054,LG3,I,30,37.5,20,Low
iB_00282,TC001697,LGX,I,10,50,30,Low
iB_00283,TC001698,LGX,II,30,,0,Low
iB_00284,TC001709,LGX,I,11.11,44.44,33.33,Low
iB_00285,TC001711,LGX,I,0,0,50,Low
iB_00286,TC001713,LGX,I,30,40,40,Low
iB_00287,TC001714,LGX,II,10,,10,Low
iB_00288,TC001715,LGX,II,60,,10,Low
iB_00289,TC001720,LGX,I,10,75,40,Low
iB_00290,TC001733,LGX,I,60,100,30,Low
iB_00291,TC034534,LGX,I,20,100,30,Low
iB_00292,TC001742,LGX,II,100,,20,Yes
iB_00293,TC001744,LGX,II,40,,0,Low
iB_00295,TC001751,LGX,I,80,85.71,20,Low
iB_00296,TC001752,LGX,I,20,40,0,Low
iB_00297,TC001754,LGX,I,25,37.5,0,Low
iB_00298,TC001756,LGX,I,10,10,10,Low
iB_00299,TC001761,LGX,I,11.11,22.22,0,Low
iB_00300,TC001765,LGX,I,40,100,30,Low
iB_00301,TC034532,LGX,I,11.11,22.22,20,Low
iB_00302,TC001770,LGX,I,90,100,44.44,High
iB_00303,TC001771,LGX,I,30,40,10,Low
iB_00304,TC001775,LGX,II,10,,0,Low
iB_00306,TC003833,LG3,I,20,20,20,Low
iB_00308,TC001885,LGX,I,10,10,30,Low
iB_00309,TC001889,LGX,II,50,,0,Low
iB_00311,TC001922,LG9,I,0,0,10,Low
iB_00312,TC034271,LG9,I,10,30,10,Low
iB_00313,TC001933,LG9,I,20,20,0,Low
iB_00314,TC034265,LG9,I,30,30,10,Low
iB_00315,TC034270,LG9,I,10,10,0,Low
iB_00316,TC034858,LG9,I,20,100,90,Low
iB_00323,TC002075,LG10,I,0,10,40,Low
iB_00324,TC002082,LG10,I,10,30,30,Low
iB_00325,TC002088,LG10,I,40,100,40,Low
iB_00326,TC031642,LG10,I,0,10,10,Low
iB_00328,TC034617,LG3,I,20,100,70,Low
iB_00329,TC002125,LG3,I,0,0,10,Low
iB_00330,TC002126,LG3,I,10,10,40,Low
iB_00331,TC002130,LG3,I,50,100,30,Low
iB_00332,TC002132,LG3,I,0,0,60,Low
iB_00333,TC002137,LG3,I,0,10,20,Low
iB_00334,TC002141,LG3,I,0,100,0,Low
iB_00335,TC002147,LG3,II,0,,0,Low
iB_00336,TC002149,LG3,I,20,30,20,Low
iB_00340,TC002174,LG8,I,0,0,20,Low
iB_00341,TC002177,LG8,I,10,10,10,Low
iB_00342,TC002185,LG8,I,0,0,20,Low
iB_00343,TC031262,LG8,I,10,10,0,Low
iB_00344,TC002193,LG8,I,20,20,10,Low
iB_00345,TC002220,LG8,I,10,20,10,Low
iB_00346,TC031127,LG5,I,20,20,10,Low
iB_00361,TC002389,LG3,I,10,10,30,Low
iB_00362,TC002390,LG3,I,10,100,10,Low
iB_00363,TC002392,LG3,I,20,85.71,0,Low
iB_00364,TC002398,LG3,I,10,10,50,Low
iB_00365,TC002403,LG3,I,0,30,0,Low
iB_00366,TC002407,LG3,I,10,100,0,Low
iB_00367,TC032683,LG3,I,0,100,10,Low
iB_00368,TC002415,LG3,I,30,100,50,Low
iB_00369,TC002420,LG3,I,10,100,20,Low
iB_00370,TC002425,LG3,I,70,100,100,Low
iB_00371,TC002426,LG3,I,10,20,0,Low
iB_00372,TC002432,LG3,I,0,100,0,Low
iB_00373,TC002433,LG3,I,20,90,10,Low
iB_00375,TC002441,LG3,II,30,,0,Low
iB_00376,TC002445,LG3,I,60,100,90,Low
iB_00377,TC002446,LG3,I,11.11,100,33.33,Low
iB_00378,TC002462,LG3,I,10,100,10,Low
iB_00379,TC002463,LG3,I,30,100,0,Low
iB_00380,TC002464,LG3,I,10,10,0,Low
iB_00381,TC002467,LG3,I,0,0,10,Low
iB_00382,TC002468,LG3,I,0,0,0,Low
iB_00383,TC002471,LG3,I,0,0,30,Low
iB_00384,TC002472,LG3,I,10,10,10,Low
iB_00385,TC002476,LG3,I,100,100,90,Yes
iB_00387,TC002490,LG3,I,10,20,0,Low
iB_00388,TC002493,LG3,I,10,10,20,Low
iB_00389,TC002496,LG3,I,20,0,100,Low
iB_00390,TC002501,LG3,I,25,100,20,Low
iB_00391,TC002504,LG3,I,20,20,0,Low
iB_00392,TC002506,LG3,I,40,40,10,Low
iB_00393,TC002520,LG3,I,10,10,10,Low
iB_00394,TC002522,LG3,I,40,40,30,Low
iB_00396,TC002527,LG3,I,30,30,20,Low
iB_00397,TC002529,LG3,I,100,100,0,Yes
iB_00398,TC002530,LG3,I,10,100,30,Low
iB_00399,TC002540,LG3,I,60,100,100,Low
iB_00400,TC002547,LG3,I,10,50,0,Low
iB_00401,TC002553,LG3,II,60,,10,Low
iB_00402,TC002561,LG3,I,20,20,10,Low
iB_00403,TC002569,LG3,I,20,100,10,Low
iB_00404,TC002574,LG3,I,100,100,100,Yes
iB_00405,TC002588,LG3,I,20,20,30,Low
iB_00406,TC002590,LG3,I,0,20,40,Low
iB_00407,TC002591,LG3,I,10,10,40,Low
iB_00408,TC032572,LG3,I,10,10,10,Low
iB_00409,TC002597,LG3,I,0,0,0,Low
iB_00411,TC002601,LG3,I,100,100,100,Yes
iB_00412,TC002608,LG3,I,0,0,20,Low
iB_00413,TC002610,LG3,I,0,100,0,Low
iB_00414,TC002616,LG3,I,10,20,30,Low
iB_00415,TC002624,LG3,I,30,30,20,Low
iB_00416,TC002625,LG3,I,10,10,0,Low
iB_00417,TC002629,LG3,I,30,30,10,Low
iB_00418,TC002636,LG3,I,30,30,20,Low
iB_00419,TC002647,LG3,I,10,30,0,Low
iB_00421,TC002652,LG3,I,0,10,0,Low
iB_00423,TC002669,LG3,I,10,80,0,Low
iB_00424,TC002672,LG3,I,11.11,11.11,20,Low
iB_00425,TC032506,LG3,I,20,20,30,Low
iB_00426,TC002712,LG3,I,10,10,30,Low
iB_00427,TC002717,LG3,I,10,10,0,Low
iB_00428,TC002719,LG3,I,40,50,40,Low
iB_00429,TC002722,LG3,I,10,30,40,Low
iB_00430,TC031046,LG3,I,0,75,0,Low
iB_00431,TC002732,LG3,I,10,10,0,Low
iB_00432,TC032487,LG3,I,20,20,0,Low
iB_00433,TC002747,LG3,I,10,10,10,Low
iB_00434,TC002761,LG3,II,40,,30,Low
iB_00435,TC002762,LG3,I,30,30,80,Low
iB_00436,TC034599,LG3,I,30,30,10,Low
iB_00437,TC002767,LG3,II,20,,10,Low
iB_00438,TC002773,LG3,I,10,10,30,Low
iB_00439,TC032479,LG3,I,10,10,30,Low
iB_00440,TC034595,LG3,I,50,100,50,Low
iB_00441,TC002784,LG3,I,20,100,30,Low
iB_00442,TC002786,LG3,I,0,0,0,Low
iB_00443,TC002789,LG3,I,10,10,10,Low
iB_00444,TC002790,LG3,I,0,0,10,Low
iB_00445,TC002791,LG3,I,0,100,30,Low
iB_00446,TC002792,LG3,I,0,0,10,Low
iB_00447,TC002805,LG3,I,100,100,0,Yes
iB_00448,TC002817,LG3,I,50,100,70,Low
iB_00449,TC031036,LG3,I,0,0,70,Low
iB_00450,TC002828,LG3,I,20,20,10,Low
iB_00451,TC002832,LG3,I,0,0,0,Low
iB_00455,TC002851,LG3,I,30,100,40,Low
iB_00456,TC002852,LG3,I,100,100,10,Yes
iB_00457,TC002857,LG3,I,20,20,90,Low
iB_00458,TC032418,LG3,I,20,100,100,Low
iB_00459,TC002864,LG3,I,100,100,10,Yes
iB_00460,TC002875,LG3,I,30,100,50,Low
iB_00461,TC002876,LG3,I,60,100,60,Low
iB_00462,TC002881,LG3,I,100,100,100,Yes
iB_00463,TC002887,LG3,I,20,100,20,Low
iB_00464,TC002894,LG3,I,10,10,30,Low
iB_00465,TC002899,LG3,I,0,0,10,Low
iB_00466,TC002911,LG3,I,20,40,0,Low
iB_00467,TC002915,LG3,I,100,100,70,Yes
iB_00468,TC002919,LG3,I,70,100,40,Low
iB_00469,TC002920,LG3,I,20,40,20,Low
iB_00470,TC002924,LG3,I,0,11.11,0,Low
iB_00471,TC002925,LG3,I,10,20,50,Low
iB_00472,TC002933,LG3,I,100,100,100,Yes
iB_00473,TC002936,LG3,I,20,30,20,Low
iB_00474,TC034585,LG3,I,0,0,0,Low
iB_00475,TC002948,LG3,I,60,100,20,Low
iB_00476,TC002951,LG3,I,90,100,90,High
iB_00477,TC002952,LG3,I,0,0,10,Low
iB_00478,TC002954,LG3,I,0,0,0,Low
iB_00479,TC002955,LG3,I,0,0,40,Low
iB_00480,TC002956,LG3,I,10,10,30,Low
iB_00481,TC002960,LG3,I,10,10,10,Low
iB_00482,TC032392,LG3,I,0,10,30,Low
iB_00483,TC002963,LG3,I,50,90,100,Low
iB_00485,TC002966,LG3,I,0,0,60,Low
iB_00486,TC002972,LG3,I,0,50,60,Low
iB_00487,TC002976,LG3,I,40,100,40,Low
iB_00488,TC002979,LG3,I,80,87.5,20,Low
iB_00489,TC002983,LG3,I,0,100,0,Low
iB_00490,TC002987,LG3,I,20,20,10,Low
iB_00491,TC002988,LG3,I,0,10,20,Low
iB_00492,TC032375,LG3,I,30,30,0,Low
iB_00493,TC002991,LG3,I,40,40,40,Low
iB_00494,TC002992,LG3,I,0,0,20,Low
iB_00495,TC002993,LG3,I,100,100,88.89,Yes
iB_00496,TC002995,LG3,I,10,100,40,Low
iB_00497,TC003004,LG3,I,10,100,60,Low
iB_00498,TC003006,LG3,I,0,10,10,Low
iB_00499,TC003007,LG3,I,90,100,30,High
iB_00500,TC003010,LG3,I,10,10,20,Low
iB_00501,TC003016,LG3,I,100,100,100,Yes
iB_00502,TC032364,LG3,I,0,0,0,Low
iB_00503,TC003020,LG3,I,100,100,100,Yes
iB_00504,TC003025,LG3,I,20,100,60,Low
iB_00505,TC003029,LG3,I,0,70,30,Low
iB_00506,TC003035,LG3,II,70,,40,Low
iB_00507,TC003063,LG3,I,0,70,40,Low
iB_00508,TC003064,LG3,I,0,0,30,Low
iB_00510,TC003070,LG3,I,0,90,20,Low
iB_00511,TC003078,LG3,I,90,100,30,High
iB_00512,TC003079,LG3,I,100,100,100,Yes
iB_00513,TC003086,LG3,I,20,30,20,Low
iB_00514,TC003094,LG3,I,20,100,50,Low
iB_00516,TC003103,LG3,I,10,20,10,Low
iB_00517,TC032318,LG3,II,70,,50,Low
iB_00518,TC003116,LG3,I,10,10,20,Low
iB_00519,TC003122,LG3,I,0,20,80,Low
iB_00520,TC003123,LG3,I,20,30,10,Low
iB_00521,TC003132,LG3,I,30,100,30,Low
iB_00522,TC003143,LG3,I,10,30,40,Low
iB_00523,TC003148,LG3,I,10,30,0,Low
iB_00525,TC003159,LG3,I,30,30,0,Low
iB_00526,TC003178,LG3,I,10,10,20,Low
iB_00527,TC003180,LG3,I,10,10,20,Low
iB_00528,TC032290,LG3,I,0,0,10,Low
iB_00529,TC003201,LG3,I,20,50,0,Low
iB_00530,TC003204,LG3,I,60,100,0,Low
iB_00531,TC003207,LG3,I,10,100,20,Low
iB_00532,TC003209,LG3,II,30,,40,Low
iB_00533,TC003211,LG3,I,10,10,0,Low
iB_00534,TC003212,LG3,I,40,100,40,Low
iB_00535,TC003213,LG3,I,10,10,0,Low
iB_00536,TC003216,LG3,I,0,0,30,Low
iB_00537,TC003217,LG3,I,10,10,20,Low
iB_00538,TC032285,LG3,I,40,40,20,Low
iB_00540,TC003250,LG3,I,20,70,10,Low
iB_00541,TC032291,LG3,I,10,100,10,Low
iB_00542,TC003257,LG3,I,0,10,0,Low
iB_00543,TC032293,LG3,I,0,0,60,Low
iB_00544,TC031020,LG3,I,10,30,10,Low
iB_00545,TC003275,LG3,I,10,10,20,Low
iB_00546,TC003280,LG3,I,0,0,0,Low
iB_00547,TC003289,LG3,I,20,30,0,Low
iB_00548,TC003290,LG3,I,70,100,50,Low
iB_00549,TC031022,LG3,I,40,80,30,Low
iB_00551,TC003310,LG3,I,0,0,20,Low
iB_00552,TC003322,LG3,I,50,90,30,Low
iB_00553,TC003324,LG3,I,30,30,10,Low
iB_00555,TC003332,LG3,I,50,88.89,10,Low
iB_00556,TC003334,LG3,I,0,10,10,Low
iB_00557,TC003342,LG3,I,0,100,10,Low
iB_00558,TC032324,LG3,I,0,0,20,Low
iB_00559,TC003347,LG3,I,0,20,20,Low
iB_00560,TC003367,LG3,I,100,100,90,Yes
iB_00561,TC003368,LG3,I,10,10,0,Low
iB_00562,TC003375,LG3,I,0,0,0,Low
iB_00563,TC003392,LG3,I,100,100,70,Yes
iB_00564,TC003400,LG3,I,10,10,0,Low
iB_00565,TC003402,LG3,I,20,20,0,Low
iB_00566,TC003408,LG3,I,10,30,10,Low
iB_00567,TC003425,LG3,I,0,20,10,Low
iB_00568,TC003435,LG3,I,0,10,0,Low
iB_00569,TC003438,LG3,I,0,0,20,Low
iB_00570,TC003446,LG3,I,10,10,40,Low
iB_00571,TC003450,LG3,I,20,30,40,Low
iB_00572,TC032380,LG3,I,10,60,10,Low
iB_00573,TC003474,LG3,I,60,100,50,Low
iB_00574,TC003486,LG3,I,10,10,20,Low
iB_00575,TC003493,LG3,I,50,100,90,Low
iB_00576,TC003499,LG3,I,10,10,10,Low
iB_00577,TC003500,LG3,I,30,30,0,Low
iB_00578,TC003501,LG3,I,20,20,40,Low
iB_00579,TC003502,LG3,I,10,50,40,Low
iB_00580,TC003503,LG3,I,0,20,10,Low
iB_00581,TC003504,LG3,I,0,30,40,Low
iB_00582,TC003505,LG3,I,10,20,0,Low
iB_00583,TC003506,LG3,I,20,40,10,Low
iB_00584,TC003507,LG3,I,0,20,30,Low
iB_00585,TC003508,LG3,I,10,88.89,50,Low
iB_00586,TC003509,LG3,II,55.55555556,,50,Low
iB_00587,TC003510,LG3,I,10,10,20,Low
iB_00588,TC003511,LG3,I,70,100,40,Low
iB_00589,TC003512,LG3,I,20,100,10,Low
iB_00590,TC003513,LG3,I,30,30,20,Low
iB_00591,TC003514,LG3,I,10,30,0,Low
iB_00592,TC003515,LG3,I,0,90,30,Low
iB_00593,TC003516,LG3,I,0,10,70,Low
iB_00594,TC003637,LG3,I,0,10,30,Low
iB_00595,TC003641,LG3,I,10,60,40,Low
iB_00596,TC003642,LG3,I,30,40,0,Low
iB_00597,TC003648,LG3,I,20,30,10,Low
iB_00598,TC003655,LG3,I,70,100,10,Low
iB_00599,TC003656,LG3,I,0,10,10,Low
iB_00600,TC003666,LG3,I,0,100,0,Low
iB_00601,TC003669,LG3,I,20,100,30,Low
iB_00602,TC003689,LG3,I,10,10,40,Low
iB_00603,TC003706,LG3,I,100,100,50,Yes
iB_00604,TC003729,LG3,I,10,10,20,Low
iB_00606,TC003747,LG3,I,100,100,100,Yes
iB_00607,TC003752,LG3,I,100,100,100,Yes
iB_00608,TC003754,LG3,I,10,30,60,Low
iB_00610,TC003759,LG3,I,100,100,100,Yes
iB_00611,TC031050,LG3,I,10,10,10,Low
iB_00612,TC031050,LG3,I,0,10,10,Low
iB_00613,TC003783,LG3,I,70,100,50,Low
iB_00614,TC003787,LG3,I,10,50,30,Low
iB_00615,TC003797,LG3,I,10,10,10,Low
iB_00616,TC003799,LG3,I,0,0,0,Low
iB_00617,TC003800,LG3,I,60,100,70,Low
iB_00618,TC003806,LG3,I,10,50,50,Low
iB_00619,TC032563,LG3,I,30,40,50,Low
iB_00620,TC003817,LG3,I,50,100,100,Low
iB_00621,TC003818,LG3,I,100,100,100,Yes
iB_00622,TC003823,LG3,I,0,20,10,Low
iB_00623,TC003826,LG3,I,50,100,60,Low
iB_00625,TC003832,LG3,I,10,30,10,Low
iB_00627,TC032573,LG3,I,0,0,30,Low
iB_00628,TC003841,LG3,I,10,70,50,Low
iB_00629,TC032574,LG3,I,0,40,60,Low
iB_00630,TC002563,LG3,I,0,10,0,Low
iB_00631,TC003870,LG3,I,0,30,0,Low
iB_00632,TC003895,LG3,I,0,10,0,Low
iB_00633,TC003902,LG3,I,0,30,0,Low
iB_00634,TC003905,LG3,I,0,10,0,Low
iB_00635,TC003907,LG3,I,10,20,10,Low
iB_00636,TC003911,LG3,II,10,,10,Low
iB_00638,TC003916,LG3,I,0,100,10,Low
iB_00639,TC003922,LG3,I,10,20,20,Low
iB_00640,TC032642,LG3,I,60,90,0,Low
iB_00641,TC003942,LG3,I,20,40,10,Low
iB_00642,TC032650,LG3,I,0,20,0,Low
iB_00643,TC032654,LG3,I,0,10,0,Low
iB_00644,TC003971,LG3,I,20,20,40,Low
iB_00645,TC003976,LG3,I,20,30,10,Low
iB_00646,TC003977,LG3,I,0,0,10,Low
iB_00647,TC003986,LG3,I,40,100,60,Low
iB_00648,TC032676,LG3,I,0,20,0,Low
iB_00649,TC004000,LG3,I,20,20,70,Low
iB_00650,TC004003,LG3,I,0,10,10,Low
iB_00651,TC004004,LG3,I,30,40,10,Low
iB_00653,TC004015,LG3,I,10,40,10,Low
iB_00654,TC004022,LG3,I,0,10,10,Low
iB_00655,TC004029,LG3,I,100,100,100,Yes
iB_00656,TC004033,LG3,I,0,0,30,Low
iB_00657,TC031216,LG7,I,10,10,40,Low
iB_00663,TC004117,LGX,I,20,30,0,Low
iB_00664,TC004121,LGX,I,10,10,10,Low
iB_00665,TC004133,LGX,I,10,20,10,Low
iB_00666,TC004140,LGX,I,0,100,20,Low
iB_00667,TC004143,LGX,I,10,10,40,Low
iB_00668,TC004146,LGX,I,0,0,20,Low
iB_00669,TC004151,LGX,I,10,10,70,Low
iB_00670,TC004159,LGX,I,20,100,40,Low
iB_00673,TC003525,LG3,I,0,10,10,Low
iB_00675,TC004273,LG7,I,10,40,10,Low
iB_00677,TC004314,LG9,I,50,100,30,Low
iB_00678,TC004317,LG9,I,50,50,30,Low
iB_00679,TC004326,LG9,I,0,100,20,Low
iB_00680,TC004356,LG10,I,20,20,80,Low
iB_00681,TC004358,LG10,I,20,20,60,Low
iB_00682,TC031316,LG10,I,10,90,100,Low
iB_00683,TC004369,LG10,I,20,30,40,Low
iB_00684,TC004372,LG10,I,0,10,10,Low
iB_00685,TC004373,LG10,I,10,100,10,Low
iB_00686,TC004378,LG10,I,100,100,90,Yes
iB_00687,TC004390,LG10,I,0,40,0,Low
iB_00688,TC004391,LG10,I,90,100,90,High
iB_00689,TC004403,LG3,I,10,10,30,Low
iB_00690,TC031063,LG3,I,20,20,30,Low
iB_00691,TC004422,LG2,I,20,30,20,Low
iB_00692,TC004426,LG2,I,10,10,0,Low
iB_00693,TC032030,LG2,I,10,10,10,Low
iB_00694,TC004429,LG2,I,10,10,20,Low
iB_00695,TC004434,LG2,I,70,100,70,Low
iB_00696,TC004437,LG2,I,10,100,80,Low
iB_00697,TC004438,LG2,I,0,30,10,Low
iB_00700,TC004458,LG2,II,30,,100,Low
iB_00701,TC004460,LG2,II,40,,30,Low
iB_00702,TC004464,LG2,I,20,70,40,Low
iB_00703,TC004466,LG2,II,30,,0,Low
iB_00704,TC004468,LG2,I,100,100,50,Yes
iB_00705,TC004472,LG2,I,10,100,40,Low
iB_00706,TC004478,LG2,I,0,0,40,Low
iB_00707,TC032012,LG2,II,40,,0,Low
iB_00708,TC004492,LG2,I,20,20,40,Low
iB_00709,TC004497,LG2,I,10,20,10,Low
iB_00710,TC004510,LG2,II,50,,20,Low
iB_00711,TC004511,LG2,I,0,0,40,Low
iB_00712,TC004513,LG2,I,10,10,30,Low
iB_00714,TC004532,LG2,I,10,75,20,Low
iB_00715,TC004538,LG2,I,0,10,30,Low
iB_00718,TC004545,LG2,I,10,10,30,Low
iB_00719,TC004548,LG2,I,30,30,40,Low
iB_00720,TC004551,LG2,I,20,20,30,Low
iB_00721,TC004556,LG2,I,0,30,10,Low
iB_00722,TC004566,LG2,I,100,100,100,Yes
iB_00723,TC034543,LG2,I,10,10,0,Low
iB_00724,TC004574,LG2,I,0,0,10,Low
iB_00725,TC004579,LGX,I,10,40,60,Low
iB_00726,TC004581,LGX,II,20,,0,Low
iB_00727,TC004582,LGX,II,0,,0,Low
iB_00728,TC004585,LGX,I,0,10,20,Low
iB_00729,TC004590,LGX,I,30,90,50,Low
iB_00730,TC004597,LGX,I,10,100,30,Low
iB_00731,TC004599,LGX,I,100,100,100,Yes
iB_00732,TC004603,LGX,II,30,,33.33,Low
iB_00733,TC004606,LGX,I,40,100,0,Low
iB_00734,TC004609,LGX,I,20,100,20,Low
iB_00735,TC034530,LGX,I,0,0,30,Low
iB_00736,TC004615,LGX,I,0,0,20,Low
iB_00737,TC004619,LGX,I,0,10,30,Low
iB_00739,TC004631,LGX,I,20,100,100,Low
iB_00740,TC004633,LGX,I,0,20,30,Low
iB_00741,TC004634,LGX,II,30,,0,Low
iB_00742,TC004639,LGX,I,10,10,20,Low
iB_00743,TC031518,LGX,I,100,100,40,Yes
iB_00744,TC031516,LGX,I,20,20,30,Low
iB_00745,TC004656,LGX,I,10,20,20,Low
iB_00746,TC004657,LGX,I,10,10,10,Low
iB_00747,TC004661,LGX,I,10,10,30,Low
iB_00750,TC004675,LGX,II,50,,0,Low
iB_00751,TC004676,LGX,I,20,20,30,Low
iB_00752,TC004679,LGX,I,20,20,10,Low
iB_00753,TC004683,LGX,I,100,100,100,Yes
iB_00754,TC031464,LGX,I,10,70,0,Low
iB_00755,TC004703,LGX,I,40,100,40,Low
iB_00756,TC004712,LGX,I,20,20,10,Low
iB_00757,TC004648,LGX,I,20,100,40,Low
iB_00758,TC004716,LGX,I,0,0,50,Low
iB_00759,TC004719,LGX,I,60,100,90,Low
iB_00760,TC004732,LGX,II,10,,50,Low
iB_00761,TC004742,LGX,I,40,40,20,Low
iB_00762,TC004751,LGX,I,100,100,90,Yes
iB_00763,TC004773,LGX,I,0,10,20,Low
iB_00764,TC004776,LGX,I,20,30,30,Low
iB_00765,TC004781,LGX,I,10,20,20,Low
iB_00766,TC004782,LGX,I,20,20,30,Low
iB_00767,TC004791,LGX,I,20,20,20,Low
iB_00769,TC004803,LGX,I,40,100,30,Low
iB_00770,TC004817,LG2,I,10,10,10,Low
iB_00771,TC004819,LG2,I,0,0,10,Low
iB_00772,TC004823,LG2,I,0,10,30,Low
iB_00773,TC004827,LG2,I,30,30,20,Low
iB_00774,TC004831,LG2,I,0,11.11,20,Low
iB_00775,TC004838,LG2,I,10,60,60,Low
iB_00776,TC004841,LG2,I,10,10,20,Low
iB_00778,TC004854,LG2,I,0,0,20,Low
iB_00779,TC004857,LG2,I,10,10,0,Low
iB_00780,TC004868,LG2,I,100,100,100,Yes
iB_00781,TC004881,LG2,I,0,0,20,Low
iB_00782,TC004901,LG2,I,30,30,0,Low
iB_00783,TC004918,LG2,I,0,10,10,Low
iB_00784,TC032021,LG2,I,60,100,60,Low
iB_00785,TC004928,LG2,II,10,,20,Low
iB_00786,TC004939,LG2,I,80,100,60,Low
iB_00787,TC004942,LG2,I,10,20,0,Low
iB_00788,TC004949,LG2,I,100,100,100,Yes
iB_00789,TC004950,LG2,I,30,30,40,Low
iB_00791,TC004978,LG2,I,50,100,100,Low
iB_00793,TC004989,LG2,I,0,0,0,Low
iB_00794,TC004992,LG2,I,10,100,10,Low
iB_00795,TC031995,LG2,I,0,20,0,Low
iB_00796,TC005012,LG2,I,70,100,20,Low
iB_00797,TC005026,LG2,I,10,100,0,Low
iB_00798,TC005039,LG2,I,30,30,0,Low
iB_00800,TC005074,LG5,I,20,100,70,Low
iB_00802,TC005088,LG8,I,100,100,50,Yes
iB_00803,TC033493,LG2,I,10,20,10,Low
iB_00804,TC005099,LG8,I,30,100,50,Low
iB_00808,TC005163,LGX,I,50,100,0,Low
iB_00809,TC005166,LGX,I,50,70,10,Low
iB_00810,TC005168,LGX,I,40,40,30,Low
iB_00811,TC005174,LGX,II,0,,0,Low
iB_00812,TC005175,LGX,I,20,100,30,Low
iB_00813,TC005178,LGX,I,0,100,50,Low
iB_00814,TC005181,LGX,II,10,,10,Low
iB_00815,TC034281,LG9,I,10,10,30,Low
iB_00816,TC005229,LG2,I,0,0,0,Low
iB_00817,TC005232,LG2,I,80,100,70,Low
iB_00818,TC005233,LG2,I,30,30,0,Low
iB_00819,TC032006,LG9,I,50,70,30,Low
iB_00821,TC005303,LG8,I,100,100,0,Yes
iB_00822,TC005305,LG8,I,70,100,90,Low
iB_00823,TC005308,LG8,I,100,100,90,Yes
iB_00824,TC005310,LG8,I,20,30,50,Low
iB_00825,TC005313,LG8,I,100,100,100,Yes
iB_00826,TC005316,LG8,I,20,100,0,Low
iB_00827,TC005319,LG8,I,0,87.5,30,Low
iB_00828,TC005322,LG8,I,30,100,0,Low
iB_00829,TC034198,LG8,I,0,0,0,Low
iB_00830,TC034193,LG8,I,10,30,0,Low
iB_00831,TC005339,LG8,I,20,40,10,Low
iB_00832,TC005345,LG8,I,40,90,0,Low
iB_00833,TC034188,LG8,I,20,30,0,Low
iB_00834,TC005357,LG8,I,50,70,0,Low
iB_00835,TC005367,LG8,I,10,10,0,Low
iB_00836,TC005369,LG8,I,0,0,70,Low
iB_00837,TC005372,LG8,I,10,20,0,Low
iB_00838,TC005375,LG8,I,10,10,40,Low
iB_00841,TC005384,LG8,I,30,30,10,Low
iB_00842,TC005385,LG8,II,30,,20,Low
iB_00843,TC005387,LG8,II,20,,0,Low
iB_00844,TC005388,LG8,I,20,20,30,Low
iB_00845,TC005392,LG8,I,60,100,90,Low
iB_00846,TC005399,LG8,I,40,50,10,Low
iB_00847,TC034178,LG8,I,10,30,30,Low
iB_00848,TC034176,LG8,I,10,10,70,Low
iB_00849,TC005405,LG8,I,50,100,100,Low
iB_00850,TC005406,LG8,I,0,0,10,Low
iB_00851,TC005408,LG8,I,0,0,10,Low
iB_00853,TC005420,LG8,I,10,10,30,Low
iB_00854,TC005421,LG8,II,40,,50,Low
iB_00855,TC005423,LG8,I,0,0,50,Low
iB_00856,TC005424,LG8,I,30,40,30,Low
iB_00857,TC005426,LG8,II,30,,0,Low
iB_00858,TC005431,LG8,II,10,,0,Low
iB_00859,TC005445,LG8,I,40,60,20,Low
iB_00860,TC005447,LG8,I,50,60,0,Low
iB_00861,TC005459,LG8,I,10,10,10,Low
iB_00862,TC005469,LG8,I,0,0,20,Low
iB_00863,TC005471,LG8,I,20,20,30,Low
iB_00864,TC005477,LG8,I,10,80,20,Low
iB_00865,TC005480,LG8,I,0,0,20,Low
iB_00867,TC005486,LG8,I,60,100,90,Low
iB_00868,TC005493,LG8,I,50,90,0,Low
iB_00869,TC005496,LG8,I,100,100,10,Yes
iB_00870,TC005505,LG8,I,30,80,10,Low
iB_00871,TC031287,LG8,I,30,30,20,Low
iB_00872,TC005515,LG8,I,30,30,40,Low
iB_00873,TC005516,LG8,I,90,100,90,High
iB_00874,TC005517,LG8,I,70,100,20,Low
iB_00875,TC005521,LG8,I,0,10,10,Low
iB_00877,TC005532,LG8,I,10,20,0,Low
iB_00880,TC005545,LG8,II,10,,10,Low
iB_00881,TC005546,LG8,I,100,100,10,Yes
iB_00883,TC005552,LG8,II,50,,50,Low
iB_00884,TC031285,LG8,I,10,10,50,Low
iB_00885,TC005562,LG8,I,30,40,50,Low
iB_00886,TC005565,LG8,I,20,90,20,Low
iB_00887,TC005572,LG8,I,0,0,50,Low
iB_00888,TC005576,LG8,I,0,0,0,Low
iB_00889,TC005582,LG8,I,0,0,20,Low
iB_00890,TC005583,LG8,I,0,10,10,Low
iB_00891,TC005584,LG8,II,80,,100,Low
iB_00892,TC005585,LG8,II,30,,90,Low
iB_00893,TC031284,LG8,I,0,0,30,Low
iB_00894,TC005593,LG8,I,30,100,0,Low
iB_00895,TC005595,LG8,I,50,90,10,Low
iB_00896,TC005596,LG8,II,60,,30,Low
iB_00899,TC005606,LG8,II,70,,10,Low
iB_00900,TC005612,LG8,II,50,,10,Low
iB_00901,TC005634,LG8,I,40,40,30,Low
iB_00902,TC005644,LG8,I,50,50,40,Low
iB_00903,TC005650,LG8,I,100,100,70,Yes
iB_00904,TC005658,LG8,I,10,30,10,Low
iB_00905,TC005667,LG8,II,40,,20,Low
iB_00906,TC005672,LG8,I,30,100,100,Low
iB_00907,TC005676,LG8,I,20,100,10,Low
iB_00908,TC005682,LG8,II,20,,0,Low
iB_00909,TC005697,LG8,I,80,80,10,Low
iB_00910,TC005702,LG8,I,30,50,20,Low
iB_00911,TC005718,LG8,I,30,40,30,Low
iB_00912,TC005722,LG8,I,50,100,30,Low
iB_00913,TC005723,LG8,I,30,100,30,Low
iB_00914,TC005725,LG8,I,80,100,20,Low
iB_00915,TC005727,LG8,I,50,70,10,Low
iB_00916,TC005736,LG8,II,60,,100,Low
iB_00917,TC005741,LG8,I,40,40,20,Low
iB_00920,TC005757,LG8,I,80,100,60,Low
iB_00921,TC005758,LG8,I,30,100,0,Low
iB_00922,TC005764,LG8,I,20,50,10,Low
iB_00923,TC005769,LG8,II,70,,10,Low
iB_00924,TC005770,LG8,I,20,40,30,Low
iB_00925,TC034834,LG8,I,30,70,100,Low
iB_00926,TC034053,LG8,I,0,10,0,Low
iB_00927,TC005780,LG8,I,30,40,10,Low
iB_00928,TC005782,LG8,II,90,,10,High
iB_00929,TC005792,LG8,I,100,100,90,Yes
iB_00930,TC005794,LG8,I,100,100,100,Yes
iB_00931,TC005795,LG8,I,10,10,10,Low
iB_00932,TC005801,LG8,II,50,,40,Low
iB_00934,TC005814,LG8,I,10,40,10,Low
iB_00935,TC005815,LG8,I,20,20,10,Low
iB_00936,TC005819,LG8,I,40,50,100,Low
iB_00937,TC005820,LG8,I,20,40,50,Low
iB_00938,TC005825,LG8,II,70,,50,Low
iB_00939,TC005830,LG8,II,100,,80,Yes
iB_00940,TC005835,LG8,II,30,,30,Low
iB_00941,TC005837,LG8,I,30,30,0,Low
iB_00942,TC005844,LG8,II,80,,90,Low
iB_00943,TC005845,LG8,II,20,,0,Low
iB_00944,TC005852,LG8,I,20,60,20,Low
iB_00945,TC005855,LG8,II,40,,30,Low
iB_00946,TC005858,LG8,II,100,,10,Yes
iB_00947,TC005861,LG8,I,30,30,0,Low
iB_00948,TC005864,LG8,II,20,,20,Low
iB_00949,TC005867,LG8,I,40,40,50,Low
iB_00950,TC005869,LG8,I,100,100,100,Yes
iB_00951,TC005877,LG8,I,40,70,30,Low
iB_00952,TC005880,LG8,I,20,100,70,Low
iB_00953,TC005889,LG8,II,60,,30,Low
iB_00954,TC005890,LG8,I,60,60,0,Low
iB_00955,TC005894,LG8,I,30,30,20,Low
iB_00956,TC005895,LG8,I,50,50,0,Low
iB_00957,TC005900,LG8,I,20,30,10,Low
iB_00958,TC005903,LG8,I,30,30,30,Low
iB_00959,TC005910,LG8,II,40,,0,Low
iB_00960,TC005921,LG8,I,30,50,0,Low
iB_00961,TC034001,LG8,I,30,100,100,Low
iB_00963,TC005928,LG8,I,40,100,10,Low
iB_00964,TC005930,LG8,I,100,100,30,Yes
iB_00965,TC005946,LG8,I,30,30,10,Low
iB_00966,TC005949,LG8,II,90,,10,High
iB_00967,TC005952,LG8,II,50,,20,Low
iB_00968,TC005961,LG8,I,25,37.5,10,Low
iB_00969,TC033980,LG8,I,70,100,40,Low
iB_00970,TC005981,LG8,II,50,,20,Low
iB_00971,TC005986,LG8,II,50,,20,Low
iB_00972,TC005987,LG8,I,60,100,30,Low
iB_00973,TC033978,LG8,I,100,100,77.78,Yes
iB_00974,TC005994,LG8,I,0,10,50,Low
iB_00975,TC006009,LG8,I,100,100,90,Yes
iB_00976,TC006014,LG8,I,40,60,30,Low
iB_00977,TC031270,LG8,I,30,100,60,Low
iB_00978,TC006024,LG8,II,60,,20,Low
iB_00979,TC006025,LG8,I,30,30,10,Low
iB_00980,TC006029,LG8,I,20,100,70,Low
iB_00981,TC033958,LG8,I,50,60,20,Low
iB_00982,TC006034,LG8,I,40,40,40,Low
iB_00983,TC006037,LG8,II,60,,10,Low
iB_00984,TC006041,LG8,I,40,70,40,Low
iB_00985,TC006047,LG8,I,90,100,100,High
iB_00986,TC006048,LG8,I,20,20,60,Low
iB_00987,TC006052,LG8,II,60,,0,Low
iB_00988,TC006055,LG8,II,30,,20,Low
iB_00989,TC006058,LG8,II,100,,30,Yes
iB_00990,TC006065,LG8,II,40,,20,Low
iB_00992,TC006094,LG8,I,20,100,10,Low
iB_00993,TC006100,LG8,I,30,40,0,Low
iB_00994,TC006102,LG8,I,20,100,10,Low
iB_00995,TC006104,LG8,II,80,,20,Low
iB_00996,TC006108,LG8,II,60,,50,Low
iB_00997,TC006109,LG8,II,30,,0,Low
iB_00998,TC006114,LG8,I,30,50,40,Low
iB_00999,TC006127,LG8,II,20,,0,Low
iB_01000,TC006138,LG8,I,10,10,20,Low
iB_01001,TC006139,LG8,I,50,80,50,Low
iB_01002,TC006147,LG8,I,0,100,70,Low
iB_01003,TC006152,LG8,I,20,83.33,0,Low
iB_01005,TC006160,LG8,I,10,10,10,Low
iB_01006,TC006163,LG8,I,30,85.71,30,Low
iB_01007,TC006180,LG8,I,0,10,10,Low
iB_01008,TC006181,LG8,I,11.11,22.22,20,Low
iB_01010,TC006189,LG8,II,40,,10,Low
iB_01011,TC006192,LG8,I,0,12.5,50,Low
iB_01012,TC006198,LG8,II,70,,30,Low
iB_01013,TC006203,LG8,II,20,,20,Low
iB_01014,TC033993,LG8,I,50,50,60,Low
iB_01015,TC006208,LG8,I,30,30,30,Low
iB_01016,TC006214,LG8,I,20,20,10,Low
iB_01017,TC006217,LG8,I,20,100,50,Low
iB_01018,TC006219,LG8,I,10,40,20,Low
iB_01019,TC006222,LG8,I,0,10,70,Low
iB_01020,TC006232,LG8,I,50,100,10,Low
iB_01021,TC006255,LG8,I,0,22.22,60,Low
iB_01022,TC006256,LG8,I,30,30,0,Low
iB_01023,TC006261,LG8,I,0,40,50,Low
iB_01024,TC006271,LG8,I,90,100,50,High
iB_01025,TC006276,LG8,I,20,40,40,Low
iB_01026,TC006281,LG8,I,90,90,100,High
iB_01027,TC034028,LG8,I,10,62.5,20,Low
iB_01028,TC006301,LG8,I,30,100,50,Low
iB_01029,TC006303,LG8,I,10,30,30,Low
iB_01030,TC034036,LG8,I,0,0,30,Low
iB_01031,TC006308,LG8,I,37.5,50,60,Low
iB_01032,TC034041,LG8,I,20,50,60,Low
iB_01033,TC006330,LG8,I,20,20,30,Low
iB_01034,TC034046,LG8,I,0,10,30,Low
iB_01035,TC006337,LG8,I,20,30,0,Low
iB_01036,TC006352,LG8,I,90,100,100,High
iB_01037,TC006354,LG8,I,10,10,20,Low
iB_01038,TC006355,LG8,I,40,40,40,Low
iB_01039,TC006361,LG8,I,40,70,50,Low
iB_01040,TC006370,LG8,II,20,,10,Low
iB_01041,TC006379,LG8,I,20,30,60,Low
iB_01042,TC006388,LG8,II,0,,10,Low
iB_01044,TC006408,LG8,I,10,20,0,Low
iB_01045,TC006410,LG8,II,10,,10,Low
iB_01047,TC006441,LG8,I,20,20,0,Low
iB_01048,TC006445,LG8,I,0,20,0,Low
iB_01049,TC034093,LG8,I,0,10,0,Low
iB_01050,TC034094,LG8,I,100,100,100,Yes
iB_01051,TC006460,LG8,I,30,30,40,Low
iB_01053,TC006474,LG8,I,30,100,80,Low
iB_01054,TC006488,LG8,II,0,,10,Low
iB_01055,TC006490,LG8,II,20,,0,Low
iB_01057,TC006517,LG8,I,30,40,60,Low
iB_01058,TC006530,LG8,I,50,70,20,Low
iB_01059,TC034118,LG8,I,80,100,100,Low
iB_01060,TC006553,LG8,I,11.11,44.44,10,Low
iB_01061,TC006554,LG8,I,10,30,20,Low
iB_01062,TC006555,LG8,I,20,30,40,Low
iB_01063,TC006568,LG8,II,0,,10,Low
iB_01065,TC006611,LG8,I,20,30,60,Low
iB_01066,TC034135,LG8,I,90,90,100,High
iB_01067,TC006614,LG8,I,90,100,30,High
iB_01068,TC006622,LG8,I,80,100,90,Low
iB_01069,TC006624,LG8,I,0,0,50,Low
iB_01070,TC006625,LG8,I,50,70,50,Low
iB_01071,TC006628,LG8,II,30,,0,Low
iB_01072,TC006631,LG8,I,10,20,40,Low
iB_01073,TC006652,LG8,I,0,10,30,Low
iB_01074,TC034155,LG8,I,30,30,40,Low
iB_01075,TC006662,LG8,I,10,20,30,Low
iB_01076,TC034160,LG8,I,10,20,30,Low
iB_01077,TC006673,LG8,I,30,50,60,Low
iB_01078,TC006685,LG8,I,30,100,60,Low
iB_01080,TC034167,LG8,II,20,,0,Low
iB_01081,TC006699,LG8,I,10,20,30,Low
iB_01082,TC006700,LG8,I,30,30,40,Low
iB_01083,TC006714,LG8,II,50,,50,Low
iB_01084,TC006730,LG8,I,11.11,22.22,70,Low
iB_01085,TC006736,LG8,I,0,0,20,Low
iB_01086,TC034177,LG8,II,40,,90,Low
iB_01087,TC006755,LG8,I,40,100,0,Low
iB_01088,TC006758,LG8,I,10,20,30,Low
iB_01089,TC006768,LG8,I,10,10,30,Low
iB_01090,TC006769,LG8,I,0,10,30,Low
iB_01091,TC006775,LG8,I,40,100,90,Low
iB_01093,TC006779,LG8,I,0,20,30,Low
iB_01094,TC034190,LG8,I,30,30,0,Low
iB_01097,TC006846,LGX,I,0,50,30,Low
iB_01106,TC007006,LG4,I,60,100,20,Low
iB_01107,TC007009,LG4,I,10,10,10,Low
iB_01108,TC007010,LG4,I,0,20,20,Low
iB_01109,TC007017,LG4,I,20,20,30,Low
iB_01111,TC007027,LG4,I,20,100,30,Low
iB_01112,TC032906,LG4,I,0,0,20,Low
iB_01113,TC007034,LG4,I,0,14.29,20,Low
iB_01114,TC007046,LG4,I,22.22,33.33,10,Low
iB_01115,TC034674,LG4,II,20,,0,Low
iB_01116,TC007056,LG4,II,0,,10,Low
iB_01117,TC007060,LG4,I,20,20,10,Low
iB_01118,TC032933,LG4,I,30,40,20,Low
iB_01119,TC007068,LG4,I,10,20,20,Low
iB_01120,TC032936,LG4,I,22.22,33.33,20,Low
iB_01121,TC007074,LG4,I,40,70,20,Low
iB_01123,TC007098,LG4,I,20,20,60,Low
iB_01124,TC007101,LG4,I,10,10,20,Low
iB_01125,TC007106,LG4,I,10,10,20,Low
iB_01127,TC007124,LG4,II,70,,100,Low
iB_01128,TC007125,LG4,I,10,20,0,Low
iB_01129,TC007135,LG4,I,10,10,10,Low
iB_01130,TC007136,LG4,I,20,20,0,Low
iB_01131,TC007146,LG4,I,30,80,0,Low
iB_01132,TC007152,LG4,I,0,0,0,Low
iB_01133,TC007155,LG4,I,11.11,11.11,30,Low
iB_01134,TC008313,LG4,II,20,,10,Low
iB_01135,TC007163,LG4,I,30,100,40,Low
iB_01136,TC007176,LG4,I,20,100,20,Low
iB_01137,TC007178,LG4,II,20,,0,Low
iB_01138,TC007182,LG4,I,20,20,30,Low
iB_01139,TC007186,LG4,II,0,,10,Low
iB_01140,TC007189,LG4,II,10,,10,Low
iB_01141,TC007193,LG4,II,10,,0,Low
iB_01142,TC007199,LG4,II,0,,100,Low
iB_01143,TC007204,LG4,II,30,,10,Low
iB_01144,TC007205,LG4,II,30,,10,Low
iB_01145,TC007209,LG4,I,30,40,20,Low
iB_01146,TC007210,LG4,I,10,10,40,Low
iB_01147,TC007213,LG4,I,87.5,100,50,Low
iB_01148,TC007214,LG4,II,10,,10,Low
iB_01149,TC007219,LG4,II,30,,10,Low
iB_01150,TC007221,LG4,II,40,,0,Low
iB_01151,TC007228,LG4,II,20,,20,Low
iB_01152,TC007229,LG4,II,40,,50,Low
iB_01156,TC007272,LG4,I,40,40,0,Low
iB_01159,TC032839,LG4,I,20,100,20,Low
iB_01160,TC007281,LG4,II,30,,0,Low
iB_01161,TC007295,LG4,I,20,50,50,Low
iB_01162,TC007297,LG4,II,50,,10,Low
iB_01163,TC007304,LG4,I,10,10,30,Low
iB_01164,TC007306,LG4,II,30,,0,Low
iB_01165,TC007315,LG4,I,0,0,30,Low
iB_01166,TC007324,LG4,I,100,100,90,Yes
iB_01167,TC007336,LG4,I,20,100,20,Low
iB_01168,TC007344,LG4,II,60,,10,Low
iB_01169,TC007349,LG4,II,20,,0,Low
iB_01171,TC007352,LG4,II,20,,0,Low
iB_01172,TC007358,LG4,I,33.33,80,40,Low
iB_01173,TC007359,LG4,I,10,100,40,Low
iB_01175,TC007364,LG4,I,90,100,70,High
iB_01178,TC007374,LG4,II,40,,0,Low
iB_01180,TC007403,LG4,I,30,100,30,Low
iB_01181,TC007406,LG4,I,88.89,100,60,Low
iB_01184,TC007422,LG4,I,70,100,100,Low
iB_01185,TC007423,LG4,I,10,100,40,Low
iB_01186,TC007431,LG4,I,0,0,20,Low
iB_01187,TC007434,LG4,I,20,62.5,10,Low
iB_01188,TC007435,LG4,I,40,100,30,Low
iB_01189,TC007439,LG4,I,10,10,0,Low
iB_01190,TC007443,LG4,I,30,40,40,Low
iB_01192,TC007447,LG4,I,0,0,10,Low
iB_01193,TC007450,LG4,I,10,20,20,Low
iB_01194,TC007452,LG4,I,0,100,10,Low
iB_01195,TC007458,LG4,I,10,10,40,Low
iB_01196,TC007466,LG4,I,100,100,60,Yes
iB_01197,TC007467,LG4,I,20,28.57,40,Low
iB_01198,TC007470,LG4,I,0,20,0,Low
iB_01199,TC032798,LG4,I,0,12.5,30,Low
iB_01200,TC007479,LG4,I,10,100,20,Low
iB_01201,TC007480,LG4,I,10,44.44,40,Low
iB_01203,TC007497,LG4,I,70,100,100,Low
iB_01204,TC007500,LG4,I,0,0,10,Low
iB_01205,TC032792,LG4,I,30,30,10,Low
iB_01206,TC007507,LG4,I,0,0,50,Low
iB_01207,TC007510,LG4,I,100,100,100,Yes
iB_01208,TC007511,LG4,II,20,,90,Low
iB_01209,TC007515,LG4,I,20,28.57,10,Low
iB_01210,TC032790,LG4,I,0,90,70,Low
iB_01211,TC007521,LG4,I,70,100,50,Low
iB_01212,TC007529,LG4,I,20,60,80,Low
iB_01213,TC007530,LG4,I,100,100,100,Yes
iB_01214,TC007531,LG4,I,0,0,10,Low
iB_01215,TC007535,LG4,I,90,100,80,High
iB_01216,TC007539,LG4,I,40,60,40,Low
iB_01217,TC004090,LG4,I,60,70,10,Low
iB_01218,TC007560,LG4,I,20,20,20,Low
iB_01219,TC007561,LG4,I,0,0,20,Low
iB_01220,TC007562,LG4,I,10,85.71,40,Low
iB_01221,TC007565,LG4,I,80,100,30,Low
iB_01222,TC031099,LG4,I,0,14.29,20,Low
iB_01223,TC007572,LG4,I,10,10,10,Low
iB_01224,TC007578,LG4,II,30,,50,Low
iB_01225,TC007586,LG4,I,50,90,40,Low
iB_01226,TC007589,LG4,I,80,100,10,Low
iB_01227,TC007593,LG4,I,30,50,20,Low
iB_01228,TC007603,LG4,I,30,40,10,Low
iB_01229,TC007619,LG4,I,20,30,20,Low
iB_01230,TC007626,LG4,I,10,30,40,Low
iB_01231,TC007628,LG4,I,40,40,20,Low
iB_01233,TC007640,LG4,I,90,100,100,High
iB_01234,TC007643,LG4,I,10,20,0,Low
iB_01235,TC007647,LG4,I,20,20,10,Low
iB_01236,TC007650,LG4,I,0,20,20,Low
iB_01237,TC007652,LG4,I,10,80,10,Low
iB_01238,TC007665,LG4,I,10,20,20,Low
iB_01240,TC007676,LG4,I,20,30,40,Low
iB_01241,TC007679,LG4,I,30,40,40,Low
iB_01242,TC007680,LG4,I,10,40,50,Low
iB_01243,TC007683,LG4,I,60,100,40,Low
iB_01244,TC007685,LG4,I,30,40,0,Low
iB_01245,TC007689,LG4,I,44.44,44.44,20,Low
iB_01246,TC007691,LG4,I,10,10,20,Low
iB_01248,TC007700,LG4,I,10,10,20,Low
iB_01249,TC007702,LG4,I,0,10,30,Low
iB_01250,TC007703,LG4,I,30,40,30,Low
iB_01251,TC031094,LG4,I,40,40,30,Low
iB_01252,TC007717,LG4,I,20,100,20,Low
iB_01253,TC007718,LG4,I,40,60,30,Low
iB_01254,TC007733,LG4,I,10,10,10,Low
iB_01256,TC007745,LG4,I,70,100,40,Low
iB_01257,TC007749,LG4,I,50,100,30,Low
iB_01258,TC007750,LG4,I,20,40,10,Low
iB_01259,TC007759,LG4,I,20,30,10,Low
iB_01261,TC007775,LG4,I,10,20,20,Low
iB_01262,TC007776,LG4,I,0,0,0,Low
iB_01263,TC007789,LG4,I,10,10,30,Low
iB_01264,TC007790,LG4,I,20,20,40,Low
iB_01266,TC007806,LG4,I,11.11,77.78,10,Low
iB_01267,TC032738,LG4,I,10,30,30,Low
iB_01268,TC007809,LG4,I,50,60,10,Low
iB_01269,TC007805,LG4,I,10,10,20,Low
iB_01270,TC007831,LG4,II,30,,0,Low
iB_01271,TC007846,LG4,I,100,100,100,Yes
iB_01272,TC007849,LG4,I,40,40,0,Low
iB_01273,TC007850,LG4,I,50,90,30,Low
iB_01274,TC007858,LG4,I,20,20,30,Low
iB_01276,TC007868,LG4,I,0,90,60,Low
iB_01277,TC007869,LG4,I,30,40,20,Low
iB_01278,TC007882,LG4,I,30,30,20,Low
iB_01279,TC032761,LG4,I,10,10,20,Low
iB_01280,TC007891,LG4,I,100,100,100,Yes
iB_01281,TC007896,LG4,I,0,0,10,Low
iB_01282,TC007904,LG4,I,20,20,10,Low
iB_01283,TC007911,LG4,I,0,0,10,Low
iB_01284,TC007927,LG4,I,0,100,30,Low
iB_01285,TC007929,LG4,I,33.33,33.33,30,Low
iB_01286,TC007931,LG4,I,30,50,20,Low
iB_01287,TC007936,LG4,I,25,25,0,Low
iB_01288,TC007940,LG4,I,10,10,20,Low
iB_01289,TC007948,LG4,I,20,30,40,Low
iB_01290,TC007957,LG4,I,20,20,10,Low
iB_01291,TC007958,LG4,I,40,40,20,Low
iB_01292,TC007959,LG4,I,60,60,20,Low
iB_01293,TC032786,LG4,I,30,30,20,Low
iB_01294,TC007964,LG4,I,100,100,90,Yes
iB_01295,TC007969,LG4,I,10,30,10,Low
iB_01296,TC007979,LG4,I,20,40,20,Low
iB_01297,TC007982,LG4,I,50,60,30,Low
iB_01298,TC007989,LG4,I,100,100,100,Yes
iB_01299,TC007993,LG4,I,90,100,100,High
iB_01300,TC007995,LG4,I,0,20,30,Low
iB_01301,TC008005,LG4,II,30,,50,Low
iB_01302,TC008012,LG4,I,0,10,10,Low
iB_01303,TC008019,LG4,I,0,40,20,Low
iB_01305,TC032801,LG4,II,10,,10,Low
iB_01306,TC008043,LG4,I,0,40,10,Low
iB_01307,TC008058,LG4,I,100,100,30,Yes
iB_01308,TC008077,LG4,I,50,100,30,Low
iB_01309,TC008107,LG4,I,33.33,33.33,40,Low
iB_01310,TC008118,LG4,II,50,,20,Low
iB_01311,TC008121,LG4,I,20,100,100,Low
iB_01313,TC008172,LG4,I,0,0,20,Low
iB_01314,TC031105,LG4,I,0,30,0,Low
iB_01315,TC008186,LG4,I,0,60,10,Low
iB_01316,TC008197,LG4,I,10,10,0,Low
iB_01317,TC008201,LG4,I,20,80,30,Low
iB_01318,TC008212,LG4,I,90,100,40,High
iB_01319,TC008216,LG4,I,25,25,20,Low
iB_01320,TC008221,LG4,I,10,20,20,Low
iB_01321,TC008223,LG4,I,100,100,70,Yes
iB_01324,TC008241,LG4,I,70,80,30,Low
iB_01325,TC008242,LG4,I,20,20,0,Low
iB_01326,TC008246,LG4,I,10,40,10,Low
iB_01327,TC008247,LG4,I,30,30,0,Low
iB_01328,TC008256,LG4,I,50,100,20,Low
iB_01329,TC008271,LG4,I,70,100,40,Low
iB_01330,TC008276,LG4,I,30,40,10,Low
iB_01331,TC032873,LG4,I,50,100,20,Low
iB_01334,TC008301,LG4,I,20,20,10,Low
iB_01335,TC008308,LG4,I,30,60,60,Low
iB_01336,TC008329,LG4,I,11.11,22.22,30,Low
iB_01337,TC008338,LG4,I,30,50,20,Low
iB_01338,TC008343,LG4,I,30,30,0,Low
iB_01341,TC032897,LG4,I,10,10,10,Low
iB_01342,TC008372,LG4,I,100,100,90,Yes
iB_01343,TC008390,LG4,I,10,100,50,Low
iB_01344,TC032944,LG4,I,30,50,20,Low
iB_01345,TC008403,LG4,I,50,100,70,Low
iB_01346,TC008406,LG4,I,40,100,10,Low
iB_01347,TC008407,LG4,I,100,100,100,Yes
iB_01349,TC008415,LG4,I,20,100,10,Low
iB_01350,TC032940,LG4,I,20,40,10,Low
iB_01351,TC008454,LG4,I,30,30,40,Low
iB_01352,TC008465,LG4,I,10,20,10,Low
iB_01353,TC008473,LG4,I,30,30,0,Low
iB_01354,TC032912,LG4,I,0,10,20,Low
iB_01355,TC008478,LG4,I,50,100,10,Low
iB_01357,TC008484,LG4,I,20,30,40,Low
iB_01359,TC008507,LG4,I,30,100,40,Low
iB_01360,TC008511,LG4,I,37.5,37.5,10,Low
iB_01361,TC008514,LG4,I,40,70,20,Low
iB_01365,TC032355,LG3,I,100,100,40,Yes
iB_01366,TC008569,LG2,I,20,30,0,Low
iB_01368,TC031216,LG7,I,20,30,0,Low
iB_01369,TC008603,LG7,I,40,60,10,Low
iB_01370,TC034816,LG7,I,100,100,100,Yes
iB_01371,TC008606,LG7,I,30,100,20,Low
iB_01372,TC033883,LG7,I,40,50,20,Low
iB_01373,TC008615,LG7,I,10,20,10,Low
iB_01374,TC008616,LG7,I,80,100,70,Low
iB_01375,TC008617,LG7,I,100,100,100,Yes
iB_01376,TC008638,LG7,I,20,30,30,Low
iB_01377,TC008640,LG7,I,40,40,10,Low
iB_01378,TC008644,LG7,I,100,100,0,Yes
iB_01379,TC008646,LG7,I,10,50,30,Low
iB_01380,TC008649,LG7,I,50,60,10,Low
iB_01381,TC008653,LG7,II,50,,0,Low
iB_01382,TC033856,LG7,I,40,50,20,Low
iB_01383,TC008665,LG7,II,100,,100,Yes
iB_01384,TC008666,LG7,I,10,10,20,Low
iB_01385,TC008671,LG7,I,90,100,100,High
iB_01386,TC008673,LG7,I,40,50,60,Low
iB_01387,TC008675,LG7,I,20,20,0,Low
iB_01388,TC008684,LG7,I,0,10,10,Low
iB_01389,TC008685,LG7,I,10,40,0,Low
iB_01390,TC008686,LG7,I,0,0,0,Low
iB_01391,TC008692,LG7,I,20,30,10,Low
iB_01392,TC008697,LG7,I,20,20,0,Low
iB_01393,TC008700,LG7,I,20,20,20,Low
iB_01394,TC008704,LG7,I,100,100,0,Yes
iB_01395,TC033864,LG7,I,40,40,10,Low
iB_01396,TC008712,LG7,I,20,30,10,Low
iB_01397,TC008714,LG7,I,20,30,10,Low
iB_01398,TC008717,LG7,I,10,70,0,Low
iB_01400,TC033870,LG7,II,10,,10,Low
iB_01401,TC008726,LG7,II/III,30,,,Low
iB_01403,TC008729,LG7,II/III,10,,,Low
iB_01405,TC008742,LG7,II/III,30,,,Low
iB_01406,TC008754,LG7,I,0,30,20,Low
iB_01407,TC008755,LG7,I,30,30,0,Low
iB_01408,TC008760,LG7,I,0,20,0,Low
iB_01409,TC008761,LG7,I,10,10,30,Low
iB_01412,TC008773,LG7,II,40,,30,Low
iB_01413,TC008777,LG7,II,20,,0,Low
iB_01414,TC008781,LG7,II,10,,0,Low
iB_01415,TC008785,LG7,II,10,,0,Low
iB_01416,TC008801,LG7,II/III,90,,,High
iB_01417,TC008802,LG7,II/III,70,,,Low
iB_01418,TC008803,LG7,I,10,10,60,Low
iB_01419,TC008807,LG7,I,10,30,40,Low
iB_01420,TC008808,LG7,I,10,20,20,Low
iB_01421,TC008821,LG7,I,0,10,0,Low
iB_01422,TC008825,LG7,I,0,0,0,Low
iB_01424,TC008833,LG7,II/III,100,,,Yes
iB_01425,TC008834,LG7,I,20,30,0,Low
iB_01427,TC008849,LG7,I,10,10,20,Low
iB_01428,TC008860,LG7,I,100,100,30,Yes
iB_01429,TC008869,LG7,I,10,100,10,Low
iB_01430,TC008872,LG7,I,0,20,10,Low
iB_01431,TC008874,LG7,I,100,100,100,Yes
iB_01432,TC008880,LG7,I,20,20,0,Low
iB_01433,TC008895,LG7,I,10,10,10,Low
iB_01434,TC008899,LG7,I,10,30,20,Low
iB_01435,TC008901,LG7,I,30,50,10,Low
iB_01436,TC008917,LG7,I,20,30,20,Low
iB_01437,TC008925,LG7,I,30,30,0,Low
iB_01438,TC008927,LG7,I,10,10,30,Low
iB_01439,TC008930,LG7,I,20,20,10,Low
iB_01440,TC008936,LG7,I,30,100,10,Low
iB_01441,TC033742,LG7,I,10,20,20,Low
iB_01442,TC008952,LG7,II,80,,20,Low
iB_01443,TC008954,LG7,I,100,100,10,Yes
iB_01444,TC008955,LG7,I,10,30,40,Low
iB_01445,TC008957,LG7,I,10,10,0,Low
iB_01446,TC008961,LG7,I,20,30,40,Low
iB_01447,TC008963,LG7,I,20,30,30,Low
iB_01448,TC008970,LG7,II,50,,10,Low
iB_01449,TC008971,LG7,I,0,10,10,Low
iB_01450,TC008973,LG7,I,60,100,0,Low
iB_01451,TC008986,LG7,II,50,,30,Low
iB_01452,TC008992,LG7,I,20,80,10,Low
iB_01453,TC008997,LG7,I,80,100,20,Low
iB_01454,TC009001,LG7,I,10,20,40,Low
iB_01456,TC009010,LG7,I,100,100,100,Yes
iB_01457,TC009011,LG7,I,20,60,60,Low
iB_01458,TC009012,LG7,II,20,,10,Low
iB_01459,TC009023,LG7,I,20,100,30,Low
iB_01460,TC009028,LG7,I,80,90,100,Low
iB_01461,TC009035,LG7,I,40,100,10,Low
iB_01462,TC009038,LG7,I,100,100,0,Yes
iB_01463,TC009042,LG7,I,0,0,20,Low
iB_01464,TC009048,LG7,I,10,20,0,Low
iB_01465,TC009052,LG7,I,10,20,0,Low
iB_01466,TC009054,LG7,I,10,10,0,Low
iB_01467,TC033679,LG7,I,100,100,100,Yes
iB_01468,TC009086,LG7,I,10,20,0,Low
iB_01469,TC009090,LG7,I,20,20,20,Low
iB_01470,TC009106,LG7,I,30,70,10,Low
iB_01471,TC009108,LG7,II,70,,100,Low
iB_01472,TC009109,LG7,II,20,,0,Low
iB_01473,TC009111,LG7,I,20,70,0,Low
iB_01474,TC009113,LG7,I,30,40,0,Low
iB_01475,TC009114,LG7,II,20,,60,Low
iB_01476,TC009118,LG7,I,30,50,20,Low
iB_01477,TC033631,LG7,I,20,30,10,Low
iB_01478,TC009140,LG7,I,20,30,0,Low
iB_01479,TC009145,LG7,I,20,60,10,Low
iB_01480,TC031189,LG7,II,40,,10,Low
iB_01481,TC009157,LG7,I,20,40,30,Low
iB_01482,TC009158,LG7,II,100,,90,Yes
iB_01483,TC009159,LG7,I,10,90,0,Low
iB_01484,TC009163,LG7,I,100,100,70,Yes
iB_01485,TC009166,LG7,I,20,20,22.22,Low
iB_01486,TC009643,LG7,II/III,40,,,Low
iB_01487,TC009172,LG7,I,100,100,80,Yes
iB_01488,TC009174,LG7,II/III,100,,,Yes
iB_01490,TC009177,LG7,I,20,20,10,Low
iB_01491,TC009182,LG7,I,0,20,10,Low
iB_01492,TC009183,LG7,I,10,50,10,Low
iB_01493,TC009191,LG7,I,100,100,100,Yes
iB_01494,TC009196,LG7,I,0,10,0,Low
iB_01496,TC009203,LG7,II/III,20,,,Low
iB_01497,TC009205,LG7,II,30,,60,Low
iB_01498,TC009207,LG7,II,20,,10,Low
iB_01499,TC009208,LG7,II,40,,0,Low
iB_01500,TC033580,LG7,II,0,,10,Low
iB_01501,TC009214,LG7,II,100,,60,Yes
iB_01502,TC033581,LG7,I,0,20,0,Low
iB_01503,TC034768,LG7,I,0,0,0,Low
iB_01504,TC009220,LG7,I,100,100,30,Yes
iB_01505,TC033576,LG7,I,40,100,0,Low
iB_01506,TC033576,LG7,I,20,40,10,Low
iB_01507,TC034764,LG7,I,20,50,10,Low
iB_01509,TC009232,LG7,II/III,10,,,Low
iB_01511,TC009235,LG7,II/III,0,,,Low
iB_01512,TC009236,LG7,II,10,,10,Low
iB_01513,TC009240,LG7,II,10,,0,Low
iB_01514,TC009245,LG7,II,30,,20,Low
iB_01515,TC009257,LG7,I,30,100,10,Low
iB_01516,TC009259,LG7,I,0,40,20,Low
iB_01517,TC009262,LG7,I,70,90,20,Low
iB_01518,TC009268,LG7,I,100,100,30,Yes
iB_01519,TC009284,LG7,I,30,30,20,Low
iB_01520,TC009286,LG7,II,10,,0,Low
iB_01521,TC033558,LG7,I,0,20,0,Low
iB_01522,TC009289,LG7,II,10,,10,Low
iB_01523,TC009293,LG7,II/III,50,,,Low
iB_01524,TC009299,LG7,I,10,100,0,Low
iB_01526,TC009315,LG7,I,30,70,50,Low
iB_01527,TC009321,LG7,I,10,10,20,Low
iB_01528,TC009328,LG7,I,100,100,100,Yes
iB_01529,TC009331,LG7,I,20,20,30,Low
iB_01530,TC009337,LG7,I,20,100,50,Low
iB_01531,TC009342,LG7,I,100,100,100,Yes
iB_01532,TC009343,LG7,I,0,0,30,Low
iB_01533,TC009347,LG7,I,0,0,20,Low
iB_01534,TC009349,LG7,I,10,20,0,Low
iB_01536,TC009354,LG7,I,50,100,80,Low
iB_01537,TC033529,LG7,I,100,100,100,Yes
iB_01538,TC009362,LG7,II/III,20,,,Low
iB_01539,TC009365,LG7,I,100,100,10,Yes
iB_01540,TC009371,LG7,I,0,0,20,Low
iB_01541,TC009374,LG7,I,30,30,10,Low
iB_01542,TC009381,LG7,I,0,10,10,Low
iB_01543,TC009382,LG7,I,0,0,10,Low
iB_01544,TC009389,LG7,I,80,100,20,Low
iB_01546,TC009394,LG7,II/III,20,,,Low
iB_01548,TC009426,LG7,II,10,,10,Low
iB_01549,TC009427,LG7,I,30,100,80,Low
iB_01550,TC009430,LG7,I,70,100,30,Low
iB_01551,TC009431,LG7,I,30,30,20,Low
iB_01552,TC009438,LG7,I,100,100,70,Yes
iB_01553,TC009440,LG7,I,50,50,30,Low
iB_01554,TC009441,LG7,I,20,20,10,Low
iB_01555,TC009447,LG7,II,10,,0,Low
iB_01556,TC009450,LG7,I,20,30,0,Low
iB_01557,TC009457,LG7,I,10,10,10,Low
iB_01559,TC009462,LG7,I,30,30,30,Low
iB_01560,TC009472,LG7,I,10,90,50,Low
iB_01561,TC009486,LG7,II,30,,0,Low
iB_01562,TC009491,LG7,I,100,100,100,Yes
iB_01563,TC009494,LG7,I,0,0,40,Low
iB_01564,TC009495,LG7,II,0,,10,Low
iB_01565,TC009502,LG7,I,0,0,0,Low
iB_01566,TC009503,LG7,I,0,10,20,Low
iB_01567,TC009506,LG7,II,20,,0,Low
iB_01568,TC009511,LG7,I,0,10,0,Low
iB_01569,TC009514,LG7,I,0,0,40,Low
iB_01570,TC009532,LG7,II/III,0,,,Low
iB_01571,TC009538,LG7,I,100,100,100,Yes
iB_01572,TC009541,LG7,II/III,10,,,Low
iB_01573,TC009546,LG7,I,10,10,10,Low
iB_01574,TC009549,LG7,I,0,0,10,Low
iB_01575,TC009550,LG7,II/III,10,,,Low
iB_01576,TC009555,LG7,I,50,100,80,Low
iB_01577,TC009557,LG7,I,50,60,20,Low
iB_01578,TC009559,LG7,I,10,10,30,Low
iB_01579,TC009561,LG7,II,50,,50,Low
iB_01580,TC009580,LG7,I,20,20,10,Low
iB_01581,TC009584,LG7,I,0,10,10,Low
iB_01582,TC034766,LG7,I,100,100,100,Yes
iB_01583,TC034769,LG7,I,30,30,20,Low
iB_01584,TC009623,LG7,I,0,10,10,Low
iB_01585,TC009626,LG7,I,20,20,0,Low
iB_01586,TC009632,LG7,I,10,20,0,Low
iB_01587,TC009633,LG7,I,10,20,0,Low
iB_01588,TC033596,LG7,I,0,0,0,Low
iB_01589,TC009644,LG7,II,20,,0,Low
iB_01590,TC009645,LG7,I,30,30,10,Low
iB_01591,TC009648,LG7,II,0,,10,Low
iB_01592,TC009651,LG7,I,30,30,20,Low
iB_01594,TC009660,LG7,I,90,100,70,High
iB_01595,TC009661,LG7,II,10,,0,Low
iB_01598,TC009690,LG7,II,20,,30,Low
iB_01601,TC009725,LG7,I,0,40,10,Low
iB_01602,TC009744,LG7,I,20,60,30,Low
iB_01603,TC009746,LG7,II/III,10,,,Low
iB_01605,TC009766,LG7,II/III,40,,,Low
iB_01606,TC034790,LG7,I,30,30,10,Low
iB_01607,TC009770,LG7,I,30,30,50,Low
iB_01608,TC009773,LG7,I,20,20,30,Low
iB_01609,TC009775,LG7,II/III,40,,,Low
iB_01610,TC004254,LG7,I,100,100,100,Yes
iB_01611,TC009802,LG7,II,30,,20,Low
iB_01612,TC009808,LG7,II,40,,20,Low
iB_01613,TC009813,LG7,I,40,40,30,Low
iB_01614,TC009816,LG7,I,20,100,20,Low
iB_01615,TC009820,LG7,I,10,90,0,Low
iB_01617,TC009844,LG7,I,0,0,20,Low
iB_01618,TC009846,LG7,I,20,100,80,Low
iB_01620,TC033720,LG7,I,100,100,20,Yes
iB_01622,TC009874,LG7,I,30,30,0,Low
iB_01624,TC009895,LG7,II,30,,0,Low
iB_01625,TC009901,LG7,I,30,40,30,Low
iB_01626,TC008933,LG7,I,20,20,0,Low
iB_01627,TC009914,LG7,I,10,20,20,Low
iB_01628,TC009916,LG7,I,20,40,10,Low
iB_01633,TC009937,LG7,II,30,,0,Low
iB_01634,TC009954,LG7,II,20,,50,Low
iB_01635,TC033768,LG7,I,10,40,40,Low
iB_01636,TC009968,LG7,I,70,100,80,Low
iB_01637,TC009975,LG7,I,30,30,20,Low
iB_01638,TC009977,LG7,I,10,30,10,Low
iB_01639,TC009984,LG7,I,100,100,100,Yes
iB_01640,TC010003,LG7,I,100,100,100,Yes
iB_01643,TC010029,LG7,I,90,100,100,High
iB_01644,TC034798,LG7,I,0,0,20,Low
iB_01645,TC033816,LG7,I,60,100,100,Low
iB_01646,TC033822,LG7,I,30,50,0,Low
iB_01648,TC010098,LG7,I,10,50,10,Low
iB_01649,TC010101,LG7,I,10,10,20,Low
iB_01650,TC010109,LG7,I,10,20,0,Low
iB_01651,TC010119,LG7,II,20,,30,Low
iB_01652,TC010123,LG7,I,100,100,100,Yes
iB_01653,TC010125,LG7,I,20,30,10,Low
iB_01655,TC010160,LG7,I,30,30,20,Low
iB_01656,TC033846,LG7,I,20,20,10,Low
iB_01657,TC010194,LG7,I,30,100,80,Low
iB_01658,TC010202,LG7,I,10,10,20,Low
iB_01659,TC010231,LG2,I,20,80,0,Low
iB_01662,TC010260,LG3,I,10,30,30,Low
iB_01666,TC010322,LG3,I,100,100,70,Yes
iB_01668,TC010331,LG3,I,100,100,100,Yes
iB_01669,TC010336,LG3,I,40,100,30,Low
iB_01671,TC032586,LG3,I,30,30,10,Low
iB_01672,TC010353,LG3,I,20,30,30,Low
iB_01675,TC010367,LG3,I,100,100,100,Yes
iB_01677,TC010373,LG3,I,50,50,0,Low
iB_01678,TC032596,LG3,I,0,40,0,Low
iB_01679,TC010394,LG5,I,10,70,10,Low
iB_01680,TC010395,LG5,I,0,50,10,Low
iB_01681,TC010401,LG5,II,20,,0,Low
iB_01682,TC010405,LG5,I,100,100,100,Yes
iB_01683,TC010408,LG5,I,30,30,20,Low
iB_01684,TC010410,LG5,I,0,62.5,0,Low
iB_01685,TC010417,LG5,I,20,30,0,Low
iB_01686,TC010419,LG5,I,10,80,20,Low
iB_01687,TC010423,LG5,I,40,80,20,Low
iB_01688,TC010426,LG5,II,100,,80,Yes
iB_01689,TC010433,LG5,I,0,40,30,Low
iB_01690,TC010434,LG5,I,10,30,0,Low
iB_01691,TC010437,LG5,I,90,100,40,High
iB_01692,TC010442,LG5,II,100,,100,Yes
iB_01693,TC010443,LG5,I,10,60,0,Low
iB_01694,TC010450,LG5,I,50,60,0,Low
iB_01695,TC010452,LG5,I,60,100,0,Low
iB_01696,TC010453,LG5,II/III,10,,,Low
iB_01697,TC033105,LG5,I,20,30,40,Low
iB_01701,TC010489,LG3,I,60,100,0,Low
iB_01702,TC010491,LG3,I,0,0,40,Low
iB_01703,TC010495,LG3,I,0,0,10,Low
iB_01704,TC010519,LG3,I,100,100,90,Yes
iB_01705,TC010540,LG3,I,40,100,0,Low
iB_01706,TC010545,LG3,I,10,60,50,Low
iB_01707,TC032522,LG3,I,10,100,20,Low
iB_01708,TC010548,LG3,I,30,60,0,Low
iB_01709,TC010557,LG3,I,100,100,100,Yes
iB_01713,TC010588,LG7,II,20,,20,Low
iB_01714,TC010591,LG7,I,0,0,30,Low
iB_01715,TC010593,LG7,I,10,30,10,Low
iB_01716,TC010594,LG7,I,30,50,20,Low
iB_01718,TC010637,LG9,I,20,100,50,Low
iB_01719,TC010640,LG9,I,10,20,0,Low
iB_01720,TC010645,LG9,I,10,80,30,Low
iB_01721,TC010647,LG9,I,30,50,10,Low
iB_01722,TC010657,LG9,I,10,100,0,Low
iB_01723,TC010659,LG9,I,30,100,20,Low
iB_01725,TC010758,LGX,I,50,100,20,Low
iB_01726,TC010759,LGX,I,70,100,0,Low
iB_01727,TC010761,LGX,I,30,30,40,Low
iB_01728,TC010766,LGX,I,70,100,30,Low
iB_01729,TC010768,LGX,I,10,20,20,Low
iB_01730,TC010772,LGX,I,100,100,80,Yes
iB_01731,TC010774,LGX,I,70,100,80,Low
iB_01732,TC010778,LGX,I,40,90,10,Low
iB_01733,TC010784,LGX,I,100,100,60,Yes
iB_01734,TC010796,LGX,II/III,30,,,Low
iB_01735,TC010798,LGX,I,70,100,30,Low
iB_01736,TC010804,LGX,I,50,80,20,Low
iB_01737,TC010807,LGX,I,10,70,20,Low
iB_01738,TC010817,LGX,I,10,30,10,Low
iB_01739,TC010820,LGX,I,50,70,20,Low
iB_01740,TC010825,LGX,I,100,100,80,Yes
iB_01741,TC010829,LGX,I,0,30,30,Low
iB_01742,TC010831,LGX,I,10,100,20,Low
iB_01743,TC010837,LGX,I,10,40,30,Low
iB_01744,TC010839,LGX,II,30,,20,Low
iB_01745,TC010847,LGX,I,80,90,10,Low
iB_01746,TC010849,LGX,I,0,0,0,Low
iB_01747,TC010851,LGX,I,20,30,40,Low
iB_01748,TC010852,LGX,I,0,100,10,Low
iB_01749,TC010855,LGX,I,30,60,20,Low
iB_01750,TC010858,LGX,I,10,10,30,Low
iB_01751,TC010863,LGX,I,0,20,20,Low
iB_01752,TC010864,LGX,II,80,,60,Low
iB_01753,TC010869,LGX,I,10,30,20,Low
iB_01754,TC010870,LGX,I,30,50,10,Low
iB_01755,TC010879,LGX,I,20,20,0,Low
iB_01756,TC010885,LGX,I,20,30,10,Low
iB_01757,TC010894,LG5,I,20,50,20,Low
iB_01758,TC010901,LG5,II,20,,0,Low
iB_01759,TC010904,LG5,I,30,70,20,Low
iB_01760,TC010910,LG5,I,10,60,20,Low
iB_01761,TC010912,LG5,I,0,20,20,Low
iB_01762,TC010914,LG5,I,20,90,10,Low
iB_01763,TC010917,LG5,I,40,50,30,Low
iB_01764,TC010919,LG5,I,10,10,0,Low
iB_01765,TC010934,LG5,I,60,70,30,Low
iB_01766,TC010938,LG5,I,50,90,0,Low
iB_01767,TC010947,LG5,I,60,90,20,Low
iB_01768,TC010951,LG5,II,20,,0,Low
iB_01769,TC010959,LG5,II,30,,0,Low
iB_01770,TC010977,LG9,I,60,100,30,Low
iB_01771,TC010990,LG9,I,20,90,0,Low
iB_01772,TC010993,LG9,I,10,10,20,Low
iB_01775,TC011003,LG10,I,20,30,0,Low
iB_01776,TC011012,LG10,I,50,100,0,Low
iB_01777,TC031441,LG10,I,30,90,100,Low
iB_01778,TC011022,LG10,I,90,100,80,High
iB_01781,TC011029,LG10,II,40,,0,Low
iB_01782,TC011031,LG10,II/III,10,,,Low
iB_01783,TC031432,LG10,I,50,70,0,Low
iB_01785,TC011038,LG10,I,40,100,90,Low
iB_01786,TC011040,LG10,I,10,30,30,Low
iB_01787,TC011043,LG10,I,70,100,10,Low
iB_01788,TC011049,LG10,I,40,80,30,Low
iB_01789,TC011050,LG10,II/III,30,,,Low
iB_01790,TC011051,LG10,II/III,10,,,Low
iB_01791,TC011052,LG10,I,0,100,30,Low
iB_01792,TC011057,LG10,I,10,10,30,Low
iB_01793,TC011058,LG10,I,100,100,100,Yes
iB_01794,TC011059,LG10,I,50,60,10,Low
iB_01795,TC011064,LG10,II,10,,30,Low
iB_01796,TC011068,LG10,I,100,100,100,Yes
iB_01797,TC034906,LG10,I,10,10,30,Low
iB_01798,TC011075,LG10,I,0,10,30,Low
iB_01808,TC011125,LG10,I,0,0,30,Low
iB_01809,TC011128,LG10,I,0,0,10,Low
iB_01810,TC031382,LG10,I,0,70,10,Low
iB_01811,TC011135,LG10,I,10,10,20,Low
iB_01812,TC011142,LG10,I,100,100,60,Yes
iB_01813,TC011150,LG10,I,100,100,40,Yes
iB_01814,TC011159,LG10,I,40,90,50,Low
iB_01815,TC011160,LG10,I,80,100,10,Low
iB_01816,TC011165,LG10,I,30,50,40,Low
iB_01817,TC011171,LG10,I,0,0,0,Low
iB_01818,TC011176,LG10,I,10,100,0,Low
iB_01819,TC011177,LG10,I,30,40,20,Low
iB_01820,TC011182,LG10,I,100,100,100,Yes
iB_01821,TC011185,LG10,I,10,20,10,Low
iB_01822,TC034615,LG3,I,10,80,20,Low
iB_01823,TC011200,LG3,I,90,100,70,High
iB_01824,TC011204,LG10,I,100,100,90,Yes
iB_01825,TC011205,LG10,I,10,10,40,Low
iB_01826,TC011208,LG10,I,30,30,40,Low
iB_01827,TC011211,LG10,I,20,20,20,Low
iB_01829,TC011240,LG10,I,0,0,30,Low
iB_01830,TC031326,LG10,I,90,100,20,High
iB_01831,TC011249,LG10,II,60,,70,Low
iB_01832,TC011254,LG10,II,20,,0,Low
iB_01833,TC011256,LG10,I,40,40,0,Low
iB_01834,TC011260,LG10,I,20,20,30,Low
iB_01835,TC011262,LG10,I,0,0,10,Low
iB_01836,TC011281,LG10,I,10,10,60,Low
iB_01837,TC011295,LG3,I,0,0,40,Low
iB_01838,TC031362,LG3,I,0,0,40,Low
iB_01839,TC031364,LG3,I,80,100,10,Low
iB_01840,TC011321,LG10,I,10,100,20,Low
iB_01841,TC011326,LG10,I,80,100,0,Low
iB_01842,TC011343,LG10,I,100,100,80,Yes
iB_01843,TC011344,LG10,I,30,30,0,Low
iB_01849,TC011405,LG10,I,10,10,40,Low
iB_01850,TC011428,LG10,I,20,20,60,Low
iB_01851,TC011433,LG10,II/III,40,,,Low
iB_01852,TC011468,LG10,I,30,40,40,Low
iB_01853,TC011472,LG10,I,20,20,10,Low
iB_01855,TC011507,LG3,I,0,10,0,Low
iB_01856,TC011508,LG3,I,30,80,0,Low
iB_01857,TC031473,LG3,I,100,100,100,Yes
iB_01858,TC011518,LG3,I,90,100,70,High
iB_01859,TC011519,LG3,I,20,100,10,Low
iB_01860,TC011522,LG3,I,90,100,30,High
iB_01861,TC011527,LG3,I,70,90,30,Low
iB_01862,TC011529,LG3,I,11.11,11.11,50,Low
iB_01863,TC011535,LG3,I,0,0,20,Low
iB_01864,TC011549,LG3,I,70,100,80,Low
iB_01865,TC011552,LG3,I,0,100,10,Low
iB_01867,TC011601,LG9,I,20,30,10,Low
iB_01868,TC031254,LG9,I,0,100,0,Low
iB_01871,TC011641,LG9,I,0,10,10,Low
iB_01872,TC011645,LG9,I,100,100,100,Yes
iB_01873,TC011654,LG9,I,0,0,30,Low
iB_01874,TC011666,LG9,I,10,16.67,20,Low
iB_01875,TC011687,LG9,I,30,30,40,Low
iB_01876,TC011695,LG9,I,20,20,30,Low
iB_01877,TC011703,LG9,II,30,,30,Low
iB_01879,TC011708,LG9,I,100,100,100,Yes
iB_01880,TC011710,LG9,I,10,10,30,Low
iB_01881,TC011712,LG9,I,60,70,10,Low
iB_01882,TC011717,LG9,I,100,100,100,Yes
iB_01883,TC011718,LG9,I,20,20,10,Low
iB_01884,TC011725,LG9,I,100,100,90,Yes
iB_01885,TC011730,LG9,I,60,100,60,Low
iB_01886,TC011751,LG9,I,10,16.67,40,Low
iB_01887,TC034439,LG9,I,50,50,30,Low
iB_01888,TC011795,LG9,II,50,,20,Low
iB_01889,TC011801,LG9,II,30,,10,Low
iB_01890,TC011808,LG9,I,20,40,10,Low
iB_01891,TC011816,LG9,I,70,80,40,Low
iB_01892,TC011820,LG9,II,100,,100,Yes
iB_01893,TC011829,LG9,II,50,,60,Low
iB_01894,TC034426,LG9,I,0,0,40,Low
iB_01895,TC034423,LG9,I,20,20,30,Low
iB_01896,TC011857,LG9,I,10,10,30,Low
iB_01897,TC011866,LG9,II/III,30,,,Low
iB_01898,TC034414,LG9,I,20,25,60,Low
iB_01899,TC011877,LG9,II,40,,30,Low
iB_01900,TC011889,LG9,II/III,10,,,Low
iB_01901,TC011895,LG9,I,0,0,50,Low
iB_01902,TC011911,LG9,I,0,10,70,Low
iB_01903,TC011920,LG9,I,50,100,70,Low
iB_01905,TC031246,LG9,II,30,,10,Low
iB_01906,TC011939,LG9,I,70,100,50,Low
iB_01907,TC011942,LG9,I,0,0,50,Low
iB_01908,TC011953,LG9,I,10,100,10,Low
iB_01909,TC031243,LG9,I,20,30,10,Low
iB_01910,TC011969,LG9,I,0,0,50,Low
iB_01911,TC011980,LG9,II,20,,30,Low
iB_01912,TC011982,LG9,I,40,40,60,Low
iB_01913,TC011991,LG9,I,0,42.86,40,Low
iB_01914,TC034357,LG9,I,0,0,50,Low
iB_01915,TC034874,LG9,I,10,20,30,Low
iB_01916,TC034347,LG9,I,10,10,40,Low
iB_01918,TC012028,LG9,I,22.22,57.14,60,Low
iB_01919,TC031237,LG9,II,70,,30,Low
iB_01920,TC012034,LG9,I,30,30,20,Low
iB_01921,TC012053,LG9,I,10,10,30,Low
iB_01922,TC012058,LG9,I,100,100,90,Yes
iB_01923,TC034323,LG9,I,0,0,20,Low
iB_01924,TC031235,LG9,I,10,11.11,20,Low
iB_01925,TC012071,LG9,I,0,0,0,Low
iB_01926,TC012073,LG9,I,0,0,10,Low
iB_01928,TC034315,LG9,I,20,20,40,Low
iB_01929,TC012120,LG9,I,0,10,50,Low
iB_01930,TC012126,LG9,I,0,10,30,Low
iB_01931,TC012134,LG9,I,10,10,20,Low
iB_01932,TC012153,LG9,I,0,10,60,Low
iB_01933,TC012154,LG9,I,50,50,40,Low
iB_01934,TC031229,LG9,I,0,10,30,Low
iB_01935,TC012161,LG9,II,10,,50,Low
iB_01936,TC012167,LG9,II,30,,20,Low
iB_01937,TC012168,LG9,II,70,,30,Low
iB_01938,TC012169,LG9,I,0,0,30,Low
iB_01939,TC012176,LG9,II,20,,40,Low
iB_01940,TC012177,LG9,I,0,0,10,Low
iB_01941,TC012178,LG9,I,0,0,20,Low
iB_01942,TC012184,LG9,II,70,,70,Low
iB_01943,TC012185,LG9,II,40,,50,Low
iB_01944,TC012191,LG9,II,10,,0,Low
iB_01945,TC012192,LG9,I,60,100,60,Low
iB_01946,TC012193,LG9,I,10,10,60,Low
iB_01947,TC012207,LG9,I,20,30,40,Low
iB_01948,TC012209,LG9,II,20,,40,Low
iB_01949,TC034228,LG9,II,70,,10,Low
iB_01950,TC012218,LG9,II,100,,20,Yes
iB_01951,TC012219,LG9,I,0,0,40,Low
iB_01952,TC012222,LG9,II,70,,0,Low
iB_01957,TC012251,LG9,II,20,,20,Low
iB_01958,TC032528,LG9,II,0,,30,Low
iB_01959,TC012271,LG9,I,10,20,50,Low
iB_01960,TC012280,LG9,I,0,0,50,Low
iB_01961,TC034242,LG9,I,0,0,20,Low
iB_01962,TC012290,LG9,I,10,10,40,Low
iB_01963,TC012298,LG9,II,40,,0,Low
iB_01964,TC012299,LG9,II,50,,40,Low
iB_01965,TC012303,LG9,I,100,100,90,Yes
iB_01966,TC012323,LG9,II/III,70,,,Low
iB_01967,TC012342,LG9,I,10,20,60,Low
iB_01968,TC034303,LG9,I,20,20,20,Low
iB_01969,TC034308,LG9,II/III,60,,,Low
iB_01970,TC012364,LG9,II/III,10,,,Low
iB_01972,TC012373,LG9,I,20,20,50,Low
iB_01973,TC012376,LG9,I,40,100,50,Low
iB_01974,TC034313,LG9,I,0,11.11,50,Low
iB_01975,TC012387,LG9,II,70,,20,Low
iB_01976,TC012406,LG9,I,30,30,30,Low
iB_01977,TC034332,LG9,I,70,100,60,Low
iB_01978,TC012434,LG9,II,100,,30,Yes
iB_01979,TC031236,LG9,II,100,,10,Yes
iB_01980,TC012453,LG9,I,100,100,70,Yes
iB_01981,TC012458,LG9,I,10,20,0,Low
iB_01982,TC012466,LG9,I,0,0,30,Low
iB_01983,TC012481,LG9,I,10,10,20,Low
iB_01985,TC012512,LG9,I,0,0,30,Low
iB_01986,TC031245,LG9,II,30,,80,Low
iB_01987,TC012519,LG9,II,20,,60,Low
iB_01988,TC012540,LG9,II,90,,40,High
iB_02017,TC034448,LG9,I,22.22,50,20,Low
iB_02024,TC012869,LG9,II,60,,30,Low
iB_02043,TC013032,LG5,I,20,20,20,Low
iB_02051,TC031159,LG5,II,70,,0,Low
iB_02058,TC013074,LG5,I,0,0,20,Low
iB_02083,TC013187,LG5,I,0,100,40,Low
iB_02113,TC013340,LG5,I,100,100,40,Yes
iB_02114,TC013341,LG5,I,0,0,50,Low
iB_02120,TC013369,LG5,I,20,30,30,Low
iB_02140,TC013477,LG5,I,90,100,70,High
iB_02148,TC013506,LG5,I,0,0,60,Low
iB_02155,TC013546,LG5,I,10,10,30,Low
iB_02156,TC013550,LG5,II,30,,40,Low
iB_02158,TC013565,LGX,I,0,0,20,Low
iB_02161,TC013571,LGX,I,100,100,100,Yes
iB_02180,TC013668,LG5,II,20,,20,Low
iB_02183,TC013683,LG5,I,70,100,70,Low
iB_02184,TC013686,LG5,I,10,10,20,Low
iB_02185,TC013690,LG5,I,100,100,30,Yes
iB_02186,TC013692,LG5,I,100,100,100,Yes
iB_02187,TC013697,LG5,I,20,20,30,Low
iB_02188,TC013701,LG5,I,10,10,20,Low
iB_02189,TC013707,LG5,I,0,10,10,Low
iB_02190,TC013709,LG5,I,0,30,30,Low
iB_02192,TC013719,LG5,I,10,10,30,Low
iB_02193,TC013727,LG5,I,20,100,20,Low
iB_02194,TC013737,LG5,I,10,10,50,Low
iB_02195,TC013738,LG5,I,100,100,20,Yes
iB_02196,TC013743,LG5,I,10,20,40,Low
iB_02197,TC013747,LG5,I,0,0,30,Low
iB_02198,TC013754,LG5,I,100,100,60,Yes
iB_02199,TC013758,LG5,I,20,20,30,Low
iB_02200,TC013765,LG5,I,10,10,0,Low
iB_02201,TC034685,LG5,I,30,60,0,Low
iB_02202,TC013767,LG5,I,0,0,30,Low
iB_02203,TC013780,LG5,I,0,0,30,Low
iB_02204,TC013782,LG5,I,100,100,90,Yes
iB_02205,TC013784,LG5,I,10,10,40,Low
iB_02206,TC013791,LG5,I,20,44.44,30,Low
iB_02207,TC033042,LG5,I,50,50,0,Low
iB_02208,TC013799,LG5,I,44.44,44.44,50,Low
iB_02209,TC013803,LG5,I,30,100,10,Low
iB_02210,TC013805,LG5,I,10,20,20,Low
iB_02211,TC013835,LG5,I,0,100,50,Low
iB_02212,TC013861,LG5,I,10,10,50,Low
iB_02213,TC013862,LG5,I,0,10,30,Low
iB_02214,TC013875,LG5,I,0,10,0,Low
iB_02215,TC013876,LG5,I,50,100,80,Low
iB_02216,TC013877,LG5,I,10,20,50,Low
iB_02217,TC013878,LG5,II/III,50,,,Low
iB_02218,TC013882,LG5,I,100,100,10,Yes
iB_02219,TC013884,LG5,I,10,10,11.11,Low
iB_02220,TC013891,LG5,I,20,88.89,30,Low
iB_02221,TC013893,LG5,I,10,30,30,Low
iB_02222,TC013894,LG5,II,40,,10,Low
iB_02223,TC013895,LG5,I,100,100,50,Yes
iB_02224,TC013905,LG5,I,20,20,10,Low
iB_02225,TC013907,LG5,I,0,12.5,30,Low
iB_02226,TC013911,LG5,I,100,100,20,Yes
iB_02227,TC013923,LG5,I,80,100,20,Low
iB_02228,TC013924,LG5,I,10,10,40,Low
iB_02229,TC013927,LG5,I,100,100,60,Yes
iB_02230,TC013946,LG5,I,10,40,40,Low
iB_02231,TC033028,LG5,I,10,10,50,Low
iB_02232,TC013838,LG5,II,40,,30,Low
iB_02233,TC013984,LG5,II,30,,20,Low
iB_02234,TC013993,LG5,II,30,,10,Low
iB_02235,TC014008,LG5,II,50,,0,Low
iB_02236,TC033049,LG5,II,60,,10,Low
iB_02237,TC014023,LG5,II,50,,100,Low
iB_02238,TC014026,LG5,I,30,77.78,40,Low
iB_02239,TC014039,LG5,I,20,20,10,Low
iB_02240,TC014055,LG5,I,70,100,30,Low
iB_02241,TC034689,LG5,I,10,40,40,Low
iB_02242,TC014078,LG5,I,40,50,40,Low
iB_02243,TC014082,LG5,I,0,0,50,Low
iB_02244,TC014092,LG5,I,20,20,20,Low
iB_02245,TC014095,LG5,I,10,10,40,Low
iB_02246,TC014097,LG5,II,20,,0,Low
iB_02247,TC014100,LG5,II,100,,30,Yes
iB_02248,TC014101,LG5,I,100,100,50,Yes
iB_02249,TC014113,LG5,I,100,100,80,Yes
iB_02250,TC014119,LG5,I,100,100,40,Yes
iB_02251,TC014124,LG5,I,40,40,0,Low
iB_02252,TC014125,LG5,I,0,0,10,Low
iB_02253,TC014127,LG5,I,10,10,20,Low
iB_02254,TC014143,LG5,I,0,0,30,Low
iB_02255,TC014163,LG5,I,20,20,30,Low
iB_02256,TC014168,LG5,I,20,20,30,Low
iB_02257,TC014179,LG5,I,0,0,40,Low
iB_02258,TC014202,LG5,I,100,100,50,Yes
iB_02259,TC014203,LG5,I,20,20,40,Low
iB_02260,TC014207,LG5,I,100,100,30,Yes
iB_02261,TC014220,LG5,I,0,0,10,Low
iB_02262,TC014225,LG5,I,20,20,10,Low
iB_02263,TC014228,LG5,I,10,20,40,Low
iB_02264,TC014246,LG5,I,10,10,0,Low
iB_02265,TC014250,LG5,I,10,10,30,Low
iB_02266,TC014266,LG5,I,60,100,30,Low
iB_02267,TC014272,LG5,I,70,100,60,Low
iB_02268,TC014275,LG5,I,22.22,100,30,Low
iB_02269,TC014277,LG5,II,40,,20,Low
iB_02270,TC033115,LG5,I,50,60,20,Low
iB_02271,TC014288,LG5,I,10,10,40,Low
iB_02272,TC014291,LG5,I,30,30,30,Low
iB_02273,TC014292,LG5,I,0,0,10,Low
iB_02274,TC014317,LG5,I,20,20,40,Low
iB_02275,TC014335,LG5,I,50,100,10,Low
iB_02276,TC013452,LG5,I,40,100,20,Low
iB_02278,TC014350,LG5,I,80,100,70,Low
iB_02279,TC014368,LG5,II,10,,0,Low
iB_02280,TC014376,LG5,I,0,0,30,Low
iB_02281,TC014378,LG5,I,20,30,0,Low
iB_02282,TC014386,LG5,II,50,,20,Low
iB_02283,TC014389,LG5,I,10,50,50,Low
iB_02284,TC014403,LG5,I,30,40,10,Low
iB_02286,TC014441,LG5,I,40,50,40,Low
iB_02287,TC014453,LG5,I,80,100,50,Low
iB_02288,TC014465,LG5,I,11.11,100,20,Low
iB_02289,TC014471,LG5,I,20,40,50,Low
iB_02290,TC014478,LG5,II,40,,11.11,Low
iB_02291,TC014483,LG5,II,90,,70,High
iB_02292,TC014494,LG5,I,10,10,40,Low
iB_02293,TC014505,LG5,I,40,50,20,Low
iB_02294,TC014506,LG5,I,70,100,90,Low
iB_02295,TC034783,LG5,I,50,100,40,Low
iB_02296,TC014514,LG5,I,80,100,70,Low
iB_02297,TC014520,LG5,I,10,50,20,Low
iB_02298,TC014536,LG5,I,30,50,20,Low
iB_02299,TC014539,LG5,I,30,60,40,Low
iB_02300,TC014543,LG5,I,30,100,60,Low
iB_02301,TC014544,LG5,I,20,20,30,Low
iB_02302,TC014559,LG5,I,40,44.44,50,Low
iB_02304,TC014580,LG5,I,20,20,30,Low
iB_02305,TC033195,LG5,I,20,50,30,Low
iB_02306,TC034702,LG5,I,0,10,40,Low
iB_02307,TC014596,LG5,I,40,70,20,Low
iB_02308,TC014601,LG5,I,66.67,100,70,Low
iB_02309,TC014602,LG5,I,30,30,30,Low
iB_02310,TC014606,LG5,II,90,,100,High
iB_02311,TC014607,LG5,I,90,100,40,High
iB_02312,TC014613,LG5,I,10,40,40,Low
iB_02313,TC014621,LG5,I,10,30,20,Low
iB_02314,TC034705,LG5,I,10,20,10,Low
iB_02315,TC014633,LG5,I,40,40,10,Low
iB_02316,TC014635,LG5,I,10,20,20,Low
iB_02317,TC014637,LG5,II/III,20,,,Low
iB_02319,TC033211,LG5,II/III,30,,,Low
iB_02320,TC014663,LG5,I,40,40,30,Low
iB_02321,TC014672,LG5,I,70,100,100,Low
iB_02323,TC014693,LG5,II,30,,0,Low
iB_02324,TC014700,LG5,I,12.5,25,40,Low
iB_02325,TC014704,LG5,II,40,,40,Low
iB_02326,TC014708,LG5,I,20,50,50,Low
iB_02327,TC014710,LG5,I,20,20,10,Low
iB_02328,TC014715,LG5,I,0,0,30,Low
iB_02329,TC033247,LG5,I,10,20,20,Low
iB_02330,TC014752,LG5,I,70,80,20,Low
iB_02331,TC014767,LG5,II,70,,40,Low
iB_02332,TC031161,LG5,I,20,20,70,Low
iB_02333,TC014784,LG5,II,70,,20,Low
iB_02334,TC014798,LG5,I,10,83.33,30,Low
iB_02335,TC014809,LG5,I,80,100,40,Low
iB_02336,TC014815,LG5,I,10,50,70,Low
iB_02338,TC014835,LG6,I,30,40,40,Low
iB_02339,TC014857,LG6,I,100,100,30,Yes
iB_02340,TC014861,LG6,I,10,10,40,Low
iB_02341,TC034748,LG6,II,50,,10,Low
iB_02342,TC014879,LG6,II,40,,0,Low
iB_02343,TC014882,LG6,I,70,100,40,Low
iB_02344,TC014893,LG6,I,40,100,30,Low
iB_02345,TC014900,LG6,II/III,10,,,Low
iB_02346,TC014903,LG6,II/III,20,,,Low
iB_02347,TC014904,LG6,II,20,,40,Low
iB_02348,TC014909,LG6,I,0,50,40,Low
iB_02349,TC014910,LG6,I,20,20,30,Low
iB_02350,TC014911,LG6,I,10,10,30,Low
iB_02351,TC014917,LG6,I,20,20,40,Low
iB_02352,TC033447,LG6,I,10,10,20,Low
iB_02353,TC033445,LG6,I,20,100,40,Low
iB_02354,TC014929,LG6,I,11.11,44.44,10,Low
iB_02355,TC033444,LG6,I,0,30,20,Low
iB_02356,TC014936,LG6,II,10,,10,Low
iB_02357,TC014940,LG6,II,50,,0,Low
iB_02358,TC014942,LG6,II,70,,40,Low
iB_02359,TC033435,LG6,I,22.22,33.33,60,Low
iB_02360,TC014950,LG6,I,50,50,60,Low
iB_02361,TC014951,LG6,I,10,10,40,Low
iB_02362,TC014952,LG6,I,75,100,0,Low
iB_02363,TC014953,LG6,I,20,20,60,Low
iB_02364,TC014954,LG6,I,60,100,30,Low
iB_02365,TC014957,LG6,II,20,,0,Low
iB_02366,TC014966,LG6,II,50,,0,Low
iB_02367,TC014967,LG6,I,20,30,30,Low
iB_02368,TC014971,LG6,I,0,30,20,Low
iB_02369,TC014980,LG6,I,60,80,70,Low
iB_02370,TC014984,LG6,I,30,37.5,0,Low
iB_02371,TC014986,LG6,I,90,100,20,High
iB_02372,TC014987,LG6,II,40,,100,Low
iB_02374,TC014998,LG6,II,20,,20,Low
iB_02375,TC033419,LG6,II,20,,10,Low
iB_02376,TC033421,LG6,I,0,10,40,Low
iB_02377,TC015014,LG6,I,100,100,100,Yes
iB_02378,TC015022,LG6,I,75,87.5,100,Low
iB_02379,TC015024,LG6,II,50,,30,Low
iB_02380,TC015036,LG6,I,0,20,30,Low
iB_02381,TC015040,LG6,I,0,0,30,Low
iB_02382,TC033415,LG6,I,80,100,70,Low
iB_02383,TC015050,LG6,I,50,100,40,Low
iB_02384,TC015051,LG6,I,100,100,50,Yes
iB_02385,TC015052,LG6,I,40,40,40,Low
iB_02386,TC015054,LG6,II,10,,30,Low
iB_02387,TC015057,LG6,II,20,,20,Low
iB_02388,TC015060,LG6,I,20,50,10,Low
iB_02389,TC015063,LG6,I,40,50,30,Low
iB_02390,TC015066,LG6,I,10,10,10,Low
iB_02391,TC015068,LG6,I,20,40,20,Low
iB_02392,TC015070,LG6,I,0,30,0,Low
iB_02393,TC015071,LG6,I,100,100,20,Yes
iB_02394,TC033410,LG6,I,0,0,30,Low
iB_02395,TC015079,LG6,I,10,10,20,Low
iB_02396,TC015080,LG6,I,10,10,20,Low
iB_02397,TC015082,LG6,I,60,100,100,Low
iB_02398,TC015091,LG6,I,10,20,30,Low
iB_02399,TC015093,LG6,II,40,,20,Low
iB_02400,TC015094,LG6,I,20,20,60,Low
iB_02401,TC015095,LG6,I,12.5,12.5,20,Low
iB_02402,TC015096,LG6,I,90,100,50,High
iB_02403,TC015099,LG6,I,20,30,20,Low
iB_02404,TC015100,LG6,I,0,0,30,Low
iB_02405,TC015102,LG6,I,0,0,10,Low
iB_02406,TC015110,LG6,I,10,10,40,Low
iB_02407,TC015114,LG6,I,30,30,10,Low
iB_02408,TC034734,LG6,I,10,10,10,Low
iB_02409,TC015124,LG6,I,50,50,20,Low
iB_02410,TC015130,LG6,I,60,60,20,Low
iB_02411,TC015134,LG6,II,40,,20,Low
iB_02412,TC015135,LG6,I,70,90,20,Low
iB_02413,TC015141,LG6,I,20,80,10,Low
iB_02414,TC034732,LG6,I,30,80,20,Low
iB_02415,TC015161,LG6,I,12.5,37.5,30,Low
iB_02416,TC015165,LG6,I,30,40,20,Low
iB_02417,TC015168,LG6,I,10,100,30,Low
iB_02418,TC015170,LG6,I,10,10,40,Low
iB_02419,TC015175,LG6,I,20,30,10,Low
iB_02420,TC015179,LG6,I,0,0,20,Low
iB_02421,TC015182,LG6,I,0,0,0,Low
iB_02422,TC015184,LG6,I,20,20,30,Low
iB_02423,TC015188,LG6,I,10,30,50,Low
iB_02424,TC015189,LG6,I,25,50,20,Low
iB_02425,TC015191,LG6,I,40,70,50,Low
iB_02426,TC015194,LG6,I,30,40,10,Low
iB_02427,TC015199,LG6,I,40,100,90,Low
iB_02428,TC015203,LG6,I,20,22.22,20,Low
iB_02429,TC015211,LG6,I,20,20,40,Low
iB_02430,TC034722,LG6,I,20,30,20,Low
iB_02431,TC015217,LG6,I,70,100,40,Low
iB_02432,TC015218,LG8,I,10,20,30,Low
iB_02433,TC015220,LG8,I,20,30,20,Low
iB_02434,TC015222,LG8,I,10,10,10,Low
iB_02435,TC015224,LG8,I,10,20,30,Low
iB_02436,TC015229,LG8,I,0,30,50,Low
iB_02437,TC015230,LG8,I,30,60,30,Low
iB_02438,TC015240,LG8,I,10,40,60,Low
iB_02439,TC015245,LG8,I,90,100,30,High
iB_02441,TC015256,LG8,I,50,50,40,Low
iB_02442,TC015257,LG8,I,30,30,20,Low
iB_02443,TC033339,LG8,I,30,30,30,Low
iB_02444,TC030896,LG6,I,10,20,20,Low
iB_02445,TC015284,LG6,I,0,0,30,Low
iB_02446,TC033333,LG6,I,10,10,30,Low
iB_02447,TC015301,LG6,I,0,0,30,Low
iB_02448,TC015310,LG6,I,100,100,50,Yes
iB_02449,TC033317,LG6,I,0,33.33,40,Low
iB_02450,TC015313,LG6,I,30,30,30,Low
iB_02451,TC015315,LG6,I,20,30,10,Low
iB_02452,TC015316,LG6,I,10,30,50,Low
iB_02453,TC015317,LG6,I,30,30,30,Low
iB_02454,TC015318,LG6,I,30,30,60,Low
iB_02455,TC015320,LG6,I,20,20,30,Low
iB_02456,TC015321,LG6,I,100,100,100,Yes
iB_02457,TC015322,LG6,I,100,100,100,Yes
iB_02458,TC015323,LG6,I,20,20,40,Low
iB_02459,TC015324,LG6,I,11.11,20,30,Low
iB_02460,TC015325,LG6,I,20,20,10,Low
iB_02462,TC015333,LG6,I,40,60,20,Low
iB_02463,TC033309,LG6,II,50,,10,Low
iB_02464,TC015337,LG6,I,30,60,40,Low
iB_02465,TC015341,LG6,I,10,10,10,Low
iB_02466,TC015344,LG6,I,20,20,10,Low
iB_02467,TC015347,LG6,I,30,40,40,Low
iB_02468,TC033299,LG6,II,20,,20,Low
iB_02469,TC015365,LG6,I,10,10,10,Low
iB_02471,TC015379,LG6,I,20,20,20,Low
iB_02472,TC015386,LG6,I,20,20,30,Low
iB_02473,TC015403,LG6,I,20,20,20,Low
iB_02476,TC015430,LG6,I,10,10,30,Low
iB_02477,TC033326,LG6,I,40,40,60,Low
iB_02479,TC034842,LG6,I,10,10,40,Low
iB_02480,TC015453,LG6,I,90,100,60,High
iB_02481,TC004179,LG6,I,50,100,30,Low
iB_02482,TC015462,LG6,I,20,20,10,Low
iB_02483,TC015467,LG6,I,0,10,20,Low
iB_02484,TC015510,LG6,I,40,80,70,Low
iB_02485,TC015513,LG6,I,20,30,30,Low
iB_02486,TC015524,LG6,I,20,83.33,30,Low
iB_02487,TC015533,LG6,I,10,30,10,Low
iB_02490,TC015557,LG6,I,10,10,30,Low
iB_02491,TC015566,LG6,I,20,60,20,Low
iB_02492,TC015567,LG6,I,11.11,22.22,20,Low
iB_02493,TC034734,LG6,I,10,20,30,Low
iB_02495,TC015584,LG6,I,60,100,70,Low
iB_02496,TC015591,LG6,I,20,20,50,Low
iB_02497,TC015594,LG6,I,50,60,20,Low
iB_02498,TC015622,LG6,I,10,100,40,Low
iB_02499,TC015632,LG6,I,44.44,100,50,Low
iB_02500,TC033413,LG6,I,10,11.11,40,Low
iB_02501,TC015651,LG6,I,10,10,40,Low
iB_02502,TC015659,LG6,I,100,100,70,Yes
iB_02503,TC015663,LG6,I,20,20,50,Low
iB_02504,TC015670,LG6,I,0,40,40,Low
iB_02505,TC015675,LG6,I,60,100,30,Low
iB_02507,TC015702,LG6,I,30,40,30,Low
iB_02508,TC015723,LG6,I,22.22,66.67,50,Low
iB_02509,TC015727,LG6,I,100,100,100,Yes
iB_02510,TC015740,LG6,I,40,75,0,Low
iB_02512,TC015781,LG6,I,60,100,40,Low
iB_02513,TC015785,LG6,I,50,100,30,Low
iB_02514,TC015801,LG6,I,10,10,50,Low
iB_02515,TC014906,LG6,I,50,80,40,Low
iB_02516,TC015811,LG6,I,30,90,40,Low
iB_02517,TC030914,LG6,I,80,100,50,Low
iB_02518,TC015819,LG6,I,100,100,80,Yes
iB_02519,TC015823,LG6,I,20,20,20,Low
iB_02520,TC015835,LG6,I,0,0,0,Low
iB_02521,TC015842,LG6,I,0,0,30,Low
iB_02523,TC015891,LG7,I,20,50,50,Low
iB_02524,TC015893,LG7,I,30,30,0,Low
iB_02525,TC033609,LG7,I,33.33,44.44,30,Low
iB_02526,TC015912,LG7,I,0,10,20,Low
iB_02527,TC015913,LG7,I,10,10,20,Low
iB_02529,TC034777,LG7,I,70,100,20,Low
iB_02530,TC015923,LG7,I,10,20,30,Low
iB_02531,TC015935,LG7,I,100,100,100,Yes
iB_02533,TC015947,LG7,I,20,20,10,Low
iB_02534,TC015948,LG7,I,60,100,40,Low
iB_02535,TC015952,LG7,I,0,0,10,Low
iB_02536,TC015893,LG7,I,30,100,40,Low
iB_02539,TC015979,LG8,I,10,10,20,Low
iB_02540,TC015981,LG8,I,33.33,37.5,30,Low
iB_02541,TC015986,LG8,I,10,100,20,Low
iB_02542,TC015993,LG8,I,80,100,20,Low
iB_02547,TC016055,LGX,I,10,10,20,Low
iB_02548,TC031492,LGX,I,0,100,10,Low
iB_02550,TC031338,LG10,I,10,10,40,Low
iB_02553,TC031972,LG2,I,100,100,100,Yes
iB_02554,TC016197,LG10,I,30,30,10,Low
iB_02555,TC016198,LG10,I,20,20,30,Low
iB_02556,TC031430,LG10,I,70,100,40,Low
iB_02557,TC016216,LG10,I,20,20,30,Low
iB_02558,TC031427,LG10,I,10,10,40,Low
iB_02560,TC016224,LG10,I,30,40,20,Low
iB_02561,TC016226,LG10,I,80,100,40,Low
iB_02564,TC016259,LG9,I,0,0,50,Low
iB_02565,TC016274,LG9,I,0,0,70,Low
iB_02567,TC016287,LG9,I,20,20,20,Low
iB_02570,TC016306,LG5,I,100,100,40,Yes
iB_02571,TC016315,LG5,I,70,100,90,Low
iB_02572,TC016318,LG5,I,10,20,10,Low
iB_02573,TC016323,LG5,I,10,100,40,Low
iB_02574,TC000998,LG2,I,80,100,60,Low
iB_02577,TC016344,LG7,I,40,40,20,Low
iB_02578,TC016349,LG7,I,0,10,0,Low
iB_02579,TC016350,LG7,I,0,0,30,Low
iB_02580,TC016358,LG7,I,20,30,10,Low
iB_02581,TC016367,LG7,I,30,30,30,Low
iB_02582,TC016377,LG7,I,0,10,20,Low
iB_02584,TC030051,LG8,I,10,20,60,Low
iB_02585,TC032126,LG2,I,10,10,30,Low
iB_02586,TC031004,LG2,I,0,0,30,Low
iB_02587,TC030076,LGX,I,20,20,70,Low
iB_02588,TC034740,LG6,I,0,100,30,Low
iB_02589,TC030574,LG5,I,10,20,20,Low
iB_02590,TC030576,LG5,I,0,10,40,Low
iB_02591,TC030577,LG5,I,10,22.22,50,Low
iB_02592,TC030578,LG10,I,20,40,20,Low
iB_02593,TC030579,LG10,I,100,100,100,Yes
iB_02594,TC032117,LG2,I,10,20,0,Low
iB_02595,TC030607,LG5,I,40,50,50,Low
iB_02596,TC030613,LG6,I,80,100,100,Low
iB_02598,TC030618,LG8,I,10,10,50,Low
iB_02599,TC030621,LG5,I,40,100,40,Low
iB_02600,TC030624,LG5,I,90,100,40,High
iB_02601,TC030625,LG7,I,100,100,100,Yes
iB_02602,TC030629,LG5,I,0,0,40,Low
iB_02603,TC030632,LG9,II,40,,20,Low
iB_02604,TC030636,LG7,I,20,20,20,Low
iB_02605,TC033813,LG7,I,40,40,30,Low
iB_02606,TC030605,LG3,I,10,20,10,Low
iB_02607,TC030640,LG4,I,10,10,30,Low
iB_02608,TC030641,LG6,I,10,30,30,Low
iB_02609,TC030649,LG7,I,30,30,10,Low
iB_02610,TC030659,LG3,I,0,0,0,Low
iB_02611,TC030666,LG6,I,100,100,90,Yes
iB_02612,TC030667,LG3,I,70,100,90,Low
iB_02613,TC030686,LGX,I,10,20,40,Low
iB_02614,TC030696,LG3,I,20,20,60,Low
iB_02615,TC032828,LG4,I,0,10,40,Low
iB_02616,TC030712,LG7,I,0,10,30,Low
iB_02617,TC030714,LG4,I,70,100,20,Low
iB_02618,TC030725,LG8,I,100,100,20,Yes
iB_02619,TC033077,LG5,I,20,30,30,Low
iB_02620,TC030739,LG5,I,10,20,40,Low
iB_02621,TC030755,LG7,I,20,40,10,Low
iB_02622,TC030766,LG6,I,0,10,20,Low
iB_02623,TC030769,LG7,I,0,10,60,Low
iB_02624,TC030782,LG7,I,0,10,30,Low
iB_02625,TC011255,LG10,I,40,60,30,Low
iB_02626,TC031339,LG10,I,20,30,10,Low
iB_02627,TC011288,LG10,I,0,0,30,Low
iB_02628,TC034900,LG10,I,10,11.11,50,Low
iB_02629,TC011294,LG3,I,0,10,50,Low
iB_02630,TC011317,LG10,I,20,20,30,Low
iB_02631,TC031367,LG10,I,100,100,30,Yes
iB_02632,TC031376,LG10,I,30,40,20,Low
iB_02636,TC011073,LG10,I,20,20,50,Low
iB_02637,TC011069,LG10,I,30,30,20,Low
iB_02638,TC016227,LG10,I,22.22,22.22,20,Low
iB_02639,TC016231,LG10,I,20,100,20,Low
iB_02640,TC031414,LG10,II,30,,20,Low
iB_02641,TC004396,LG10,I,20,20,40,Low
iB_02642,TC000773,LG2,I,30,30,20,Low
iB_02643,TC000797,LG2,I,20,20,20,Low
iB_02644,TC034549,LG2,I,100,100,100,Yes
iB_02645,TC000808,LG2,I,20,20,30,Low
iB_02646,TC030619,LG2,I,100,100,100,Yes
iB_02647,TC000819,LG2,I,0,0,20,Low
iB_02648,TC032067,LG2,I,20,30,40,Low
iB_02649,TC030989,LG2,I,0,10,30,Low
iB_02650,TC000916,LG2,I,20,30,50,Low
iB_02652,TC000603,LG2,I,10,10,30,Low
iB_02653,TC000998,LG2,I,100,100,40,Yes
iB_02654,TC000549,LG2,I,11.11,11.11,20,Low
iB_02655,TC001035,LG2,I,0,0,0,Low
iB_02656,TC032147,LG2,I,100,100,70,Yes
iB_02657,TC032160,LG2,I,100,100,50,Yes
iB_02658,TC032169,LG2,I,70,100,70,Low
iB_02659,TC000451,LG2,I,0,12.5,10,Low
iB_02660,TC034561,LG2,I,20,30,20,Low
iB_02661,TC001126,LG2,I,10,10,40,Low
iB_02662,TC032177,LG2,I,10,10,20,Low
iB_02663,TC032178,LG2,I,20,20,40,Low
iB_02664,TC032184,LG2,I,100,100,30,Yes
iB_02665,TC032190,LG2,I,0,100,20,Low
iB_02666,TC032197,LG2,II,40,,0,Low
iB_02668,TC032201,LG2,I,100,100,20,Yes
iB_02670,TC001278,LG2,II,30,,0,Low
iB_02671,TC001293,LG2,I,0,10,30,Low
iB_02672,TC001297,LG2,I,10,40,30,Low
iB_02673,TC032251,LG2,I,10,10,20,Low
iB_02674,TC001370,LG2,I,70,100,50,Low
iB_02675,TC001371,LG2,I,20,20,40,Low
iB_02676,TC004531,LG2,I,10,10,40,Low
iB_02677,TC004820,LG2,II,30,,10,Low
iB_02678,TC005228,LG2,I,100,100,100,Yes
iB_02679,TC032013,LG2,I,20,20,50,Low
iB_02680,TC032014,LG2,I,30,40,40,Low
iB_02681,TC032287,LG3,I,20,100,30,Low
iB_02682,TC003186,LG3,I,40,100,20,Low
iB_02683,TC003272,LG3,I,50,100,80,Low
iB_02684,TC032298,LG3,I,20,40,10,Low
iB_02685,TC003283,LG3,I,0,0,20,Low
iB_02687,TC003141,LG3,I,10,20,30,Low
iB_02688,TC032313,LG3,I,0,0,20,Low
iB_02689,TC003327,LG3,I,0,20,50,Low
iB_02690,TC003349,LG3,I,10,10,20,Low
iB_02691,TC032335,LG3,I,30,30,10,Low
iB_02692,TC003063,LG3,I,30,30,20,Low
iB_02693,TC001571,LG3,I,20,80,20,Low
iB_02694,TC003398,LG3,I,0,0,20,Low
iB_02695,TC003405,LG3,I,100,100,100,Yes
iB_02696,TC003424,LG3,II,40,,0,Low
iB_02697,TC032378,LG3,I,10,30,10,Low
iB_02698,TC032383,LG3,I,20,100,20,Low
iB_02699,TC003582,LG3,I,0,0,40,Low
iB_02700,TC002855,LG3,I,0,0,20,Low
iB_02701,TC030754,LG3,I,40,50,20,Low
iB_02702,TC003645,LG3,I,20,40,20,Low
iB_02703,TC034503,LG3,I,0,0,20,Low
iB_02704,TC000100,LG3,I,10,10,0,Low
iB_02705,TC000107,LG3,I,20,75,20,Low
iB_02706,TC000112,LG3,I,0,20,60,Low
iB_02707,TC031042,LG3,I,20,66.67,40,Low
iB_02708,TC000052,LG3,I,20,30,30,Low
iB_02709,TC034596,LG3,I,0,0,10,Low
iB_02711,TC003651,LG3,I,0,0,30,Low
iB_02712,TC002741,LG3,I,0,10,10,Low
iB_02713,TC002738,LG3,II,100,,100,Yes
iB_02715,TC003698,LG3,I,0,0,10,Low
iB_02716,TC031046,LG3,I,0,12.5,30,Low
iB_02717,TC003717,LG3,I,0,0,20,Low
iB_02718,TC010522,LG3,II,70,,10,Low
iB_02719,TC010518,LG3,I,80,100,80,Low
iB_02721,TC002673,LG3,I,30,30,10,Low
iB_02722,TC032539,LG3,I,30,40,30,Low
iB_02724,TC034619,LG3,I,0,0,20,Low
iB_02725,TC003819,LG3,I,0,0,10,Low
iB_02726,TC002610,LG3,I,20,100,20,Low
iB_02727,TC002610,LG3,I,0,100,40,Low
iB_02728,TC003821,LG3,I,80,100,60,Low
iB_02730,TC032586,LG3,I,30,30,40,Low
iB_02731,TC034626,LG3,I,20,20,20,Low
iB_02732,TC032612,LG3,I,10,12.5,10,Low
iB_02733,TC031067,LG3,I,100,-1,90,Yes
iB_02734,TC032628,LG3,I,77.77777778,-1,100,Low
iB_02735,TC003900,LG3,I,10,-1,10,Low
iB_02736,TC002492,LG3,II,60,-1,0,Low
iB_02737,TC032637,LG3,II,50,-1,10,Low
iB_02738,TC031068,LG3,I,30,-1,10,Low
iB_02739,TC032639,LG3,I,50,-1,50,Low
iB_02740,TC032649,LG3,I,50,-1,20,Low
iB_02741,TC032654,LG3,I,40,-1,30,Low
iB_02742,TC003964,LG3,I,30,-1,20,Low
iB_02743,TC003968,LG3,II,30,-1,0,Low
iB_02744,TC002447,LG3,II,50,-1,20,Low
iB_02745,TC032667,LG3,I,60,-1,40,Low
iB_02746,TC032714,LG4,I,44.44444444,-1,30,Low
iB_02747,TC007760,LG4,I,25,-1,40,Low
iB_02748,TC007714,LG4,I,30,-1,70,Low
iB_02749,TC032726,LG4,I,10,-1,0,Low
iB_02750,TC007804,LG4,II,40,,10,Low
iB_02751,TC007822,LG4,I,10,-1,20,Low
iB_02752,TC007824,LG4,II,20,-1,0,Low
iB_02753,TC007672,LG4,II,100,,0,Yes
iB_02754,TC032748,LG4,II,50,-1,10,Low
iB_02755,TC007870,LG4,I,10,-1,20,Low
iB_02756,TC007612,LG4,I,50,-1,20,Low
iB_02757,TC007923,LG4,I,55.55555556,-1,30,Low
iB_02758,TC007934,LG4,I,30,-1,20,Low
iB_02759,TC007563,LG4,I,20,-1,10,Low
iB_02760,TC032783,LG4,I,60,-1,20,Low
iB_02761,TC008064,LG4,II,30,-1,20,Low
iB_02762,TC007420,LG4,II,30,-1,10,Low
iB_02763,TC008086,LG4,I,30,-1,30,Low
iB_02764,TC007357,LG4,I,20,-1,10,Low
iB_02765,TC008190,LG4,I,22.22222222,-1,100,Low
iB_02766,TC008206,LG4,I,30,-1,30,Low
iB_02767,TC007263,LG4,I,60,-1,10,Low
iB_02768,TC032845,LG4,II,44.44444444,-1,0,Low
iB_02769,TC008243,LG4,II,20,-1,10,Low
iB_02770,TC007231,LG4,I,10,-1,10,Low
iB_02771,TC008263,LG4,I,20,-1,100,Low
iB_02772,TC007191,LG4,I,100,-1,50,Yes
iB_02773,TC032878,LG4,I,10,-1,50,Low
iB_02774,TC008303,LG4,I,50,-1,20,Low
iB_02775,TC007154,LG4,II,50,,10,Low
iB_02776,TC008381,LG4,I,20,-1,20,Low
iB_02777,TC032913,LG4,II,33.33333333,-1,10,Low
iB_02778,TC008472,LG4,II,22.22222222,-1,0,Low
iB_02779,TC008485,LG4,I,33.33333333,-1,30,Low
iB_02780,TC007015,LG4,I,20,-1,40,Low
iB_02781,TC031117,LG5,I,40,-1,50,Low
iB_02782,TC032996,LG5,I,60,-1,0,Low
iB_02783,TC031135,LG5,I,20,-1,50,Low
iB_02784,TC010933,LG5,II,30,-1,10,Low
iB_02785,TC013839,LG5,II,50,-1,10,Low
iB_02786,TC033035,LG5,I,40,-1,30,Low
iB_02787,TC033036,LG5,I,100,-1,80,Yes
iB_02788,TC013746,LG5,I,100,-1,100,Yes
iB_02790,TC014142,LG5,I,0,-1,11.11,Low
iB_02791,TC010470,LG5,I,11.11111111,-1,30,Low
iB_02792,TC014270,LG5,I,20,-1,60,Low
iB_02793,TC033113,LG5,II,20,-1,20,Low
iB_02794,TC013520,LG5,II,0,-1,0,Low
iB_02795,TC033120,LG5,I,22.22222222,-1,40,Low
iB_02796,TC014300,LG5,I,70,-1,100,Low
iB_02797,TC031145,LG5,I,10,-1,100,Low
iB_02798,TC014363,LG5,I,0,-1,90,Low
iB_02799,TC014371,LG5,I,10,-1,20,Low
iB_02800,TC014419,LG5,I,22.22222222,-1,10,Low
iB_02801,TC013350,LG5,II,0,,20,Low
iB_02802,TC014488,LG5,II,10,-1,10,Low
iB_02803,TC033175,LG5,II,20,,0,Low
iB_02804,TC033183,LG5,II,10,-1,20,Low
iB_02805,TC013257,LG5,II,10,,20,Low
iB_02806,TC013252,LG5,I,50,-1,50,Low
iB_02807,TC014703,LG5,I,10,-1,10,Low
iB_02808,TC033251,LG5,I,40,-1,100,Low
iB_02809,TC030698,LG5,I,20,-1,60,Low
iB_02810,TC015359,LG6,I,30,-1,0,Low
iB_02811,TC033321,LG6,I,10,-1,20,Low
iB_02812,TC030628,LG6,II,60,-1,30,Low
iB_02813,TC033331,LG6,I,10,-1,10,Low
iB_02814,TC011477,LG6,I,40,-1,30,Low
iB_02815,TC015613,LG6,I,100,-1,30,Yes
iB_02816,TC015081,LG6,I,30,-1,50,Low
iB_02817,TC015081,LG6,I,60,-1,30,Low
iB_02818,TC015628,LG6,I,20,-1,40,Low
iB_02819,TC034738,LG6,II,40,-1,0,Low
iB_02820,TC015037,LG6,I,33.33333333,-1,0,Low
iB_02821,TC015033,LG6,I,10,-1,50,Low
iB_02822,TC015680,LG6,I,30,-1,20,Low
iB_02823,TC014995,LG6,I,0,-1,0,Low
iB_02824,TC015747,LG6,I,20,-1,40,Low
iB_02825,TC014935,LG6,I,11.11111111,-1,50,Low
iB_02826,TC033441,LG6,II,40,-1,10,Low
iB_02827,TC015779,LG6,II,20,-1,10,Low
iB_02828,TC033516,LG7,I,20,-1,20,Low
iB_02829,TC033519,LG7,I,20,-1,90,Low
iB_02830,TC033525,LG7,II,10,,10,Low
iB_02831,TC009499,LG7,I,100,-1,50,Yes
iB_02832,TC009536,LG7,I,10,-1,30,Low
iB_02833,TC033574,LG7,I,0,10,20,Low
iB_02834,TC009598,LG7,I,40,40,10,Low
iB_02835,TC033589,LG7,I,10,20,20,Low
iB_02836,TC033588,LG7,I,44.44,55.56,20,Low
iB_02837,TC009608,LG7,I,10,10,40,Low
iB_02838,TC015925,LG7,I,10,30,50,Low
iB_02839,TC033611,LG7,I,20,40,20,Low
iB_02840,TC015931,LG7,I,30,100,50,Low
iB_02842,TC033636,LG7,I,80,100,100,Low
iB_02843,TC030654,LG7,I,20,30,20,Low
iB_02844,TC033646,LG7,I,30,30,30,Low
iB_02845,TC033649,LG7,I,10,100,20,Low
iB_02846,TC034784,LG7,I,20,20,30,Low
iB_02847,TC033665,LG7,I,30,70,20,Low
iB_02848,TC009740,LG7,I,30,30,40,Low
iB_02849,TC009743,LG7,I,100,100,100,Yes
iB_02850,TC033681,LG7,I,10,10,30,Low
iB_02851,TC033683,LG7,I,20,30,10,Low
iB_02852,TC033685,LG7,I,30,30,20,Low
iB_02853,TC009757,LG7,I,30,30,40,Low
iB_02854,TC009801,LG7,II,10,,0,Low
iB_02855,TC033699,LG7,I,80,90,20,Low
iB_02856,TC009822,LG7,I,20,40,30,Low
iB_02857,TC009013,LG7,I,40,50,20,Low
iB_02858,TC009848,LG7,I,0,50,10,Low
iB_02859,TC009861,LG7,I,90,100,20,High
iB_02860,TC008956,LG7,I,100,100,30,Yes
iB_02861,TC009888,LG7,II,80,,0,Low
iB_02862,TC033746,LG7,I,50,50,20,Low
iB_02863,TC033770,LG7,I,60,100,70,Low
iB_02864,TC031208,LG7,I,0,10,20,Low
iB_02865,TC033790,LG7,II,60,,10,Low
iB_02866,TC010013,LG7,I,40,40,20,Low
iB_02867,TC033798,LG7,II,40,,30,Low
iB_02869,TC033818,LG7,I,100,100,80,Yes
iB_02870,TC035051,LG7,II,60,,40,Low
iB_02871,TC033827,LG7,I,20,30,20,Low
iB_02872,TC033865,LG7,I,40,40,20,Low
iB_02873,TC008709,LG7,I,70,100,100,Low
iB_02874,TC010119,LG7,I,20,30,20,Low
iB_02875,TC033858,LG7,I,20,30,40,Low
iB_02876,TC033884,LG7,I,66.67,100,0,Low
iB_02877,TC010210,LG7,I,80,100,80,Low
iB_02878,TC010211,LG7,I,10,10,0,Low
iB_02879,TC006640,LG8,I,20,20,20,Low
iB_02880,TC005447,LG8,I,10,10,30,Low
iB_02881,TC006704,LG8,I,30,30,20,Low
iB_02882,TC031291,LG8,I,10,20,20,Low
iB_02883,TC005373,LG8,I,70,100,70,Low
iB_02884,TC034185,LG8,I,50,50,10,Low
iB_02885,TC034187,LG8,I,20,30,45.45,Low
iB_02886,TC006787,LG8,I,40,40,0,Low
iB_02887,TC031292,LG8,I,10,10,10,Low
iB_02888,TC034195,LG8,I,0,0,30,Low
iB_02889,TC002221,LG8,I,30,100,40,Low
iB_02890,TC033954,LG8,I,0,20,20,Low
iB_02891,TC006019,LG8,II,90,,100,High
iB_02892,TC033963,LG8,I,20,20,40,Low
iB_02893,TC006162,LG8,I,10,10,20,Low
iB_02894,TC033987,LG8,I,30,30,30,Low
iB_02895,TC006213,LG8,II,50,,30,Low
iB_02896,TC030608,LG8,I,10,10,50,Low
iB_02897,TC005832,LG8,I,40,90,25,Low
iB_02898,TC006336,LG8,I,10,10,10,Low
iB_02899,TC034047,LG8,I,10,10,10,Low
iB_02900,TC034060,LG8,I,0,0,30,Low
iB_02901,TC005740,LG8,I,30,40,30,Low
iB_02902,TC006386,LG8,II,60,,30,Low
iB_02903,TC005686,LG8,I,10,10,30,Low
iB_02904,TC034083,LG8,II,60,,20,Low
iB_02905,TC005661,LG8,II,0,,10,Low
iB_02906,TC006465,LG8,I,22.22,100,10,Low
iB_02908,TC034225,LG9,I,10,30,40,Low
iB_02909,TC001943,LG9,I,40,100,40,Low
iB_02910,TC034279,LG9,I,10,10,40,Low
iB_02911,TC034287,LG9,I,20,20,20,Low
iB_02912,TC030680,LG9,I,60,100,60,Low
iB_02913,TC012367,LG9,I,40,100,20,Low
iB_02914,TC012368,LG9,I,0,0,10,Low
iB_02915,TC012390,LG9,I,0,10,20,Low
iB_02916,TC012408,LG9,I,10,10,20,Low
iB_02917,TC034329,LG9,I,40,50,10,Low
iB_02918,TC012433,LG9,I,20,100,30,Low
iB_02919,TC012450,LG9,I,10,10,10,Low
iB_02920,TC034340,LG9,I,30,50,20,Low
iB_02921,TC012455,LG9,I,80,100,100,Low
iB_02922,TC010651,LG9,II,66.66666667,,20,Low
iB_02923,TC010681,LG9,I,10,30,20,Low
iB_02924,TC011996,LG9,I,0,50,30,Low
iB_02925,TC012542,LG9,I,20,20,30,Low
iB_02926,TC012551,LG9,II,70,,10,Low
iB_02927,TC034409,LG9,I,0,0,0,Low
iB_02928,TC011868,LG9,I,40,100,40,Low
iB_02929,TC012652,LG9,II,60,,10,Low
iB_02930,TC034431,LG9,II,80,,20,Low
iB_02931,TC031247,LG9,I,40,60,20,Low
iB_02932,TC011794,LG9,I,20,20,20,Low
iB_02933,TC012712,LG9,I,20,40,60,Low
iB_02934,TC012717,LG9,I,0,50,30,Low
iB_02935,TC012751,LG9,I,20,20,40,Low
iB_02936,TC012805,LG9,I,80,100,90,Low
iB_02937,TC012811,LG9,I,10,10,40,Low
iB_02938,TC012818,LG9,I,10,20,30,Low
iB_02939,TC012830,LG9,I,10,10,10,Low
iB_02940,TC012837,LG9,I,30,40,20,Low
iB_02941,TC011608,LG9,I,60,87.5,60,Low
iB_02942,TC001639,LGX,II,60,,0,Low
iB_02943,TC004153,LGX,I,40,-1,10,Low
iB_02944,TC014204,LGX,I,20,,20,Low
iB_02945,TC013586,LGX,I,20,,30,Low
iB_02946,TC004717,LGX,I,20,,30,Low
iB_02947,TC004640,LGX,I,30,,20,Low
iB_02948,TC030644,LGX,I,,,20,Low
iB_02949,TC010842,LGX,I,,,40,Low
iB_02950,TC010799,LGX,I,,,20,Low
iB_02951,TC011540,LGX,I,,-1,20,Low
iB_02952,TC030889,LGX,I,,,10,Low
iB_02953,TC004775,LGX,I,,,20,Low
iB_02954,TC030888,LGX,I,50,,30,Low
iB_02955,TC004785,LGX,I,30,,20,Low
iB_02956,TC004800,LGX,I,20,,20,Low
iB_02957,TC001759,LGX,I,40,,40,Low
iB_02958,TC001767,LGX,I,10,-1,20,Low
iB_02959,TC031479,LGX,I,100,,10,Yes
iB_02962,TC034609,LG3,I,50,,10,Low
iB_02963,TC000026,LG3,I,20,,20,Low
iB_02964,TC000027,LG3,I,30,,50,Low
iB_02965,TC000028,LG3,I,60,,20,Low
iB_02966,TC000030,LG3,I,80,-1,100,Low
iB_02967,TC000039,LG3,I,20,,30,Low
iB_02968,TC000045,LG3,I,60,,30,Low
iB_02969,TC000050,LG3,I,70,,80,Low
iB_02970,TC000068,LG3,I,20,,0,Low
iB_02971,TC000071,LG3,I,20,,11.11,Low
iB_02972,TC000086,LG3,I,60,,40,Low
iB_02973,TC000090,LG3,I,40,-1,30,Low
iB_02974,TC000097,LG3,I,40,,10,Low
iB_02975,TC000102,LG3,I,20,,10,Low
iB_02976,TC000111,LG3,I,0,,0,Low
iB_02977,TC000113,LG3,I,20,,10,Low
iB_02978,TC000117,LG3,II,70,,20,Low
iB_02979,TC000119,LG3,I,30,,30,Low
iB_02980,TC000121,LG3,I,60,,40,Low
iB_02981,TC000124,LG3,I,20,,30,Low
iB_02982,TC000138,LG3,I,10,,11.11,Low
iB_02983,TC000147,LG5,I,100,,30,Yes
iB_02984,TC000148,LG5,I,50,,30,Low
iB_02985,TC000150,LG5,I,70,,20,Low
iB_02986,TC000152,LG5,I,30,,20,Low
iB_02987,TC000164,LG2,I,40,,30,Low
iB_02988,TC000174,LG2,I,66.66666667,,20,Low
iB_02989,TC000177,LG2,I,20,,40,Low
iB_02991,TC000187,LG2,I,40,,10,Low
iB_02992,TC032258,LG2,I,50,,20,Low
iB_02993,TC032257,LG2,I,20,,20,Low
iB_02994,TC000225,LG2,I,55.55555556,,40,Low
iB_02995,TC000230,LG2,I,60,,30,Low
iB_02997,TC000237,LG2,II,44.44444444,,100,Low
iB_02998,TC000244,LG2,I,40,,60,Low
iB_02999,TC032249,LG2,I,40,,50,Low
iB_03000,TC032245,LG2,I,20,,50,Low
iB_03001,TC032245,LG2,I,10,,10,Low
iB_03002,TC000269,LG2,I,50,,30,Low
iB_03003,TC000274,LG2,I,10,,20,Low
iB_03004,TC000278,LG2,I,10,,20,Low
iB_03005,TC034564,LG2,I,30,,30,Low
iB_03006,TC000325,LG2,I,33.33333333,,30,Low
iB_03007,TC000328,LG2,I,20,,10,Low
iB_03008,TC032218,LG2,I,40,,30,Low
iB_03009,TC032215,LG2,I,50,,20,Low
iB_03010,TC000356,LG2,I,44.44444444,,40,Low
iB_03011,TC000361,LG2,II,70,,40,Low
iB_03012,TC032203,LG2,I,40,,20,Low
iB_03013,TC000377,LG2,I,40,,10,Low
iB_03014,TC000395,LG2,II,11.11111111,,20,Low
iB_03015,TC000396,LG2,I,0,,40,Low
iB_03016,TC000399,LG2,I,0,,20,Low
iB_03017,TC000403,LG2,I,10,,20,Low
iB_03018,TC000408,LG2,I,100,,40,Yes
iB_03019,TC031001,LG2,I,20,,20,Low
iB_03020,TC000424,LG2,I,20,,10,Low
iB_03021,TC000440,LG2,I,40,,10,Low
iB_03022,TC000446,LG2,I,90,,10,High
iB_03023,TC000450,LG2,I,70,,50,Low
iB_03024,TC000456,LG2,I,100,,100,Yes
iB_03025,TC000457,LG2,I,30,,20,Low
iB_03027,TC000478,LG2,I,100,,30,Yes
iB_03028,TC000482,LG2,I,10,,30,Low
iB_03029,TC000483,LG2,II,30,,0,Low
iB_03030,TC030999,LG2,II,30,,60,Low
iB_03031,TC000494,LG2,I,60,,0,Low
iB_03032,TC000502,LG2,I,30,,20,Low
iB_03033,TC000505,LG2,I,30,,20,Low
iB_03034,TC000508,LG2,I,50,,25,Low
iB_03035,TC030996,LG2,I,70,,40,Low
iB_03036,TC000541,LG2,I,80,,20,Low
iB_03037,TC000543,LG2,I,100,,40,Yes
iB_03038,TC000546,LG2,I,50,,50,Low
iB_03039,TC000551,LG2,I,50,,10,Low
iB_03040,TC000555,LG2,II,10,,10,Low
iB_03042,TC000565,LG2,II,40,,20,Low
iB_03043,TC000575,LG2,I,33.33333333,,100,Low
iB_03044,TC000582,LG2,I,20,,20,Low
iB_03045,TC000584,LG2,I,60,,20,Low
iB_03046,TC000586,LG2,I,40,,20,Low
iB_03047,TC000587,LG2,I,30,,40,Low
iB_03048,TC000588,LG2,I,30,,20,Low
iB_03049,TC000589,LG2,II,60,,10,Low
iB_03050,TC000596,LG2,I,60,,0,Low
iB_03051,TC000609,LG2,I,60,,-1,Low
iB_03052,TC000611,LG2,I,40,,-1,Low
iB_03053,TC000625,LG2,I,50,,20,Low
iB_03054,TC000627,LG2,I,20,,40,Low
iB_03055,TC032118,LG2,I,90,,20,High
iB_03056,TC000635,LG2,II,10,,20,Low
iB_03057,TC000664,LG2,I,20,,0,Low
iB_03058,TC000669,LG2,I,60,,40,Low
iB_03059,TC000673,LG2,I,40,,-1,Low
iB_03060,TC000676,LG2,I,40,,0,Low
iB_03061,TC000681,LG2,I,40,,10,Low
iB_03062,TC000699,LG2,I,50,,0,Low
iB_03063,TC000711,LG2,I,30,,0,Low
iB_03064,TC030991,LG2,I,40,,10,Low
iB_03065,TC032073,LG2,I,40,,30,Low
iB_03066,TC000733,LG2,I,50,,0,Low
iB_03067,TC000734,LG2,I,40,,-1,Low
iB_03068,TC032066,LG2,I,30,,10,Low
iB_03069,TC032065,LG2,I,30,,30,Low
iB_03072,TC000747,LG2,I,30,,20,Low
iB_03073,TC000750,LG2,I,50,,10,Low
iB_03074,TC032054,LG2,I,70,,20,Low
iB_03076,TC000784,LG2,I,40,,10,Low
iB_03077,TC000792,LG2,I,40,,20,Low
iB_03078,TC032040,LG2,I,50,,-1,Low
iB_03079,TC000803,LG2,I,40,,0,Low
iB_03080,TC000810,LG2,I,10,,30,Low
iB_03081,TC000811,LG2,I,10,,10,Low
iB_03082,TC000817,LG2,I,40,,20,Low
iB_03083,TC000827,LG2,I,90,,100,High
iB_03084,TC000829,LG2,I,20,,20,Low
iB_03085,TC000830,LG2,I,20,,-1,Low
iB_03086,TC000832,LG2,I,40,,10,Low
iB_03087,TC000836,LG2,I,40,,0,Low
iB_03088,TC000837,LG2,II,50,,20,Low
iB_03089,TC000849,LG2,I,11.11111111,,10,Low
iB_03091,TC000859,LG2,I,66.66666667,,40,Low
iB_03092,TC000863,LG2,I,30,,20,Low
iB_03093,TC032089,LG2,I,40,,40,Low
iB_03094,TC000868,LG2,I,40,,10,Low
iB_03095,TC000870,LG2,I,30,,-1,Low
iB_03096,TC000872,LG2,I,30,,10,Low
iB_03097,TC000877,LG2,I,20,,20,Low
iB_03098,TC032097,LG2,I,60,,30,Low
iB_03099,TC000889,LG2,I,50,,20,Low
iB_03102,TC000912,LG2,I,50,,20,Low
iB_03103,TC000920,LG2,I,50,,20,Low
iB_03104,TC000921,LG2,I,10,,-1,Low
iB_03105,TC000925,LG2,I,40,,10,Low
iB_03106,TC000926,LG2,I,30,,20,Low
iB_03107,TC000945,LG2,I,0,,30,Low
iB_03108,TC000948,LG2,I,20,,40,Low
iB_03109,TC000954,LG2,I,50,,0,Low
iB_03110,TC000965,LG2,I,70,,20,Low
iB_03111,TC000977,LG2,I,30,,-1,Low
iB_03112,TC000979,LG2,I,44.44444444,,-1,Low
iB_03113,TC000980,LG2,I,30,,30,Low
iB_03114,TC000981,LG2,I,30,,20,Low
iB_03115,TC032129,LG2,II,0,,20,Low
iB_03116,TC000995,LG2,I,40,,20,Low
iB_03117,TC000997,LG2,I,10,,20,Low
iB_03118,TC001010,LG2,I,30,,30,Low
iB_03119,TC001014,LG2,I,20,,0,Low
iB_03120,TC001018,LG2,I,50,,-1,Low
iB_03121,TC001023,LG2,I,40,,-1,Low
iB_03122,TC001026,LG2,I,70,,20,Low
iB_03123,TC001038,LG2,I,44.44444444,,20,Low
iB_03124,TC001043,LG2,I,60,,20,Low
iB_03125,TC030997,LG2,I,20,,30,Low
iB_03126,TC001053,LG2,I,44.44444444,,27.27,Low
iB_03127,TC032152,LG2,I,60,,30,Low
iB_03128,TC032157,LG2,II,60,,40,Low
iB_03129,TC001064,LG2,I,33.33333333,,-1,Low
iB_03130,TC032158,LG2,I,,,-1,Low
iB_03131,TC001075,LG2,I,50,,10,Low
iB_03132,TC030998,LG2,I,70,,30,Low
iB_03133,TC030998,LG2,I,60,,30,Low
iB_03134,TC001086,LG2,I,88.88888889,,50,Low
iB_03135,TC001089,LG2,I,80,,40,Low
iB_03136,TC001105,LG2,I,70,,-1,Low
iB_03137,TC001106,LG2,I,70,,-1,Low
iB_03138,TC001109,LG2,I,70,,10,Low
iB_03139,TC001115,LG2,I,30,,20,Low
iB_03140,TC001120,LG2,I,40,,10,Low
iB_03141,TC001121,LG2,I,44.44444444,,10,Low
iB_03142,TC031000,LG2,I,30,,40,Low
iB_03143,TC001129,LG2,I,55.55555556,,20,Low
iB_03144,TC001135,LG2,I,80,,-1,Low
iB_03145,TC001143,LG2,II,70,,30,Low
iB_03146,TC001144,LG2,I,70,,-1,Low
iB_03147,TC001146,LG2,I,60,,40,Low
iB_03148,TC001157,LG2,I,60,,30,Low
iB_03150,TC001166,LG2,I,20,,20,Low
iB_03151,TC001175,LG2,I,44.44444444,,20,Low
iB_03152,TC001179,LG2,I,40,,0,Low
iB_03153,TC001194,LG2,I,20,,20,Low
iB_03154,TC001199,LG2,I,30,,80,Low
iB_03155,TC001207,LG2,I,40,,10,Low
iB_03156,TC001222,LG2,II,50,,30,Low
iB_03157,TC001227,LG2,I,33.33333333,,50,Low
iB_03158,TC001230,LG2,II,50,,30,Low
iB_03159,TC001232,LG2,I,0,,50,Low
iB_03160,TC001239,LG2,I,50,,20,Low
iB_03161,TC001241,LG2,I,0,,77.78,Low
iB_03162,TC001242,LG2,I,40,,0,Low
iB_03163,TC032223,LG2,I,50,,10,Low
iB_03164,TC001252,LG2,I,50,,20,Low
iB_03166,TC001291,LG2,I,50,,20,Low
iB_03167,TC001300,LG2,I,30,,60,Low
iB_03168,TC001302,LG2,I,60,,60,Low
iB_03169,TC001311,LG2,I,30,,40,Low
iB_03171,TC001318,LG2,I,30,,30,Low
iB_03172,TC001329,LG2,I,50,,20,Low
iB_03173,TC032260,LG2,I,40,,30,Low
iB_03174,TC001346,LG2,I,50,,20,Low
iB_03175,TC001350,LG2,I,70,,20,Low
iB_03176,TC001381,LG2,I,30,,88.89,Low
iB_03177,TC001384,LG10,I,50,,30,Low
iB_03181,TC034227,LG9,I,22.22222222,,20,Low
iB_03184,TC001431,LGX,I,50,,30,Low
iB_03185,TC001433,LGX,I,55.55555556,,40,Low
iB_03186,TC001434,LGX,I,100,,20,Yes
iB_03187,TC001439,LGX,I,60,,40,Low
iB_03188,TC001440,LGX,I,100,,10,Yes
iB_03189,TC001442,LGX,II,60,,50,Low
iB_03190,TC001443,LGX,II,50,,20,Low
iB_03191,TC001452,LGX,I,60,,30,Low
iB_03192,TC001461,LGX,I,90,,50,High
iB_03193,TC001464,LGX,I,77.77777778,,80,Low
iB_03194,TC001465,LGX,I,33.33333333,,40,Low
iB_03195,TC001470,LGX,I,11.11111111,,30,Low
iB_03199,TC001511,LG10,I,60,,20,Low
iB_03200,TC001512,LG10,I,30,,10,Low
iB_03201,TC031939,LG10,I,90,,90,High
iB_03202,TC001529,LG10,I,60,,80,Low
iB_03203,TC001533,LG10,I,50,,40,Low
iB_03204,TC001549,LG3,I,30,,20,Low
iB_03205,TC031029,LG3,I,30,,0,Low
iB_03206,TC032349,LG3,I,40,,20,Low
iB_03207,TC001556,LG3,I,50,,50,Low
iB_03208,TC001562,LG3,I,10,,20,Low
iB_03209,TC001568,LG3,I,20,,30,Low
iB_03210,TC001573,LG3,I,70,,80,Low
iB_03211,TC001575,LG3,I,40,,0,Low
iB_03212,TC001577,LG3,I,50,,40,Low
iB_03213,TC001580,LG3,I,90,,70,High
iB_03214,TC032353,LG3,I,40,,50,Low
iB_03217,TC001601,LGX,I,60,,70,Low
iB_03218,TC001607,LGX,I,30,,40,Low
iB_03219,TC001612,LGX,I,50,,50,Low
iB_03220,TC001617,LGX,I,30,,10,Low
iB_03221,TC001620,LGX,I,30,,50,Low
iB_03222,TC001624,LGX,I,80,,10,Low
iB_03223,TC001625,LGX,I,20,,10,Low
iB_03224,TC001631,LGX,I,10,,10,Low
iB_03225,TC001637,LGX,I,40,,25,Low
iB_03226,TC000314,LG2,I,30,,40,Low
iB_03227,TC001667,LG9,I,20,,30,Low
iB_03228,TC001673,LG9,I,30,,20,Low
iB_03229,TC001677,LG9,I,40,,20,Low
iB_03230,TC001645,LG9,I,10,,30,Low
iB_03231,TC031231,LG9,I,20,,0,Low
iB_03232,TC001680,LG9,I,30,,50,Low
iB_03233,TC001693,LGX,I,30,,10,Low
iB_03234,TC001694,LGX,II,70,,0,Low
iB_03236,TC001706,LGX,I,20,,30,Low
iB_03237,TC001719,LGX,I,30,,20,Low
iB_03238,TC001722,LGX,I,90,,10,High
iB_03239,TC001725,LGX,I,20,,20,Low
iB_03241,TC001737,LGX,II,20,,20,Low
iB_03242,TC001738,LGX,I,60,,70,Low
iB_03243,TC001740,LGX,I,20,,20,Low
iB_03244,TC001741,LGX,II,70,,0,Low
iB_03245,TC001745,LGX,I,40,,50,Low
iB_03246,TC001746,LGX,I,20,,20,Low
iB_03247,TC031573,LGX,I,50,,40,Low
iB_03248,TC031574,LGX,I,50,,40,Low
iB_03249,TC001757,LGX,I,50,,20,Low
iB_03251,TC001762,LGX,I,50,,20,Low
iB_03252,TC031577,LGX,I,50,,10,Low
iB_03253,TC001774,LGX,I,40,,40,Low
iB_03260,TC001866,LGX,I,60,,40,Low
iB_03261,TC001867,LGX,I,44.44444444,,30,Low
iB_03262,TC034516,LGX,I,50,,20,Low
iB_03263,TC001874,LGX,I,70,,30,Low
iB_03264,TC001878,LGX,I,60,,10,Low
iB_03265,TC031771,LGX,I,100,,30,Yes
iB_03266,TC001887,LGX,I,44.44444444,,80,Low
iB_03268,TC001918,LG9,I,60,,20,Low
iB_03269,TC001920,LG9,I,40,,30,Low
iB_03270,TC001922,LG9,I,40,,20,Low
iB_03271,TC001923,LG9,I,40,,20,Low
iB_03272,TC001925,LG9,I,50,,60,Low
iB_03273,TC034270,LG9,I,60,,50,Low
iB_03274,TC001944,LG9,I,30,,40,Low
iB_03275,TC034858,LG9,I,50,,30,Low
iB_03276,TC031707,LG3,I,40,,10,Low
iB_03277,TC001958,LG3,I,22.22222222,,30,Low
iB_03278,TC001960,LG3,I,11.11111111,,30,Low
iB_03287,TC012949,LG10,I,14.28571429,,0,Low
iB_03291,TC031636,LG10,II,60,,30,Low
iB_03292,TC031632,LG10,I,40,,40,Low
iB_03293,TC002072,LG10,I,100,,80,Yes
iB_03294,TC002074,LG10,I,40,,50,Low
iB_03295,TC002077,LG10,I,10,,30,Low
iB_03296,TC002080,LG10,I,,,20,Low
iB_03297,TC002071,LG10,I,,,20,Low
iB_03298,TC002083,LG10,I,,,40,Low
iB_03299,TC002084,LG10,I,,,40,Low
iB_03300,TC002085,LG10,I,,,20,Low
iB_03306,TC002113,LG3,I,10,,10,Low
iB_03307,TC032613,LG3,I,40,,10,Low
iB_03309,TC032605,LG3,I,10,,30,Low
iB_03310,TC002131,LG3,I,70,,80,Low
iB_03311,TC002135,LG3,I,30,,10,Low
iB_03312,TC002136,LG3,I,40,,30,Low
iB_03313,TC002138,LG3,I,70,,40,Low
iB_03314,TC002139,LG3,I,100,,80,Yes
iB_03315,TC032608,LG3,I,0,,10,Low
iB_03316,TC034618,LG3,II,80,,10,Low
iB_03318,TC002171,LG8,I,25,,30,Low
iB_03319,TC002173,LG8,I,30,,50,Low
iB_03320,TC033918,LG8,I,50,,30,Low
iB_03322,TC002214,LG8,I,30,,10,Low
iB_03323,TC031264,LG8,II,60,,20,Low
iB_03324,TC031264,LG8,I,70,,100,Low
iB_03325,TC033931,LG8,I,44.44444444,,40,Low
iB_03326,TC003833,LG3,I,30,,40,Low
iB_03327,TC002238,LG5,I,50,,20,Low
iB_03330,TC002241,LG5,I,70,,70,Low
iB_03331,TC002246,LG5,I,50,,40,Low
iB_03367,TC002388,LG3,II,60,,40,Low
iB_03368,TC002393,LG3,II,30,,20,Low
iB_03369,TC002395,LG3,I,60,90,20,Low
iB_03370,TC002405,LG3,I,0,0,50,Low
iB_03371,TC032686,LG3,I,0,0,10,Low
iB_03372,TC002409,LG3,I,0,10,40,Low
iB_03373,TC002422,LG3,I,10,20,20,Low
iB_03374,TC002424,LG3,I,10,20,0,Low
iB_03375,TC002431,LG3,I,10,20,20,Low
iB_03376,TC005079,LG3,I,30,30,0,Low
iB_03377,TC031070,LG3,I,0,0,0,Low
iB_03378,TC002459,LG3,I,10,10,30,Low
iB_03379,TC002460,LG3,I,20,20,10,Low
iB_03380,TC002466,LG3,I,10,10,20,Low
iB_03381,TC002470,LG3,I,20,30,20,Low
iB_03382,TC034634,LG3,I,10,40,0,Low
iB_03383,TC002488,LG3,I,60,100,30,Low
iB_03385,TC002495,LG3,II,50,,20,Low
iB_03386,TC002497,LG3,I,0,0,30,Low
iB_03388,TC002499,LG3,I,10,90,0,Low
iB_03389,TC002503,LG3,I,10,10,30,Low
iB_03390,TC002507,LG3,I,100,100,100,Yes
iB_03391,TC002509,LG3,I,0,0,30,Low
iB_03392,TC034630,LG3,II,60,,20,Low
iB_03393,TC002528,LG3,I,10,70,30,Low
iB_03394,TC031065,LG3,I,30,30,40,Low
iB_03395,TC034629,LG3,I,100,100,50,Yes
iB_03396,TC031062,LG3,I,10,20,0,Low
iB_03397,TC002539,LG3,I,0,0,0,Low
iB_03398,TC032581,LG3,I,100,100,10,Yes
iB_03399,TC002545,LG3,I,0,0,0,Low
iB_03400,TC002546,LG3,I,10,10,10,Low
iB_03401,TC002550,LG3,I,100,100,20,Yes
iB_03402,TC002551,LG3,I,10,10,30,Low
iB_03403,TC002552,LG3,I,20,87.5,0,Low
iB_03404,TC002555,LG3,II,40,,10,Low
iB_03405,TC002556,LG3,I,0,0,10,Low
iB_03406,TC002557,LG3,I,0,0,10,Low
iB_03407,TC034623,LG3,I,10,30,30,Low
iB_03408,TC031058,LG3,I,0,10,0,Low
iB_03409,TC002584,LG3,I,30,30,60,Low
iB_03411,TC032570,LG3,I,0,0,10,Low
iB_03412,TC002600,LG3,I,30,30,20,Low
iB_03413,TC002602,LG3,I,0,30,0,Low
iB_03414,TC002603,LG3,I,10,10,60,Low
iB_03415,TC002607,LG3,I,0,0,30,Low
iB_03416,TC002609,LG3,I,0,20,40,Low
iB_03417,TC002612,LG3,I,20,20,20,Low
iB_03418,TC032565,LG3,I,10,20,20,Low
iB_03419,TC002617,LG3,I,0,0,0,Low
iB_03420,TC002618,LG3,I,10,10,20,Low
iB_03421,TC002620,LG3,I,0,50,20,Low
iB_03422,TC002621,LG3,I,0,50,20,Low
iB_03423,TC002622,LG3,I,40,100,80,Low
iB_03424,TC002628,LG3,I,20,20,10,Low
iB_03425,TC031055,LG3,I,10,10,30,Low
iB_03426,TC031055,LG3,I,20,20,0,Low
iB_03427,TC031055,LG3,I,10,10,20,Low
iB_03428,TC002638,LG3,I,60,100,70,Low
iB_03429,TC002644,LG3,II,50,,10,Low
iB_03430,TC031053,LG3,II,50,,30,Low
iB_03431,TC002652,LG3,II,30,,20,Low
iB_03432,TC002488,LG3,II,20,,10,Low
iB_03433,TC002659,LG3,II,30,,10,Low
iB_03435,TC002663,LG3,II,30,,10,Low
iB_03437,TC002686,LG3,II,70,,20,Low
iB_03439,TC002698,LG3,II,100,,30,Yes
iB_03440,TC002711,LG3,II,40,,10,Low
iB_03441,TC032495,LG3,I,80,100,30,Low
iB_03442,TC032495,LG3,I,10,20,40,Low
iB_03443,TC002730,LG3,I,10,90,10,Low
iB_03444,TC002731,LG3,I,30,100,40,Low
iB_03445,TC002734,LG3,II,0,,10,Low
iB_03446,TC002736,LG3,I,0,0,30,Low
iB_03447,TC002740,LG3,I,0,10,10,Low
iB_03448,TC002748,LG3,I,10,10,30,Low
iB_03450,TC002783,LG3,I,20,100,10,Low
iB_03451,TC031041,LG3,I,0,0,50,Low
iB_03452,TC032448,LG3,I,0,0,40,Low
iB_03453,TC002803,LG3,I,10,10,20,Low
iB_03454,TC002804,LG3,I,0,0,70,Low
iB_03455,TC002814,LG3,I,70,100,60,Low
iB_03456,TC002816,LG3,I,70,90,10,Low
iB_03457,TC002825,LG3,I,60,100,100,Low
iB_03459,TC002866,LG3,I,10,10,0,Low
iB_03460,TC002878,LG3,I,0,0,20,Low
iB_03462,TC032415,LG3,I,10,10,10,Low
iB_03463,TC002895,LG3,I,10,20,10,Low
iB_03465,TC002904,LG3,I,10,10,40,Low
iB_03466,TC002905,LG3,I,0,0,50,Low
iB_03467,TC002906,LG3,II,20,,30,Low
iB_03468,TC002908,LG3,II,0,,10,Low
iB_03469,TC002914,LG3,I,30,60,30,Low
iB_03470,TC002917,LG3,I,0,0,20,Low
iB_03471,TC002932,LG3,I,10,10,20,Low
iB_03472,TC002938,LG3,II,40,,20,Low
iB_03473,TC032396,LG3,I,50,50,20,Low
iB_03474,TC002943,LG3,I,80,100,0,Low
iB_03475,TC002950,LG3,I,20,50,20,Low
iB_03476,TC002959,LG3,I,10,80,30,Low
iB_03479,TC002984,LG3,I,0,0,30,Low
iB_03480,TC002986,LG3,I,0,0,10,Low
iB_03481,TC002990,LG3,II,40,,50,Low
iB_03483,TC003008,LG3,I,20,90,40,Low
iB_03484,TC003018,LG3,I,10,12.5,40,Low
iB_03485,TC003023,LG3,I,30,40,0,Low
iB_03487,TC003028,LG3,I,30,100,20,Low
iB_03488,TC003033,LG3,I,20,20,0,Low
iB_03489,TC003034,LG3,I,10,10,40,Low
iB_03490,TC032345,LG3,I,0,0,60,Low
iB_03491,TC003068,LG3,I,100,100,100,Yes
iB_03492,TC032343,LG3,I,10,40,10,Low
iB_03493,TC032339,LG3,I,70,90,0,Low
iB_03494,TC032339,LG3,I,100,100,0,Yes
iB_03495,TC003081,LG3,I,100,100,0,Yes
iB_03496,TC003091,LG3,I,0,0,10,Low
iB_03497,TC003092,LG3,I,10,10,0,Low
iB_03498,TC032331,LG3,I,10,30,10,Low
iB_03499,TC032331,LG3,I,10,20,10,Low
iB_03500,TC003110,LG3,II,50,,20,Low
iB_03501,TC003125,LG3,I,10,10,10,Low
iB_03502,TC031024,LG3,I,20,100,20,Low
iB_03503,TC003133,LG3,I,10,30,10,Low
iB_03504,TC003140,LG3,I,30,100,0,Low
iB_03506,TC032307,LG3,I,20,20,0,Low
iB_03507,TC003147,LG3,I,10,20,0,Low
iB_03508,TC003149,LG3,I,30,30,10,Low
iB_03509,TC034574,LG3,I,10,10,10,Low
iB_03510,TC003157,LG3,I,20,20,0,Low
iB_03511,TC003158,LG3,I,40,100,0,Low
iB_03512,TC003160,LG3,I,20,20,20,Low
iB_03513,TC003167,LG3,I,90,100,80,High
iB_03514,TC003170,LG3,II,100,,20,Yes
iB_03515,TC003183,LG3,I,0,0,10,Low
iB_03516,TC003191,LG3,I,0,0,20,Low
iB_03517,TC003194,LG3,I,10,10,0,Low
iB_03519,TC003205,LG3,I,30,50,0,Low
iB_03520,TC003221,LG3,I,30,60,40,Low
iB_03521,TC003223,LG3,I,20,20,10,Low
iB_03522,TC003226,LG3,I,0,90,10,Low
iB_03523,TC003228,LG3,I,0,10,0,Low
iB_03524,TC003238,LG3,I,0,60,0,Low
iB_03525,TC003240,LG3,I,20,40,30,Low
iB_03526,TC003242,LG3,I,0,0,20,Low
iB_03527,TC003243,LG3,I,10,10,20,Low
iB_03528,TC003252,LG3,I,0,0,10,Low
iB_03530,TC003258,LG3,I,20,20,0,Low
iB_03531,TC003262,LG3,I,0,0,20,Low
iB_03532,TC003274,LG3,II,20,,30,Low
iB_03533,TC032303,LG3,II,40,,50,Low
iB_03534,TC003284,LG3,I,0,0,0,Low
iB_03535,TC003286,LG3,I,0,0,10,Low
iB_03536,TC003294,LG3,I,20,20,20,Low
iB_03538,TC003319,LG3,I,30,30,0,Low
iB_03539,TC034577,LG3,I,30,30,0,Low
iB_03540,TC003331,LG3,I,0,20,10,Low
iB_03542,TC032332,LG3,I,0,0,0,Low
iB_03543,TC003355,LG3,I,0,0,0,Low
iB_03544,TC032336,LG3,I,10,20,0,Low
iB_03545,TC032338,LG3,I,0,0,0,Low
iB_03546,TC003377,LG3,I,0,0,20,Low
iB_03547,TC003378,LG3,I,30,30,20,Low
iB_03548,TC003394,LG3,I,0,0,0,Low
iB_03549,TC003401,LG3,I,80,100,10,Low
iB_03550,TC003404,LG3,I,20,30,0,Low
iB_03552,TC003015,LG3,I,10,10,10,Low
iB_03553,TC003413,LG3,I,30,70,30,Low
iB_03554,TC003419,LG3,II,20,,10,Low
iB_03555,TC003429,LG3,I,0,100,0,Low
iB_03556,TC003433,LG3,I,70,100,80,Low
iB_03557,TC003442,LG3,I,0,10,10,Low
iB_03558,TC003453,LG3,I,30,30,20,Low
iB_03559,TC003457,LG3,I,0,20,0,Low
iB_03560,TC003460,LG3,I,10,100,10,Low
iB_03561,TC003464,LG3,I,0,0,30,Low
iB_03562,TC003467,LG3,I,60,60,10,Low
iB_03563,TC003480,LG3,I,10,10,0,Low
iB_03564,TC032394,LG3,I,0,0,0,Low
iB_03567,TC003504,LG3,I,0,0,20,Low
iB_03568,TC003518,LG3,I,20,20,20,Low
iB_03569,TC003519,LG3,I,0,10,20,Low
iB_03570,TC003528,LG3,I,40,100,20,Low
iB_03571,TC003537,LG3,I,0,0,0,Low
iB_03573,TC003544,LG3,I,20,20,0,Low
iB_03574,TC003548,LG3,I,0,0,0,Low
iB_03575,TC003550,LG3,I,0,0,10,Low
iB_03576,TC003554,LG3,I,100,100,10,Yes
iB_03577,TC003556,LG3,I,10,70,0,Low
iB_03578,TC003560,LG3,I,20,30,0,Low
iB_03579,TC003562,LG3,I,100,100,30,Yes
iB_03580,TC003564,LG3,I,100,100,10,Yes
iB_03581,TC003570,LG3,I,70,100,10,Low
iB_03582,TC003571,LG3,I,0,10,0,Low
iB_03583,TC003580,LG3,I,30,30,20,Low
iB_03584,TC034592,LG3,II,30,,70,Low
iB_03585,TC034592,LG3,I,10,10,10,Low
iB_03586,TC003588,LG3,I,20,30,30,Low
iB_03587,TC003589,LG3,I,0,0,0,Low
iB_03588,TC003594,LG3,I,10,20,10,Low
iB_03589,TC034593,LG3,I,20,20,30,Low
iB_03590,TC003597,LG3,I,0,80,40,Low
iB_03591,TC031038,LG3,I,20,100,0,Low
iB_03592,TC003627,LG3,I,10,10,20,Low
iB_03593,TC003628,LG3,I,10,10,10,Low
iB_03594,TC031040,LG3,I,50,100,10,Low
iB_03595,TC032451,LG3,I,90,100,10,High
iB_03596,TC003668,LG3,I,10,10,20,Low
iB_03598,TC003675,LG3,I,70,100,20,Low
iB_03599,TC003690,LG3,I,100,100,70,Yes
iB_03600,TC003692,LG3,II,40,,30,Low
iB_03601,TC003694,LG3,I,10,10,10,Low
iB_03602,TC032488,LG3,I,30,50,0,Low
iB_03603,TC003702,LG3,I,80,100,0,Low
iB_03604,TC003707,LG3,I,100,100,30,Yes
iB_03605,TC003709,LG3,I,30,30,20,Low
iB_03606,TC002710,LG3,I,90,100,20,High
iB_03607,TC003718,LG3,I,0,0,30,Low
iB_03608,TC003731,LG3,I,100,100,90,Yes
iB_03609,TC003733,LG3,I,10,10,30,Low
iB_03611,TC003753,LG3,I,30,50,20,Low
iB_03612,TC032535,LG3,II,30,,60,Low
iB_03613,TC003757,LG3,I,0,20,10,Low
iB_03614,TC003763,LG3,I,0,0,0,Low
iB_03615,TC003767,LG3,I,40,70,40,Low
iB_03616,TC003770,LG3,I,20,20,20,Low
iB_03617,TC003773,LG3,I,50,70,10,Low
iB_03618,TC003774,LG3,I,20,30,30,Low
iB_03619,TC003775,LG3,I,20,100,0,Low
iB_03620,TC032545,LG3,I,30,50,30,Low
iB_03621,TC032549,LG3,I,50,90,30,Low
iB_03622,TC031052,LG3,I,20,50,20,Low
iB_03623,TC031052,LG3,I,30,40,20,Low
iB_03624,TC032553,LG3,I,0,0,10,Low
iB_03625,TC032559,LG3,II,40,,40,Low
iB_03626,TC003807,LG3,I,20,50,20,Low
iB_03627,TC003811,LG3,I,100,100,80,Yes
iB_03628,TC003834,LG3,II,60,,70,Low
iB_03629,TC032574,LG3,II,40,,0,Low
iB_03630,TC003848,LG3,I,40,60,0,Low
iB_03631,TC003849,LG3,I,40,90,0,Low
iB_03633,TC003851,LG3,I,0,20,30,Low
iB_03634,TC003852,LG3,I,20,30,0,Low
iB_03635,TC003854,LG3,I,0,40,10,Low
iB_03636,TC003856,LG3,I,0,20,10,Low
iB_03637,TC003857,LG3,I,20,20,20,Low
iB_03638,TC032578,LG3,I,20,60,10,Low
iB_03639,TC031060,LG3,I,90,90,100,High
iB_03640,TC031061,LG3,I,10,20,20,Low
iB_03641,TC003872,LG3,I,60,90,0,Low
iB_03642,TC003873,LG3,I,30,60,10,Low
iB_03643,TC003874,LG3,I,0,20,0,Low
iB_03644,TC003876,LG3,II,40,,20,Low
iB_03645,TC003886,LG3,I,100,100,70,Yes
iB_03646,TC032626,LG3,I,100,100,70,Yes
iB_03647,TC003898,LG3,I,20,50,0,Low
iB_03648,TC003908,LG3,I,100,100,0,Yes
iB_03649,TC003909,LG3,I,20,20,10,Low
iB_03651,TC003918,LG3,I,20,30,10,Low
iB_03652,TC034633,LG3,I,100,100,0,Yes
iB_03653,TC034633,LG3,I,100,100,10,Yes
iB_03654,TC032642,LG3,I,20,60,0,Low
iB_03655,TC003938,LG3,I,10,0,0,Low
iB_03656,TC003944,LG3,I,100,100,100,Yes
iB_03657,TC032653,LG3,I,30,50,10,Low
iB_03658,TC003955,LG3,II,50,,70,Low
iB_03659,TC003957,LG3,II,80,,10,Low
iB_03660,TC034635,LG3,I,10,60,20,Low
iB_03662,TC002451,LG3,I,0,10,30,Low
iB_03663,TC003984,LG3,I,20,80,20,Low
iB_03664,TC032674,LG3,I,10,30,30,Low
iB_03665,TC032676,LG3,I,10,20,0,Low
iB_03666,TC003996,LG3,I,20,90,0,Low
iB_03667,TC003998,LG3,I,30,80,50,Low
iB_03668,TC004002,LG3,I,0,10,0,Low
iB_03669,TC004005,LG3,I,0,40,30,Low
iB_03670,TC031071,LG3,I,20,30,10,Low
iB_03671,TC032682,LG3,I,10,40,10,Low
iB_03672,TC004018,LG3,I,30,40,0,Low
iB_03673,TC004026,LG3,I,30,70,10,Low
iB_03674,TC004028,LG3,I,30,40,10,Low
iB_03675,TC004030,LG3,I,30,50,0,Low
iB_03676,TC032700,LG3,I,20,30,0,Low
iB_03677,TC033896,LG7,II,70,,60,Low
iB_03678,TC033895,LG7,I,60,100,70,Low
iB_03679,TC033892,LG7,I,30,40,0,Low
iB_03690,TC004111,LGX,I,0,50,10,Low
iB_03691,TC004114,LGX,I,50,100,20,Low
iB_03692,TC004119,LGX,I,40,50,10,Low
iB_03693,TC031485,LGX,I,10,30,0,Low
iB_03694,TC004127,LGX,II,30,,60,Low
iB_03695,TC004129,LGX,I,100,100,20,Yes
iB_03697,TC004134,LGX,I,0,20,20,Low
iB_03698,TC006136,LGX,I,30,50,40,Low
iB_03699,TC004142,LGX,I,0,30,0,Low
iB_03700,TC004144,LGX,I,30,30,0,Low
iB_03701,TC031486,LGX,I,100,100,20,Yes
iB_03707,TC034907,LG10,I,10,10,10,Low
iB_03725,TC004311,LG9,I,20,80,20,Low
iB_03726,TC004313,LG9,I,20,40,40,Low
iB_03728,TC034259,LG9,II,100,,10,Yes
iB_03732,TC004355,LG10,I,20,20,20,Low
iB_03733,TC004357,LG10,I,10,10,10,Low
iB_03734,TC031454,LG10,I,0,0,50,Low
iB_03735,TC004374,LG10,I,0,0,0,Low
iB_03736,TC031450,LG10,II,60,,30,Low
iB_03737,TC004381,LG10,I,0,0,10,Low
iB_03738,TC004383,LG10,I,20,30,0,Low
iB_03739,TC004384,LG10,I,50,100,30,Low
iB_03740,TC004385,LG10,I,80,100,10,Low
iB_03741,TC004386,LG10,I,0,0,40,Low
iB_03742,TC004387,LG10,I,60,100,10,Low
iB_03743,TC004388,LG10,I,70,100,70,Low
iB_03744,TC004393,LG10,II,100,,100,Yes
iB_03745,TC004401,LG10,II,0,,0,Low
iB_03747,TC004405,LG3,II,60,,80,Low
iB_03748,TC004410,LG3,I,10,10,10,Low
iB_03751,TC004418,LG2,II,60,,0,Low
iB_03752,TC004420,LG2,I,100,100,90,Yes
iB_03753,TC004421,LG2,I,10,30,10,Low
iB_03754,TC004425,LG2,I,100,100,100,Yes
iB_03755,TC004431,LG2,II,50,,40,Low
iB_03756,TC004433,LG2,I,10,40,30,Low
iB_03757,TC004440,LG2,I,20,20,10,Low
iB_03758,TC004447,LG2,I,30,30,30,Low
iB_03759,TC004449,LG2,II,30,,0,Low
iB_03760,TC004451,LG2,I,30,30,40,Low
iB_03761,TC004452,LG2,I,0,0,20,Low
iB_03762,TC032023,LG2,I,0,0,40,Low
iB_03763,TC004457,LG2,I,20,20,0,Low
iB_03764,TC004461,LG2,I,20,20,0,Low
iB_03765,TC004463,LG2,I,40,100,10,Low
iB_03766,TC004474,LG2,I,20,20,30,Low
iB_03767,TC004488,LG2,II,100,,30,Yes
iB_03768,TC004489,LG2,I,80,100,90,Low
iB_03769,TC032010,LG2,I,10,10,20,Low
iB_03770,TC004496,LG2,II,30,,50,Low
iB_03771,TC004502,LG2,I,10,10,10,Low
iB_03772,TC004504,LG2,II,30,,10,Low
iB_03773,TC031992,LG2,II,90,,20,High
iB_03774,TC031986,LG2,I,20,100,10,Low
iB_03775,TC004520,LG2,I,0,0,0,Low
iB_03776,TC004522,LG2,I,100,100,100,Yes
iB_03777,TC031981,LG2,I,0,10,20,Low
iB_03778,TC004527,LG2,I,10,20,0,Low
iB_03779,TC004530,LG2,I,40,40,30,Low
iB_03780,TC031955,LG2,I,0,0,30,Low
iB_03781,TC004546,LG2,II,20,,50,Low
iB_03782,TC004550,LG2,I,10,10,20,Low
iB_03783,TC031960,LG2,I,20,40,30,Low
iB_03784,TC004555,LG2,I,30,30,30,Low
iB_03785,TC004559,LG2,I,20,20,30,Low
iB_03786,TC004560,LG2,I,30,30,20,Low
iB_03788,TC031964,LG2,I,30,40,40,Low
iB_03789,TC004565,LG2,I,30,30,20,Low
iB_03790,TC031967,LG2,I,100,100,20,Yes
iB_03791,TC034542,LG2,I,0,0,20,Low
iB_03792,TC004583,LGX,I,0,0,10,Low
iB_03793,TC034531,LGX,I,60,100,60,Low
iB_03794,TC004592,LGX,I,10,10,0,Low
iB_03795,TC004594,LGX,I,30,70,30,Low
iB_03796,TC004596,LGX,I,30,60,10,Low
iB_03797,TC031558,LGX,II,40,,50,Low
iB_03798,TC004605,LGX,I,30,30,30,Low
iB_03799,TC004607,LGX,I,20,30,10,Low
iB_03800,TC004621,LGX,I,0,0,30,Low
iB_03801,TC004624,LGX,I,20,20,40,Low
iB_03802,TC004625,LGX,I,40,40,20,Low
iB_03803,TC004630,LGX,I,0,0,20,Low
iB_03804,TC004641,LGX,I,0,0,30,Low
iB_03805,TC004651,LGX,II,80,,40,Low
iB_03806,TC004653,LGX,I,90,100,20,High
iB_03807,TC004659,LGX,I,0,10,10,Low
iB_03808,TC004664,LGX,I,0,0,30,Low
iB_03809,TC004667,LGX,I,20,20,10,Low
iB_03810,TC004673,LGX,I,30,40,10,Low
iB_03811,TC004674,LGX,I,10,10,20,Low
iB_03812,TC004678,LGX,I,10,10,20,Low
iB_03813,TC034513,LGX,I,40,100,10,Low
iB_03814,TC031468,LGX,II,70,,20,Low
iB_03815,TC004695,LGX,I,10,10,40,Low
iB_03816,TC031462,LGX,II,70,,40,Low
iB_03817,TC004706,LGX,I,10,90,10,Low
iB_03819,TC004709,LGX,I,30,80,30,Low
iB_03820,TC004711,LGX,I,10,10,30,Low
iB_03821,TC004713,LGX,I,100,100,10,Yes
iB_03822,TC004714,LGX,I,10,60,10,Low
iB_03824,TC004720,LGX,II,20,,70,Low
iB_03825,TC004721,LGX,II,60,,100,Low
iB_03826,TC004724,LGX,I,80,100,100,Low
iB_03827,TC004726,LGX,I,20,20,10,Low
iB_03828,TC004729,LGX,I,20,30,30,Low
iB_03829,TC030889,LGX,I,0,70,20,Low
iB_03830,TC004743,LGX,I,30,30,50,Low
iB_03831,TC004745,LGX,I,70,100,20,Low
iB_03832,TC004747,LGX,I,20,20,40,Low
iB_03833,TC004749,LGX,I,10,10,20,Low
iB_03834,TC031561,LGX,I,10,40,10,Low
iB_03835,TC004758,LGX,I,10,100,10,Low
iB_03836,TC004760,LGX,I,100,100,100,Yes
iB_03837,TC004761,LGX,II,50,,40,Low
iB_03838,TC034528,LGX,I,20,30,10,Low
iB_03839,TC004765,LGX,I,0,0,10,Low
iB_03840,TC004768,LGX,I,20,50,0,Low
iB_03841,TC004770,LGX,I,20,30,0,Low
iB_03842,TC004772,LGX,I,20,20,10,Low
iB_03843,TC004774,LGX,I,10,40,20,Low
iB_03844,TC004777,LGX,I,0,66.67,0,Low
iB_03845,TC004778,LGX,I,10,100,30,Low
iB_03846,TC004789,LGX,I,50,60,0,Low
iB_03847,TC004792,LGX,I,20,50,11.11,Low
iB_03848,TC004793,LGX,I,20,20,0,Low
iB_03849,TC004796,LGX,I,20,20,20,Low
iB_03850,TC004801,LGX,I,0,0,30,Low
iB_03851,TC031968,LG2,I,70,100,20,Low
iB_03852,TC004825,LG2,I,0,0,0,Low
iB_03853,TC004829,LG2,I,30,60,40,Low
iB_03854,TC004830,LG2,I,20,60,0,Low
iB_03855,TC004836,LG2,I,20,30,20,Low
iB_03856,TC004840,LG2,I,30,40,20,Low
iB_03857,TC004846,LG2,I,100,100,0,Yes
iB_03858,TC004850,LG2,I,0,20,10,Low
iB_03860,TC004858,LG2,I,10,20,20,Low
iB_03861,TC004859,LG2,I,0,30,20,Low
iB_03862,TC004860,LG2,I,20,30,20,Low
iB_03863,TC030983,LG2,I,30,70,0,Low
iB_03864,TC030983,LG2,I,20,40,0,Low
iB_03865,TC004871,LG2,I,70,100,30,Low
iB_03866,TC004879,LG2,I,10,20,10,Low
iB_03867,TC004884,LG2,I,20,30,30,Low
iB_03868,TC004895,LG2,I,0,0,20,Low
iB_03869,TC004898,LG2,I,0,30,20,Low
iB_03870,TC004900,LG2,I,30,70,10,Low
iB_03871,TC004911,LG2,I,100,100,0,Yes
iB_03872,TC004915,LG2,I,40,50,20,Low
iB_03873,TC030986,LG2,I,100,100,100,Yes
iB_03874,TC004930,LG2,I,10,30,20,Low
iB_03875,TC004937,LG2,I,20,30,10,Low
iB_03876,TC004946,LG2,I,20,30,0,Low
iB_03877,TC004952,LG2,I,10,30,30,Low
iB_03878,TC004954,LG2,I,0,20,20,Low
iB_03879,TC004955,LG2,I,50,70,30,Low
iB_03880,TC004956,LG2,I,30,40,0,Low
iB_03881,TC004957,LG2,I,10,30,40,Low
iB_03882,TC004959,LG2,I,20,40,0,Low
iB_03883,TC004961,LG2,I,10,30,10,Low
iB_03884,TC004969,LG2,I,20,30,30,Low
iB_03885,TC004973,LG2,I,10,20,20,Low
iB_03886,TC004976,LG2,I,100,100,30,Yes
iB_03887,TC004981,LG2,I,30,50,0,Low
iB_03888,TC005006,LG2,I,90,100,50,High
iB_03889,TC005007,LG2,I,10,20,10,Low
iB_03890,TC005011,LG2,II,80,,20,Low
iB_03895,TC005066,LG5,I,40,70,30,Low
iB_03896,TC005068,LG5,I,20,30,30,Low
iB_03897,TC005070,LG5,I,20,100,0,Low
iB_03898,TC005073,LG5,I,100,100,0,Yes
iB_03899,TC002187,LG8,I,30,40,0,Low
iB_03900,TC033499,LG8,I,20,60,10,Low
iB_03901,TC005089,LG8,I,20,40,0,Low
iB_03902,TC005100,LG8,I,20,20,0,Low
iB_03903,TC033497,LG8,I,20,40,40,Low
iB_03904,TC005103,LG8,II,50,,30,Low
iB_03905,TC005104,LG8,I,20,60,0,Low
iB_03913,TC005167,LGX,I,30,40,0,Low
iB_03914,TC005170,LGX,II,60,,50,Low
iB_03915,TC005179,LGX,I,10,30,20,Low
iB_03916,TC005186,LGX,II,50,,20,Low
iB_03919,TC001781,LGX,I,20,20,60,Low
iB_03922,TC033924,LG8,I,20,40,0,Low
iB_03923,TC034282,LG9,I,10,20,20,Low
iB_03926,TC005225,LG2,I,0,30,30,Low
iB_03927,TC034541,LG2,II,50,,40,Low
iB_03928,TC032006,LG2,I,20,30,0,Low
iB_03932,TC034750,LG6,I,10,20,30,Low
iB_03935,TC005312,LG8,I,20,20,20,Low
iB_03936,TC034199,LG8,I,30,40,20,Low
iB_03937,TC034197,LG8,I,20,30,10,Low
iB_03938,TC005337,LG8,I,40,60,10,Low
iB_03939,TC005341,LG8,I,30,100,20,Low
iB_03940,TC005343,LG8,I,40,50,30,Low
iB_03941,TC005347,LG8,I,50,60,30,Low
iB_03942,TC005351,LG8,I,10,10,50,Low
iB_03943,TC005359,LG8,I,30,40,30,Low
iB_03944,TC005371,LG8,I,10,20,10,Low
iB_03945,TC005381,LG8,II,50,,40,Low
iB_03946,TC005415,LG8,I,30,60,10,Low
iB_03947,TC034173,LG8,I,20,30,20,Low
iB_03948,TC005435,LG8,I,20,40,10,Low
iB_03949,TC005436,LG8,I,0,0,20,Low
iB_03950,TC005438,LG8,I,20,20,30,Low
iB_03951,TC034169,LG8,I,20,40,30,Low
iB_03953,TC005444,LG8,I,0,0,0,Low
iB_03954,TC005455,LG8,I,40,40,10,Low
iB_03955,TC005458,LG8,I,30,50,30,Low
iB_03956,TC005460,LG8,I,20,30,20,Low
iB_03957,TC005461,LG8,I,30,50,0,Low
iB_03958,TC031289,LG8,I,40,80,40,Low
iB_03959,TC005473,LG8,I,20,20,10,Low
iB_03960,TC005474,LG8,I,100,100,20,Yes
iB_03961,TC005479,LG8,II,10,,60,Low
iB_03962,TC005487,LG8,I,20,20,10,Low
iB_03963,TC005488,LG8,II,20,,10,Low
iB_03964,TC005490,LG8,II,30,,10,Low
iB_03965,TC005491,LG8,I,50,60,0,Low
iB_03966,TC034848,LG8,I,20,20,10,Low
iB_03967,TC005499,LG8,I,20,20,0,Low
iB_03968,TC005500,LG8,I,10,20,10,Low
iB_03969,TC005503,LG8,I,40,50,20,Low
iB_03970,TC005504,LG8,I,20,30,10,Low
iB_03971,TC005512,LG8,I,10,30,20,Low
iB_03972,TC034132,LG8,I,60,100,90,Low
iB_03973,TC034846,LG8,II,40,,0,Low
iB_03974,TC005529,LG8,I,30,70,20,Low
iB_03975,TC005531,LG8,I,30,40,0,Low
iB_03976,TC005548,LG8,I,70,70,20,Low
iB_03977,TC005549,LG8,I,20,30,60,Low
iB_03978,TC005558,LG8,I,20,30,11.11,Low
iB_03979,TC034119,LG8,I,30,40,0,Low
iB_03980,TC005561,LG8,II,50,,30,Low
iB_03981,TC034116,LG8,I,0,0,0,Low
iB_03982,TC005570,LG8,I,100,100,60,Yes
iB_03983,TC005575,LG8,I,20,100,100,Low
iB_03984,TC005588,LG8,I,20,20,60,Low
iB_03986,TC005605,LG8,I,20,30,30,Low
iB_03987,TC005609,LG8,I,20,40,20,Low
iB_03988,TC005611,LG8,I,40,90,30,Low
iB_03989,TC005620,LG8,I,70,70,30,Low
iB_03990,TC005623,LG8,I,0,0,0,Low
iB_03991,TC005624,LG8,I,20,20,40,Low
iB_03992,TC034107,LG8,I,30,30,10,Low
iB_03993,TC005638,LG8,I,20,20,0,Low
iB_03994,TC005640,LG8,I,20,40,20,Low
iB_03995,TC005652,LG8,I,50,60,20,Low
iB_03996,TC005664,LG8,I,60,90,10,Low
iB_03997,TC005666,LG8,I,0,0,0,Low
iB_03998,TC005675,LG8,I,10,20,10,Low
iB_03999,TC005712,LG8,I,50,50,0,Low
iB_04000,TC005714,LG8,I,30,100,40,Low
iB_04001,TC005715,LG8,I,10,20,10,Low
iB_04002,TC005721,LG8,I,30,40,0,Low
iB_04003,TC005738,LG8,I,20,40,30,Low
iB_04005,TC034061,LG8,I,10,20,0,Low
iB_04006,TC034060,LG8,I,0,0,10,Low
iB_04007,TC005754,LG8,I,0,0,20,Low
iB_04008,TC005755,LG8,I,70,70,10,Low
iB_04009,TC005765,LG8,I,10,10,10,Low
iB_04010,TC005774,LG8,I,40,50,20,Low
iB_04011,TC005781,LG8,I,30,60,10,Low
iB_04013,TC005785,LG8,I,20,100,20,Low
iB_04014,TC005788,LG8,I,30,100,0,Low
iB_04015,TC034050,LG8,I,30,30,0,Low
iB_04017,TC034048,LG8,I,0,20,0,Low
iB_04018,TC005822,LG8,I,20,30,20,Low
iB_04019,TC005834,LG8,I,30,60,20,Low
iB_04020,TC005842,LG8,I,20,20,10,Low
iB_04021,TC034827,LG8,II,30,,40,Low
iB_04022,TC005849,LG8,I,20,30,10,Low
iB_04023,TC034026,LG8,I,30,50,20,Low
iB_04024,TC005863,LG8,I,10,10,10,Low
iB_04025,TC005870,LG8,I,20,20,20,Low
iB_04026,TC034019,LG8,I,30,60,20,Low
iB_04028,TC005879,LG8,I,30,50,10,Low
iB_04029,TC005884,LG8,I,20,30,20,Low
iB_04030,TC005885,LG8,I,20,50,50,Low
iB_04031,TC005888,LG8,I,20,40,30,Low
iB_04032,TC005896,LG8,I,30,40,0,Low
iB_04033,TC005904,LG8,I,10,10,0,Low
iB_04034,TC005907,LG8,I,0,0,0,Low
iB_04035,TC005908,LG8,I,30,30,0,Low
iB_04036,TC005909,LG8,I,10,20,10,Low
iB_04038,TC034004,LG8,I,70,70,40,Low
iB_04039,TC005932,LG8,I,0,40,0,Low
iB_04040,TC005933,LG8,I,30,60,30,Low
iB_04041,TC005941,LG8,I,20,40,10,Low
iB_04042,TC005944,LG8,I,90,100,20,High
iB_04043,TC005951,LG8,I,20,30,10,Low
iB_04044,TC005954,LG8,I,0,0,10,Low
iB_04045,TC005956,LG8,I,10,10,0,Low
iB_04046,TC005959,LG8,I,0,20,10,Low
iB_04047,TC033984,LG8,I,10,70,40,Low
iB_04048,TC005967,LG8,I,20,100,50,Low
iB_04049,TC005973,LG8,I,20,30,20,Low
iB_04050,TC005983,LG8,I,30,30,20,Low
iB_04051,TC033976,LG8,I,10,10,0,Low
iB_04052,TC005995,LG8,I,20,20,20,Low
iB_04054,TC005999,LG8,I,0,10,0,Low
iB_04055,TC006020,LG8,I,0,0,20,Low
iB_04056,TC006027,LG8,I,10,10,30,Low
iB_04057,TC033957,LG8,I,20,20,10,Low
iB_04058,TC006033,LG8,I,0,0,0,Low
iB_04060,TC033953,LG8,I,20,100,20,Low
iB_04061,TC006061,LG8,I,10,20,20,Low
iB_04062,TC006062,LG8,II,50,,0,Low
iB_04063,TC006063,LG8,I,20,30,20,Low
iB_04064,TC004265,LG8,II,50,,10,Low
iB_04065,TC033943,LG8,I,0,30,30,Low
iB_04066,TC006051,LG8,I,0,20,20,Low
iB_04067,TC006112,LG8,I,10,10,0,Low
iB_04068,TC006116,LG8,I,20,30,10,Low
iB_04069,TC006120,LG8,I,20,30,10,Low
iB_04070,TC033959,LG8,I,20,30,50,Low
iB_04071,TC006124,LG8,I,10,10,20,Low
iB_04072,TC006129,LG8,I,0,20,60,Low
iB_04073,TC006132,LG8,I,10,10,40,Low
iB_04074,TC006146,LG8,I,0,0,60,Low
iB_04075,TC033971,LG8,I,90,90,10,High
iB_04076,TC033972,LG8,I,30,30,40,Low
iB_04077,TC006159,LG8,I,10,10,10,Low
iB_04078,TC006167,LG8,I,70,100,40,Low
iB_04079,TC006169,LG8,I,20,40,60,Low
iB_04080,TC006172,LG8,I,10,20,10,Low
iB_04081,TC006174,LG8,I,30,80,30,Low
iB_04082,TC005968,LG8,I,30,60,30,Low
iB_04083,TC006187,LG8,I,20,100,30,Low
iB_04084,TC006188,LG8,I,100,100,90,Yes
iB_04085,TC006201,LG8,I,10,10,0,Low
iB_04086,TC006201,LG8,I,30,40,10,Low
iB_04087,TC006206,LG8,I,0,20,0,Low
iB_04088,TC006211,LG8,I,0,0,50,Low
iB_04089,TC006216,LG8,I,60,60,50,Low
iB_04090,TC006218,LG8,I,20,30,60,Low
iB_04091,TC033998,LG8,I,0,10,30,Low
iB_04092,TC006223,LG8,I,0,0,30,Low
iB_04093,TC006226,LG8,I,30,30,0,Low
iB_04094,TC006227,LG8,I,30,60,55.56,Low
iB_04095,TC006229,LG8,I,10,10,10,Low
iB_04096,TC006230,LG8,I,20,20,0,Low
iB_04097,TC006235,LG8,I,10,10,20,Low
iB_04098,TC006241,LG8,I,30,70,50,Low
iB_04099,TC006253,LG8,I,100,100,100,Yes
iB_04100,TC006284,LG8,I,20,20,10,Low
iB_04101,TC006285,LG8,I,10,10,0,Low
iB_04102,TC006286,LG8,I,30,40,10,Low
iB_04103,TC006290,LG8,I,70,70,60,Low
iB_04104,TC006293,LG8,I,20,20,30,Low
iB_04105,TC006299,LG8,I,0,0,40,Low
iB_04106,TC034040,LG8,I,0,10,0,Low
iB_04107,TC006313,LG8,I,0,100,80,Low
iB_04108,TC006314,LG8,I,10,100,40,Low
iB_04109,TC006317,LG8,I,30,40,0,Low
iB_04110,TC006319,LG8,II,50,,20,Low
iB_04111,TC006324,LG8,I,10,50,0,Low
iB_04113,TC034042,LG8,I,0,0,10,Low
iB_04114,TC006332,LG8,I,0,0,50,Low
iB_04115,TC034046,LG8,I,0,0,10,Low
iB_04116,TC006335,LG8,I,20,20,0,Low
iB_04117,TC006338,LG8,I,10,10,20,Low
iB_04118,TC006340,LG8,I,20,20,0,Low
iB_04119,TC006353,LG8,I,10,10,0,Low
iB_04120,TC006356,LG8,I,100,100,10,Yes
iB_04121,TC006359,LG8,I,10,80,10,Low
iB_04122,TC006362,LG8,I,20,50,30,Low
iB_04123,TC034835,LG8,I,0,10,10,Low
iB_04124,TC006374,LG8,I,10,10,0,Low
iB_04125,TC006375,LG8,I,100,100,100,Yes
iB_04126,TC006378,LG8,I,10,20,30,Low
iB_04127,TC006380,LG8,I,40,100,70,Low
iB_04128,TC006389,LG8,I,30,30,30,Low
iB_04129,TC006390,LG8,I,100,100,80,Yes
iB_04130,TC006392,LG8,I,20,30,20,Low
iB_04131,TC034063,LG8,I,0,0,10,Low
iB_04132,TC006403,LG8,II,50,,40,Low
iB_04133,TC031278,LG8,I,0,0,0,Low
iB_04134,TC031278,LG8,I,100,100,30,Yes
iB_04135,TC006407,LG8,I,20,20,0,Low
iB_04136,TC034076,LG8,I,20,50,30,Low
iB_04137,TC034081,LG8,I,0,0,10,Low
iB_04138,TC006424,LG8,II,70,,30,Low
iB_04139,TC005692,LG8,I,30,30,10,Low
iB_04141,TC006432,LG8,I,20,20,20,Low
iB_04142,TC006436,LG8,I,0,0,20,Low
iB_04143,TC006439,LG8,I,20,50,10,Low
iB_04144,TC006450,LG8,I,10,100,30,Low
iB_04145,TC006453,LG8,I,10,10,0,Low
iB_04146,TC006456,LG8,I,0,20,20,Low
iB_04147,TC006457,LG8,II,40,,60,Low
iB_04148,TC034095,LG8,I,10,10,30,Low
iB_04149,TC006466,LG8,I,50,100,0,Low
iB_04150,TC006470,LG8,I,50,80,50,Low
iB_04151,TC006471,LG8,I,30,30,30,Low
iB_04152,TC006472,LG8,I,20,30,30,Low
iB_04153,TC006481,LG8,I,30,30,20,Low
iB_04154,TC006492,LG8,I,100,100,100,Yes
iB_04155,TC006494,LG8,I,30,30,30,Low
iB_04156,TC006495,LG8,I,0,0,50,Low
iB_04157,TC006496,LG8,II,70,,30,Low
iB_04158,TC006498,LG8,I,0,40,0,Low
iB_04159,TC006506,LG8,II,10,,10,Low
iB_04160,TC006507,LG8,I,30,30,10,Low
iB_04161,TC034109,LG8,I,10,10,10,Low
iB_04162,TC006514,LG8,I,100,100,100,Yes
iB_04163,TC006523,LG8,I,10,30,20,Low
iB_04164,TC006527,LG8,II,40,,20,Low
iB_04165,TC006533,LG8,I,80,80,10,Low
iB_04166,TC006543,LG8,II,40,,30,Low
iB_04168,TC006547,LG8,II,60,,30,Low
iB_04169,TC006550,LG8,I,100,100,60,Yes
iB_04170,TC006551,LG8,I,40,40,0,Low
iB_04171,TC006556,LG8,I,10,20,10,Low
iB_04172,TC006560,LG8,I,60,80,10,Low
iB_04173,TC034125,LG8,II,10,,50,Low
iB_04174,TC006575,LG8,I,40,40,40,Low
iB_04175,TC006580,LG8,I,40,40,40,Low
iB_04176,TC006588,LG8,I,10,30,0,Low
iB_04177,TC006589,LG8,I,50,100,10,Low
iB_04178,TC006591,LG8,I,10,10,0,Low
iB_04179,TC006595,LG8,I,20,20,10,Low
iB_04180,TC006608,LG8,I,10,20,20,Low
iB_04181,TC006619,LG8,I,0,0,10,Low
iB_04182,TC006634,LG8,I,20,20,20,Low
iB_04183,TC006641,LG8,I,20,30,20,Low
iB_04184,TC006642,LG8,I,20,20,10,Low
iB_04185,TC006643,LG8,I,40,90,10,Low
iB_04186,TC031288,LG8,I,50,50,20,Low
iB_04187,TC006656,LG8,II,40,,30,Low
iB_04188,TC006664,LG8,I,10,80,10,Low
iB_04189,TC006665,LG8,II,20,,30,Low
iB_04190,TC034161,LG8,I,40,50,10,Low
iB_04191,TC006676,LG8,I,20,20,40,Low
iB_04192,TC006679,LG8,I,100,100,100,Yes
iB_04193,TC006680,LG8,I,10,10,0,Low
iB_04194,TC006686,LG8,I,20,20,0,Low
iB_04195,TC006689,LG8,I,20,30,0,Low
iB_04196,TC006693,LG8,II,10,,30,Low
iB_04197,TC006703,LG8,I,10,20,10,Low
iB_04198,TC006706,LG8,I,30,30,30,Low
iB_04199,TC006711,LG8,I,60,70,30,Low
iB_04200,TC006712,LG8,I,30,40,20,Low
iB_04202,TC006721,LG8,II,20,,40,Low
iB_04203,TC006723,LG8,I,0,0,50,Low
iB_04204,TC006726,LG8,I,80,100,20,Low
iB_04205,TC006735,LG8,I,40,50,0,Low
iB_04206,TC006740,LG8,II,40,,20,Low
iB_04207,TC006759,LG8,II,20,,0,Low
iB_04209,TC006767,LG8,I,40,40,20,Low
iB_04210,TC006773,LG8,II,50,,30,Low
iB_04211,TC006776,LG8,I,50,90,20,Low
iB_04212,TC006783,LG8,I,40,40,10,Low
iB_04214,TC006795,LG8,I,20,20,70,Low
iB_04215,TC006801,LG8,II,60,,10,Low
iB_04216,TC006802,LG8,I,20,20,30,Low
iB_04217,TC006804,LG8,I,30,30,20,Low
iB_04218,TC006809,LG8,II,50,,20,Low
iB_04219,TC006810,LG8,I,40,100,20,Low
iB_04220,TC006811,LG8,I,40,60,0,Low
iB_04225,TC031564,LGX,II,20,,60,Low
iB_04235,TC000032,LG3,I,100,100,90,Yes
iB_04243,TC006952,LG8,I,30,30,0,Low
iB_04251,TC007007,LG4,II,50,,70,Low
iB_04252,TC007008,LG4,I,10,10,20,Low
iB_04253,TC007012,LG4,I,20,100,20,Low
iB_04254,TC007014,LG4,I,50,60,30,Low
iB_04255,TC007018,LG4,II,50,,40,Low
iB_04256,TC007019,LG4,I,10,10,10,Low
iB_04257,TC007026,LG4,II,60,,30,Low
iB_04258,TC007030,LG4,II,60,,30,Low
iB_04259,TC007032,LG4,II,90,,40,High
iB_04260,TC007043,LG4,I,20,50,0,Low
iB_04261,TC007044,LG4,I,30,50,20,Low
iB_04262,TC007047,LG4,I,50,50,10,Low
iB_04263,TC007055,LG4,I,30,30,20,Low
iB_04264,TC032930,LG4,I,0,0,0,Low
iB_04265,TC007061,LG4,I,20,40,30,Low
iB_04266,TC007066,LG4,II,40,,10,Low
iB_04267,TC007072,LG4,II,50,,40,Low
iB_04268,TC007076,LG4,II,40,,10,Low
iB_04269,TC007078,LG4,I,30,40,20,Low
iB_04270,TC007081,LG4,I,20,20,0,Low
iB_04271,TC007082,LG4,I,50,100,30,Low
iB_04273,TC007092,LG4,I,20,100,40,Low
iB_04274,TC007096,LG4,II,30,,10,Low
iB_04275,TC007103,LG4,I,40,50,30,Low
iB_04276,TC007104,LG4,I,10,10,50,Low
iB_04277,TC007110,LG4,I,40,50,10,Low
iB_04278,TC007112,LG4,I,30,30,30,Low
iB_04279,TC032893,LG4,I,10,100,20,Low
iB_04280,TC007127,LG4,I,10,10,10,Low
iB_04282,TC007131,LG4,I,30,30,10,Low
iB_04283,TC007145,LG4,I,30,30,10,Low
iB_04284,TC007147,LG4,I,10,10,30,Low
iB_04285,TC007149,LG4,II,50,,20,Low
iB_04286,TC007150,LG4,II,70,,40,Low
iB_04287,TC007167,LG4,I,0,0,0,Low
iB_04288,TC007168,LG4,I,20,30,30,Low
iB_04289,TC007172,LG4,I,0,0,0,Low
iB_04290,TC007174,LG4,I,20,20,30,Low
iB_04291,TC032876,LG4,I,20,30,40,Low
iB_04292,TC007197,LG4,I,0,10,40,Low
iB_04293,TC007207,LG4,II,50,,40,Low
iB_04294,TC007212,LG4,II,30,,30,Low
iB_04295,TC007223,LG4,II,40,,80,Low
iB_04296,TC007226,LG4,II,60,,40,Low
iB_04297,TC007234,LG4,I,20,20,20,Low
iB_04298,TC007248,LG4,I,10,40,20,Low
iB_04299,TC007250,LG4,I,30,100,30,Low
iB_04300,TC007253,LG4,II,40,,20,Low
iB_04301,TC032851,LG4,I,80,100,20,Low
iB_04302,TC007258,LG4,I,10,10,20,Low
iB_04303,TC007264,LG4,II,50,,40,Low
iB_04304,TC007276,LG4,II,50,,20,Low
iB_04306,TC008196,LG4,I,10,10,20,Low
iB_04307,TC007293,LG4,II,40,,30,Low
iB_04308,TC007298,LG4,I,10,70,30,Low
iB_04309,TC007300,LG4,II,30,,20,Low
iB_04310,TC007303,LG4,I,20,30,10,Low
iB_04311,TC007305,LG4,I,30,40,0,Low
iB_04312,TC007311,LG4,I,20,30,0,Low
iB_04313,TC007317,LG4,II,40,,40,Low
iB_04314,TC007322,LG4,I,0,0,0,Low
iB_04315,TC007333,LG4,I,10,10,0,Low
iB_04316,TC007345,LG4,I,100,100,20,Yes
iB_04317,TC007346,LG4,I,50,50,30,Low
iB_04318,TC007376,LG4,I,30,100,40,Low
iB_04319,TC007381,LG4,I,20,20,20,Low
iB_04320,TC007393,LG4,I,10,10,0,Low
iB_04321,TC007395,LG4,I,10,70,0,Low
iB_04322,TC007396,LG4,II,10,,30,Low
iB_04323,TC007398,LG4,I,20,20,0,Low
iB_04324,TC007399,LG4,I,10,10,10,Low
iB_04325,TC007419,LG4,II,70,,20,Low
iB_04326,TC007427,LG4,I,20,20,10,Low
iB_04327,TC007438,LG4,I,60,100,30,Low
iB_04328,TC007441,LG4,I,20,20,50,Low
iB_04329,TC007442,LG4,II,40,,30,Low
iB_04331,TC007448,LG4,II,60,,30,Low
iB_04332,TC007453,LG4,I,20,100,40,Low
iB_04333,TC007463,LG4,I,10,20,10,Low
iB_04334,TC007464,LG4,I,0,0,20,Low
iB_04335,TC007465,LG4,I,10,10,10,Low
iB_04336,TC007472,LG4,I,30,100,10,Low
iB_04337,TC007477,LG4,I,10,20,20,Low
iB_04338,TC008011,LG4,II,50,,40,Low
iB_04339,TC032794,LG4,II,30,,10,Low
iB_04340,TC007512,LG4,II,50,,40,Low
iB_04341,TC007514,LG4,I,0,0,0,Low
iB_04342,TC007523,LG4,I,20,100,0,Low
iB_04343,TC007525,LG4,II,30,,10,Low
iB_04344,TC007528,LG4,I,10,10,0,Low
iB_04345,TC004186,LG4,I,20,20,20,Low
iB_04346,TC033563,LG4,I,10,20,50,Low
iB_04347,TC007559,LG4,II,33.33333333,,10,Low
iB_04348,TC032769,LG4,II,80,,0,Low
iB_04349,TC007591,LG4,I,20,20,30,Low
iB_04350,TC007594,LG4,I,40,50,40,Low
iB_04351,TC007598,LG4,I,50,60,30,Low
iB_04352,TC007613,LG4,I,80,100,100,Low
iB_04353,TC007620,LG4,I,30,30,10,Low
iB_04354,TC007624,LG4,I,30,30,0,Low
iB_04355,TC007627,LG4,I,10,10,20,Low
iB_04356,TC032756,LG4,I,10,10,50,Low
iB_04357,TC032755,LG4,II,50,,30,Low
iB_04358,TC032755,LG4,I,10,10,0,Low
iB_04359,TC007655,LG4,I,50,70,30,Low
iB_04360,TC007656,LG4,I,40,50,0,Low
iB_04361,TC007664,LG4,I,30,30,10,Low
iB_04362,TC007671,LG4,I,0,10,0,Low
iB_04363,TC007682,LG4,I,10,30,10,Low
iB_04364,TC007687,LG4,I,20,20,20,Low
iB_04365,TC007693,LG4,I,40,40,20,Low
iB_04366,TC032730,LG4,I,10,40,20,Low
iB_04367,TC007695,LG4,I,0,100,10,Low
iB_04368,TC007705,LG4,I,30,40,0,Low
iB_04369,TC007708,LG4,I,30,40,20,Low
iB_04370,TC007716,LG4,I,10,10,30,Low
iB_04371,TC007723,LG4,I,30,100,50,Low
iB_04372,TC031093,LG4,I,20,30,10,Low
iB_04373,TC032719,LG4,I,50,50,40,Low
iB_04374,TC007732,LG4,I,10,100,20,Low
iB_04375,TC007740,LG4,I,10,10,20,Low
iB_04376,TC007743,LG4,I,10,10,0,Low
iB_04377,TC007751,LG4,I,0,100,30,Low
iB_04378,TC007758,LG4,I,10,10,40,Low
iB_04379,TC007773,LG4,I,0,0,50,Low
iB_04380,TC007784,LG4,I,10,10,0,Low
iB_04381,TC007785,LG4,I,30,90,10,Low
iB_04382,TC007794,LG4,I,30,30,30,Low
iB_04383,TC007814,LG4,I,20,20,10,Low
iB_04384,TC031096,LG4,I,90,100,0,High
iB_04385,TC007825,LG4,I,10,10,0,Low
iB_04386,TC007834,LG4,I,10,20,20,Low
iB_04387,TC032747,LG4,I,10,40,10,Low
iB_04388,TC032747,LG4,I,20,20,0,Low
iB_04389,TC007855,LG4,I,0,10,0,Low
iB_04390,TC007865,LG4,I,20,20,10,Low
iB_04391,TC007872,LG4,I,30,100,30,Low
iB_04392,TC007874,LG4,I,10,10,0,Low
iB_04393,TC032760,LG4,I,100,100,0,Yes
iB_04394,TC007883,LG4,I,10,10,30,Low
iB_04395,TC007913,LG4,I,20,20,10,Low
iB_04397,TC007916,LG4,I,30,30,30,Low
iB_04398,TC007921,LG4,I,10,20,40,Low
iB_04399,TC007922,LG4,I,20,30,30,Low
iB_04401,TC007935,LG4,I,20,20,0,Low
iB_04402,TC007937,LG4,I,20,40,0,Low
iB_04403,TC007938,LG4,I,20,100,10,Low
iB_04404,TC007945,LG4,I,10,10,0,Low
iB_04405,TC007947,LG4,II,70,,10,Low
iB_04406,TC007951,LG4,I,0,0,20,Low
iB_04407,TC007953,LG4,I,10,100,10,Low
iB_04408,TC007966,LG4,I,10,10,50,Low
iB_04409,TC007972,LG4,I,30,40,20,Low
iB_04410,TC007517,LG4,I,30,100,80,Low
iB_04411,TC007999,LG4,I,100,100,100,Yes
iB_04412,TC008002,LG4,I,10,10,0,Low
iB_04413,TC008007,LG4,I,20,20,70,Low
iB_04414,TC008009,LG4,I,10,90,50,Low
iB_04415,TC008010,LG4,I,30,40,0,Low
iB_04416,TC007475,LG4,I,10,10,20,Low
iB_04417,TC008024,LG4,II,70,,10,Low
iB_04418,TC032803,LG4,I,0,30,10,Low
iB_04419,TC008044,LG4,I,10,10,20,Low
iB_04420,TC008047,LG4,II,50,,50,Low
iB_04421,TC008062,LG4,I,30,100,0,Low
iB_04422,TC008073,LG4,I,30,30,40,Low
iB_04423,TC008090,LG4,I,0,0,30,Low
iB_04424,TC008097,LG4,I,30,40,40,Low
iB_04425,TC008101,LG4,I,30,60,30,Low
iB_04426,TC008103,LG4,I,30,40,50,Low
iB_04427,TC032815,LG4,II,20,,0,Low
iB_04429,TC008122,LG4,I,30,40,20,Low
iB_04430,TC008126,LG4,I,30,50,30,Low
iB_04431,TC008131,LG4,I,0,0,30,Low
iB_04432,TC008134,LG4,I,0,0,40,Low
iB_04433,TC008135,LG4,I,30,30,10,Low
iB_04434,TC008136,LG4,I,20,20,0,Low
iB_04435,TC032821,LG4,I,30,50,40,Low
iB_04436,TC032821,LG4,I,10,10,40,Low
iB_04437,TC008149,LG4,I,10,20,10,Low
iB_04438,TC008163,LG4,I,20,100,30,Low
iB_04439,TC008169,LG4,I,0,0,20,Low
iB_04440,TC008185,LG4,I,10,100,10,Low
iB_04441,TC008187,LG4,I,20,20,10,Low
iB_04442,TC008189,LG4,I,20,100,50,Low
iB_04443,TC008204,LG4,I,10,10,20,Low
iB_04444,TC008209,LG4,I,20,40,20,Low
iB_04445,TC007253,LG4,I,30,50,20,Low
iB_04446,TC032853,LG4,I,10,10,40,Low
iB_04447,TC032855,LG4,II,40,,50,Low
iB_04448,TC008231,LG4,I,0,0,10,Low
iB_04449,TC008240,LG4,I,40,100,20,Low
iB_04450,TC008244,LG4,I,10,90,30,Low
iB_04451,TC008250,LG4,II,80,,20,Low
iB_04452,TC008260,LG4,I,20,60,20,Low
iB_04453,TC008268,LG4,I,20,20,30,Low
iB_04454,TC008272,LG4,I,30,80,0,Low
iB_04455,TC008278,LG4,I,0,0,40,Low
iB_04456,TC008291,LG4,I,10,10,40,Low
iB_04457,TC008292,LG4,I,30,50,20,Low
iB_04459,TC008297,LG4,I,0,20,40,Low
iB_04460,TC008298,LG4,II,60,,20,Low
iB_04461,TC008304,LG4,I,0,0,10,Low
iB_04462,TC008312,LG4,I,20,100,20,Low
iB_04463,TC008314,LG4,I,20,30,30,Low
iB_04464,TC008321,LG4,II,100,,10,Yes
iB_04465,TC032883,LG4,I,30,30,10,Low
iB_04466,TC008326,LG4,I,30,40,20,Low
iB_04468,TC008332,LG4,I,0,0,10,Low
iB_04470,TC008337,LG4,I,0,0,20,Low
iB_04471,TC008340,LG4,I,30,30,60,Low
iB_04472,TC008348,LG4,I,20,50,10,Low
iB_04473,TC008351,LG4,I,10,20,30,Low
iB_04474,TC008365,LG4,I,10,30,10,Low
iB_04475,TC031113,LG4,I,20,20,0,Low
iB_04476,TC008382,LG4,I,20,100,40,Low
iB_04477,TC032949,LG4,I,0,0,20,Low
iB_04478,TC008388,LG4,I,20,20,40,Low
iB_04479,TC032946,LG4,II,70,,20,Low
iB_04480,TC008409,LG4,I,20,90,30,Low
iB_04481,TC008412,LG4,I,10,10,30,Low
iB_04482,TC008414,LG4,I,30,100,20,Low
iB_04483,TC008417,LG4,I,30,100,40,Low
iB_04484,TC008419,LG4,I,30,30,30,Low
iB_04485,TC008421,LG4,I,10,10,10,Low
iB_04486,TC008423,LG4,I,10,100,10,Low
iB_04487,TC032938,LG4,I,0,0,20,Low
iB_04488,TC008430,LG4,I,30,30,40,Low
iB_04489,TC008433,LG4,I,30,100,30,Low
iB_04490,TC008437,LG4,II,40,,30,Low
iB_04491,TC008439,LG4,II,90,,60,High
iB_04492,TC008440,LG4,I,30,40,20,Low
iB_04494,TC008457,LG4,I,20,100,30,Low
iB_04495,TC008459,LG4,I,10,10,60,Low
iB_04496,TC008460,LG4,I,20,20,10,Low
iB_04497,TC008466,LG4,I,20,90,70,Low
iB_04498,TC008467,LG4,I,40,40,50,Low
iB_04499,TC008471,LG4,II,70,,0,Low
iB_04500,TC008477,LG4,I,20,20,20,Low
iB_04502,TC008482,LG4,I,10,10,30,Low
iB_04503,TC008489,LG4,I,20,90,10,Low
iB_04504,TC032951,LG4,I,0,30,20,Low
iB_04505,TC008505,LG4,I,20,20,0,Low
iB_04507,TC008509,LG4,I,0,0,20,Low
iB_04508,TC008516,LG4,I,30,30,20,Low
iB_04509,TC008521,LG4,I,0,90,10,Low
iB_04510,TC008522,LG4,I,10,10,40,Low
iB_04511,TC032960,LG4,I,30,30,10,Low
iB_04519,TC008566,LG2,II,40,,10,Low
iB_04520,TC008567,LG2,I,10,10,0,Low
iB_04521,TC008582,LG2,I,10,20,20,Low
iB_04522,TC008584,LG2,I,20,30,0,Low
iB_04523,TC008588,LG2,I,0,10,20,Low
iB_04524,TC032973,LG2,I,0,0,30,Low
iB_04526,TC008629,LG7,I,60,100,20,Low
iB_04527,TC008636,LG7,I,0,10,10,Low
iB_04528,TC008652,LG7,I,20,20,20,Low
iB_04529,TC008657,LG7,I,0,0,0,Low
iB_04530,TC033856,LG7,I,100,100,20,Yes
iB_04531,TC008662,LG7,I,100,100,100,Yes
iB_04532,TC008664,LG7,I,10,10,0,Low
iB_04533,TC008668,LG7,I,100,100,0,Yes
iB_04534,TC008696,LG7,I,60,100,40,Low
iB_04535,TC008701,LG7,I,30,30,0,Low
iB_04536,TC008702,LG7,II,70,,10,Low
iB_04537,TC033868,LG7,I,0,100,30,Low
iB_04538,TC033871,LG7,I,10,10,30,Low
iB_04539,TC008731,LG7,I,20,30,20,Low
iB_04541,TC033821,LG7,I,10,10,0,Low
iB_04542,TC008788,LG7,I,0,0,30,Low
iB_04543,TC033807,LG7,I,0,10,50,Low
iB_04544,TC008799,LG7,II,66.66666667,,10,Low
iB_04545,TC008800,LG7,I,10,10,0,Low
iB_04546,TC033804,LG7,I,0,10,10,Low
iB_04547,TC008826,LG7,I,20,20,0,Low
iB_04548,TC008838,LG7,I,30,30,10,Low
iB_04549,TC008840,LG7,I,0,0,10,Low
iB_04550,TC008844,LG7,I,10,10,0,Low
iB_04551,TC008846,LG7,I,0,10,10,Low
iB_04552,TC031207,LG7,I,10,70,30,Low
iB_04553,TC008856,LG7,I,20,20,20,Low
iB_04554,TC008858,LG7,II,70,,9.09,Low
iB_04555,TC008861,LG7,I,10,20,0,Low
iB_04556,TC008865,LG7,I,100,100,70,Yes
iB_04557,TC008876,LG7,I,20,40,20,Low
iB_04558,TC033769,LG7,I,10,10,40,Low
iB_04559,TC008896,LG7,II,30,,0,Low
iB_04560,TC008900,LG7,I,0,30,0,Low
iB_04561,TC008909,LG7,I,100,100,20,Yes
iB_04562,TC008915,LG7,I,0,0,10,Low
iB_04563,TC008920,LG7,I,0,0,30,Low
iB_04564,TC008926,LG7,I,30,40,10,Low
iB_04566,TC008935,LG7,I,0,0,40,Low
iB_04567,TC008953,LG7,I,0,0,60,Low
iB_04568,TC008959,LG7,I,0,20,0,Low
iB_04569,TC033738,LG7,I,10,10,10,Low
iB_04570,TC008974,LG7,I,0,0,20,Low
iB_04571,TC008984,LG7,I,10,10,10,Low
iB_04572,TC008993,LG7,I,20,20,40,Low
iB_04573,TC008998,LG7,I,30,30,20,Low
iB_04574,TC033705,LG7,II,0,,0,Low
iB_04575,TC009017,LG7,II,20,,20,Low
iB_04576,TC009020,LG7,II,100,,10,Yes
iB_04577,TC009024,LG7,I,30,100,10,Low
iB_04578,TC009029,LG7,I,0,20,20,Low
iB_04579,TC009031,LG7,I,10,10,30,Low
iB_04580,TC009034,LG7,I,20,20,10,Low
iB_04581,TC009040,LG7,I,100,100,100,Yes
iB_04582,TC009046,LG7,I,20,20,20,Low
iB_04583,TC033691,LG7,I,20,20,30,Low
iB_04584,TC009058,LG7,I,20,20,20,Low
iB_04585,TC033687,LG7,I,0,30,20,Low
iB_04586,TC009068,LG7,II,90,,10,High
iB_04587,TC009075,LG7,I,20,20,0,Low
iB_04589,TC033677,LG7,I,0,10,30,Low
iB_04591,TC031198,LG7,I,10,10,50,Low
iB_04593,TC009102,LG7,I,20,20,40,Low
iB_04594,TC009110,LG7,I,0,100,0,Low
iB_04595,TC033642,LG7,I,40,40,0,Low
iB_04596,TC033639,LG7,I,10,100,30,Low
iB_04598,TC009147,LG7,I,30,30,20,Low
iB_04599,TC009151,LG7,I,0,10,20,Low
iB_04600,TC009160,LG7,I,20,30,10,Low
iB_04601,TC009173,LG7,I,0,0,10,Low
iB_04602,TC009184,LG7,I,0,0,10,Low
iB_04603,TC009185,LG7,I,0,0,40,Low
iB_04604,TC031185,LG7,I,10,50,50,Low
iB_04605,TC009222,LG7,I,30,30,20,Low
iB_04606,TC009230,LG7,I,10,20,0,Low
iB_04607,TC009261,LG7,I,30,100,80,Low
iB_04608,TC009270,LG7,II,80,,20,Low
iB_04611,TC009275,LG7,I,10,100,60,Low
iB_04612,TC009277,LG7,I,10,10,10,Low
iB_04614,TC009296,LG7,I,30,30,50,Low
iB_04615,TC009300,LG7,I,20,20,10,Low
iB_04616,TC009311,LG7,I,30,100,30,Low
iB_04617,TC009316,LG7,I,0,0,10,Low
iB_04618,TC009318,LG7,II,50,,30,Low
iB_04619,TC009325,LG7,I,0,0,10,Low
iB_04620,TC009330,LG7,I,0,0,0,Low
iB_04621,TC009345,LG7,I,0,30,20,Low
iB_04622,TC033522,LG7,I,40,40,40,Low
iB_04623,TC009376,LG7,I,20,100,30,Low
iB_04624,TC009385,LG7,I,10,20,0,Low
iB_04625,TC009387,LG7,II,100,,40,Yes
iB_04627,TC009391,LG7,I,30,30,0,Low
iB_04628,TC009395,LG7,I,30,40,0,Low
iB_04629,TC033506,LG7,I,20,20,10,Low
iB_04630,TC031176,LG7,I,20,20,10,Low
iB_04631,TC009425,LG7,I,30,30,0,Low
iB_04632,TC009435,LG7,I,20,20,60,Low
iB_04633,TC009439,LG7,II,0,,10,Low
iB_04634,TC009452,LG7,II,80,,40,Low
iB_04635,TC009455,LG7,II,100,,0,Yes
iB_04636,TC009456,LG7,I,0,0,0,Low
iB_04637,TC009461,LG7,I,40,100,20,Low
iB_04638,TC009470,LG7,I,30,30,40,Low
iB_04639,TC009474,LG7,II,20,,10,Low
iB_04641,TC009479,LG7,I,0,0,10,Low
iB_04642,TC009484,LG7,I,100,100,60,Yes
iB_04643,TC009487,LG7,I,0,0,40,Low
iB_04644,TC009489,LG7,I,100,100,100,Yes
iB_04645,TC009492,LG7,I,30,40,0,Low
iB_04646,TC009507,LG7,I,60,100,80,Low
iB_04647,TC009516,LG7,I,20,20,0,Low
iB_04650,TC009525,LG7,I,0,0,10,Low
iB_04651,TC034763,LG7,I,0,0,20,Low
iB_04652,TC009537,LG7,I,10,10,0,Low
iB_04653,TC009539,LG7,I,20,100,80,Low
iB_04654,TC009542,LG7,I,0,100,100,Low
iB_04655,TC009552,LG7,II,30,,20,Low
iB_04656,TC009563,LG7,II,60,,30,Low
iB_04657,TC031184,LG7,I,10,10,10,Low
iB_04658,TC009573,LG7,II,90,,40,High
iB_04659,TC033570,LG7,I,20,20,0,Low
iB_04660,TC009582,LG7,I,30,30,30,Low
iB_04661,TC033575,LG7,I,20,20,10,Low
iB_04662,TC009594,LG7,I,20,20,40,Low
iB_04663,TC009607,LG7,I,20,20,20,Low
iB_04664,TC009612,LG7,II,40,,20,Low
iB_04665,TC009616,LG7,II,60,,0,Low
iB_04666,TC009619,LG7,II,40,,10,Low
iB_04667,TC009625,LG7,I,0,0,40,Low
iB_04668,TC009629,LG7,I,20,20,20,Low
iB_04669,TC033594,LG7,II,30,,40,Low
iB_04670,TC009638,LG7,II,70,,20,Low
iB_04671,TC031186,LG7,II,60,,0,Low
iB_04672,TC009653,LG7,I,30,30,0,Low
iB_04673,TC009654,LG7,I,30,30,20,Low
iB_04674,TC009657,LG7,II,60,,20,Low
iB_04675,TC009665,LG7,II,50,,10,Low
iB_04676,TC033599,LG7,II,20,,20,Low
iB_04677,TC009671,LG7,I,10,10,30,Low
iB_04678,TC033602,LG7,I,10,100,40,Low
iB_04679,TC034774,LG7,I,10,10,0,Low
iB_04680,TC034774,LG7,I,0,0,-1,Low
iB_04681,TC034774,LG7,I,10,10,-1,Low
iB_04682,TC009692,LG7,I,10,10,30,Low
iB_04683,TC009694,LG7,II,20,,10,Low
iB_04685,TC009702,LG7,I,20,30,10,Low
iB_04686,TC009705,LG7,I,30,30,0,Low
iB_04687,TC009710,LG7,I,100,100,100,Yes
iB_04688,TC009729,LG7,I,30,30,20,Low
iB_04690,TC033668,LG7,I,20,20,10,Low
iB_04691,TC009742,LG7,I,30,100,60,Low
iB_04692,TC009748,LG7,II,70,,20,Low
iB_04693,TC033678,LG7,II,30,,10,Low
iB_04694,TC009768,LG7,I,10,10,20,Low
iB_04695,TC009779,LG7,I,20,20,50,Low
iB_04696,TC009780,LG7,I,20,90,20,Low
iB_04697,TC009782,LG7,I,20,100,0,Low
iB_04698,TC009784,LG7,I,20,20,50,Low
iB_04699,TC009785,LG7,II,10,,10,Low
iB_04701,TC009791,LG7,I,30,30,0,Low
iB_04702,TC031200,LG7,I,20,100,30,Low
iB_04703,TC009793,LG7,I,0,0,0,Low
iB_04704,TC009795,LG7,I,0,0,40,Low
iB_04705,TC009798,LG7,I,10,10,50,Low
iB_04706,TC004254,LG7,I,30,30,40,Low
iB_04707,TC009812,LG7,I,40,40,10,Low
iB_04708,TC009819,LG7,I,40,100,30,Low
iB_04709,TC009834,LG7,I,10,10,20,Low
iB_04710,TC009839,LG7,I,20,100,40,Low
iB_04711,TC009841,LG7,I,0,0,10,Low
iB_04712,TC009842,LG7,I,20,40,0,Low
iB_04713,TC009847,LG7,I,60,60,20,Low
iB_04714,TC009857,LG7,I,30,30,10,Low
iB_04715,TC033736,LG7,I,50,100,50,Low
iB_04716,TC009873,LG7,I,20,40,60,Low
iB_04717,TC009877,LG7,I,10,20,0,Low
iB_04718,TC009882,LG7,I,0,0,10,Low
iB_04719,TC009889,LG7,I,0,0,30,Low
iB_04720,TC009906,LG7,I,20,40,0,Low
iB_04721,TC009917,LG7,I,30,30,10,Low
iB_04722,TC009918,LG7,I,20,100,40,Low
iB_04723,TC009925,LG7,I,30,30,20,Low
iB_04724,TC009927,LG7,I,30,30,70,Low
iB_04725,TC009928,LG7,I,10,10,20,Low
iB_04726,TC009929,LG7,I,0,0,10,Low
iB_04727,TC009931,LG7,I,30,50,20,Low
iB_04728,TC009934,LG7,I,10,10,20,Low
iB_04729,TC009939,LG7,I,20,80,30,Low
iB_04730,TC009940,LG7,I,20,100,20,Low
iB_04731,TC009947,LG7,I,30,30,10,Low
iB_04732,TC031205,LG7,I,20,20,10,Low
iB_04733,TC009964,LG7,I,0,0,20,Low
iB_04734,TC009965,LG7,I,100,100,100,Yes
iB_04735,TC009970,LG7,I,20,20,30,Low
iB_04736,TC009974,LG7,I,10,10,0,Low
iB_04737,TC034804,LG7,I,30,80,20,Low
iB_04738,TC033784,LG7,I,10,10,10,Low
iB_04739,TC009995,LG7,I,10,10,20,Low
iB_04740,TC009998,LG7,I,20,100,80,Low
iB_04741,TC009999,LG7,I,40,40,30,Low
iB_04742,TC033793,LG7,II,50,,10,Low
iB_04743,TC010010,LG7,I,0,100,100,Low
iB_04744,TC010011,LG7,I,20,30,30,Low
iB_04745,TC010012,LG7,I,20,20,30,Low
iB_04747,TC033802,LG7,I,10,40,20,Low
iB_04748,TC033810,LG7,I,30,50,10,Low
iB_04749,TC010040,LG7,I,10,30,0,Low
iB_04750,TC010041,LG7,I,90,100,100,High
iB_04751,TC010049,LG7,I,10,20,20,Low
iB_04752,TC010050,LG7,I,20,60,40,Low
iB_04753,TC010059,LG7,I,10,10,60,Low
iB_04754,TC010062,LG7,I,10,70,50,Low
iB_04755,TC033829,LG7,I,40,40,0,Low
iB_04756,TC010074,LG7,I,40,40,10,Low
iB_04758,TC010081,LG7,I,0,10,60,Low
iB_04759,TC010099,LG7,I,10,10,0,Low
iB_04760,TC010102,LG7,I,20,100,40,Low
iB_04761,TC010104,LG7,I,100,100,70,Yes
iB_04762,TC010107,LG7,I,10,30,30,Low
iB_04763,TC010108,LG7,I,20,80,10,Low
iB_04764,TC010113,LG7,I,90,100,0,High
iB_04765,TC010130,LG7,I,20,20,50,Low
iB_04766,TC010143,LG7,I,30,30,40,Low
iB_04767,TC031214,LG7,I,20,30,20,Low
iB_04768,TC010150,LG7,I,10,70,0,Low
iB_04769,TC010154,LG7,I,10,20,10,Low
iB_04770,TC010155,LG7,I,0,100,30,Low
iB_04771,TC010157,LG7,I,20,30,20,Low
iB_04772,TC033857,LG7,I,20,40,0,Low
iB_04773,TC010163,LG7,I,10,20,20,Low
iB_04774,TC010166,LG7,I,20,30,0,Low
iB_04775,TC010167,LG7,I,10,60,30,Low
iB_04776,TC010170,LG7,I,0,0,30,Low
iB_04777,TC010172,LG7,I,40,90,50,Low
iB_04778,TC010176,LG7,II,70,,70,Low
iB_04779,TC010181,LG7,I,0,100,20,Low
iB_04780,TC010191,LG7,II,30,,10,Low
iB_04781,TC010195,LG7,I,10,50,0,Low
iB_04782,TC010196,LG7,I,20,20,20,Low
iB_04783,TC033836,LG7,I,10,10,50,Low
iB_04784,TC010201,LG7,II,40,,20,Low
iB_04785,TC010204,LG7,II,50,,30,Low
iB_04786,TC010205,LG7,II,50,,10,Low
iB_04787,TC010207,LG7,I,0,30,30,Low
iB_04788,TC010212,LG7,I,20,20,20,Low
iB_04789,TC031215,LG7,I,10,80,0,Low
iB_04801,TC010266,LG3,II,30,,10,Low
iB_04802,TC010267,LG3,I,20,30,20,Low
iB_04803,TC031763,LG3,I,20,70,60,Low
iB_04805,TC002591,LG3,I,20,20,50,Low
iB_04809,TC010323,LG3,II,60,,0,Low
iB_04810,TC010324,LG3,I,20,40,40,Low
iB_04811,TC010327,LG3,I,20,20,0,Low
iB_04812,TC010328,LG3,I,10,10,10,Low
iB_04813,TC010329,LG3,I,10,10,20,Low
iB_04814,TC010330,LG3,I,10,30,30,Low
iB_04816,TC010334,LG3,I,100,100,60,Yes
iB_04817,TC010343,LG3,II,30,,10,Low
iB_04818,TC032589,LG3,I,10,20,30,Low
iB_04819,TC032583,LG3,I,0,0,30,Low
iB_04820,TC010359,LG3,II,60,,30,Low
iB_04821,TC010364,LG3,I,20,30,20,Low
iB_04822,TC010364,LG3,I,10,10,20,Low
iB_04823,TC010368,LG3,I,10,20,60,Low
iB_04824,TC010370,LG3,I,0,10,0,Low
iB_04825,TC010371,LG3,II,60,,0,Low
iB_04826,TC010378,LG3,I,10,10,60,Low
iB_04827,TC010379,LG3,I,20,30,40,Low
iB_04828,TC032595,LG3,I,0,20,20,Low
iB_04829,TC010386,LG3,I,0,100,10,Low
iB_04830,TC010387,LG3,I,30,30,20,Low
iB_04831,TC010402,LG5,I,10,10,40,Low
iB_04832,TC010404,LG5,I,10,100,100,Low
iB_04833,TC010406,LG5,I,70,100,60,Low
iB_04834,TC010421,LG5,I,90,100,30,High
iB_04835,TC010439,LG5,I,10,10,60,Low
iB_04836,TC010440,LG5,I,50,60,20,Low
iB_04837,TC010445,LG5,I,30,50,70,Low
iB_04838,TC010447,LG5,I,40,60,0,Low
iB_04839,TC010449,LG5,I,20,40,20,Low
iB_04840,TC010455,LG5,I,0,50,20,Low
iB_04841,TC033101,LG5,II,30,,0,Low
iB_04842,TC010464,LG5,I,20,100,30,Low
iB_04843,TC033104,LG5,I,30,30,30,Low
iB_04844,TC033105,LG5,I,20,30,40,Low
iB_04851,TC001989,LG3,I,10,30,20,Low
iB_04852,TC010493,LG3,I,20,100,30,Low
iB_04853,TC010496,LG3,I,20,100,0,Low
iB_04854,TC010498,LG3,I,0,0,20,Low
iB_04855,TC010500,LG3,I,0,20,20,Low
iB_04856,TC010503,LG3,I,0,10,50,Low
iB_04857,TC010505,LG3,I,10,10,30,Low
iB_04858,TC010507,LG3,II,70,,10,Low
iB_04859,TC010508,LG3,I,20,20,0,Low
iB_04860,TC010516,LG3,I,60,80,40,Low
iB_04861,TC010520,LG3,I,10,20,40,Low
iB_04862,TC010526,LG3,I,0,0,0,Low
iB_04864,TC031048,LG3,I,30,30,50,Low
iB_04865,TC010534,LG3,II,60,,50,Low
iB_04866,TC032516,LG3,I,0,10,40,Low
iB_04867,TC010543,LG3,II,33.33333333,,20,Low
iB_04868,TC010549,LG3,I,60,100,70,Low
iB_04874,TC010578,LG7,I,10,10,10,Low
iB_04875,TC010590,LG7,I,10,10,0,Low
iB_04876,TC010595,LG7,II,80,,20,Low
iB_04877,TC010596,LG7,I,80,100,10,Low
iB_04878,TC010597,LG7,I,0,20,20,Low
iB_04879,TC033655,LG7,I,30,30,10,Low
iB_04883,TC010635,LG9,I,50,100,90,Low
iB_04884,TC010636,LG9,I,0,0,30,Low
iB_04885,TC010639,LG9,I,100,100,100,Yes
iB_04886,TC010649,LG9,I,0,0,40,Low
iB_04887,TC010650,LG9,I,30,100,20,Low
iB_04888,TC010652,LG9,I,50,100,0,Low
iB_04889,TC010653,LG9,I,100,100,10,Yes
iB_04890,TC010654,LG9,I,0,0,20,Low
iB_04891,TC010661,LG9,I,10,10,20,Low
iB_04892,TC010668,LG9,I,10,20,30,Low
iB_04893,TC034351,LG9,II,10,,10,Low
iB_04894,TC010672,LG9,I,10,10,10,Low
iB_04895,TC010677,LG9,I,30,40,30,Low
iB_04905,TC010763,LGX,I,20,20,10,Low
iB_04906,TC010764,LGX,I,0,0,0,Low
iB_04907,TC010769,LGX,I,0,0,10,Low
iB_04908,TC010783,LGX,I,0,0,0,Low
iB_04910,TC031539,LGX,I,0,0,40,Low
iB_04911,TC010803,LGX,I,0,10,50,Low
iB_04912,TC031532,LGX,I,20,50,10,Low
iB_04913,TC010811,LGX,I,10,10,30,Low
iB_04914,TC010815,LGX,I,0,0,20,Low
iB_04915,TC010824,LGX,I,0,40,30,Low
iB_04916,TC010838,LGX,I,20,100,60,Low
iB_04917,TC010841,LGX,II,80,,10,Low
iB_04918,TC010845,LGX,I,0,0,10,Low
iB_04919,TC010848,LGX,I,20,70,30,Low
iB_04920,TC010850,LGX,I,90,100,100,High
iB_04921,TC010853,LGX,I,100,100,90,Yes
iB_04922,TC010856,LGX,I,10,10,20,Low
iB_04923,TC031541,LGX,I,10,10,0,Low
iB_04925,TC010874,LGX,II,20,,0,Low
iB_04926,TC010876,LGX,I,0,0,20,Low
iB_04927,TC010877,LGX,I,10,10,10,Low
iB_04928,TC033004,LG5,II,50,,0,Low
iB_04929,TC010895,LG5,I,10,10,10,Low
iB_04930,TC010896,LG5,I,20,20,10,Low
iB_04931,TC033006,LG5,I,0,100,30,Low
iB_04932,TC010898,LG5,I,0,0,20,Low
iB_04933,TC010900,LG5,I,100,100,100,Yes
iB_04934,TC033009,LG5,I,0,0,70,Low
iB_04935,TC033019,LG5,I,20,70,10,Low
iB_04936,TC010916,LG5,I,0,20,0,Low
iB_04937,TC010927,LG5,I,0,0,10,Low
iB_04938,TC010930,LG5,I,0,0,40,Low
iB_04939,TC010931,LG5,I,10,10,40,Low
iB_04940,TC010937,LG5,I,10,10,10,Low
iB_04941,TC010939,LG5,I,10,10,20,Low
iB_04942,TC033010,LG5,I,0,0,10,Low
iB_04943,TC010944,LG5,I,0,10,10,Low
iB_04944,TC010949,LG5,I,0,0,10,Low
iB_04945,TC010952,LG5,I,0,20,20,Low
iB_04946,TC010953,LG5,I,0,10,30,Low
iB_04947,TC010955,LG5,I,10,20,20,Low
iB_04948,TC033000,LG5,I,10,20,0,Low
iB_04949,TC010958,LG5,I,20,20,10,Low
iB_04950,TC010960,LG9,I,10,10,20,Low
iB_04951,TC010961,LG9,I,50,100,0,Low
iB_04952,TC034279,LG9,I,10,20,10,Low
iB_04953,TC010967,LG9,I,10,30,20,Low
iB_04954,TC034277,LG9,I,0,20,40,Low
iB_04955,TC034277,LG9,I,20,20,-1,Low
iB_04957,TC010974,LG9,I,30,70,60,Low
iB_04958,TC010989,LG9,I,10,10,0,Low
iB_04959,TC010992,LG9,I,20,30,10,Low
iB_04962,TC011007,LG10,I,30,100,10,Low
iB_04963,TC011010,LG10,I,20,20,0,Low
iB_04964,TC011033,LG10,I,20,70,30,Low
iB_04966,TC011056,LG10,I,70,100,70,Low
iB_04967,TC031404,LG10,I,10,10,50,Low
iB_04968,TC011066,LG10,I,20,40,10,Low
iB_04972,TC011126,LG10,II,10,,10,Low
iB_04973,TC011137,LG10,I,40,100,20,Low
iB_04974,TC011139,LG10,II,90,,100,High
iB_04975,TC011140,LG10,I,20,20,10,Low
iB_04976,TC031371,LG10,II,20,,0,Low
iB_04978,TC011169,LG10,I,10,20,30,Low
iB_04979,TC011170,LG10,I,20,30,50,Low
iB_04980,TC011180,LG10,I,10,50,0,Low
iB_04981,TC011184,LG10,II,20,,20,Low
iB_04982,TC011190,LG3,I,0,60,0,Low
iB_04983,TC011192,LG3,I,70,80,10,Low
iB_04984,TC011193,LG3,I,100,100,100,Yes
iB_04985,TC011196,LG3,I,20,20,20,Low
iB_04986,TC011206,LG10,I,20,100,0,Low
iB_04987,TC011210,LG10,I,30,100,0,Low
iB_04988,TC011212,LG10,I,20,30,40,Low
iB_04989,TC011214,LG10,I,10,90,40,Low
iB_04991,TC031335,LG10,I,0,30,20,Low
iB_04992,TC011225,LG10,I,80,100,30,Low
iB_04993,TC011226,LG10,I,20,60,20,Low
iB_04994,TC011227,LG10,I,10,30,0,Low
iB_04995,TC011228,LG10,I,20,100,0,Low
iB_04996,TC011230,LG10,I,20,40,0,Low
iB_04997,TC011231,LG10,I,10,20,10,Low
iB_04998,TC011233,LG10,I,10,30,40,Low
iB_04999,TC011236,LG10,I,10,40,40,Low
iB_05002,TC011250,LG10,I,30,100,50,Low
iB_05003,TC011251,LG10,I,90,100,0,High
iB_05004,TC011252,LG10,I,100,100,10,Yes
iB_05005,TC011257,LG10,I,10,20,40,Low
iB_05006,TC011263,LG10,I,50,100,100,Low
iB_05008,TC031361,LG3,I,10,30,40,Low
iB_05009,TC011304,LG3,I,20,60,40,Low
iB_05010,TC011305,LG10,I,10,10,50,Low
iB_05011,TC011311,LG10,I,40,100,10,Low
iB_05012,TC011313,LG10,I,30,40,0,Low
iB_05013,TC011318,LG10,I,0,10,10,Low
iB_05014,TC011325,LG10,I,70,100,20,Low
iB_05015,TC011337,LG10,I,20,30,0,Low
iB_05016,TC031375,LG10,II,60,,30,Low
iB_05017,TC031375,LG10,I,10,10,20,Low
iB_05018,TC011351,LG10,I,10,30,10,Low
iB_05019,TC031384,LG10,I,40,90,10,Low
iB_05020,TC011356,LG10,I,0,0,20,Low
iB_05029,TC031399,LG10,I,20,40,20,Low
iB_05030,TC031400,LG10,I,0,0,40,Low
iB_05031,TC011404,LG10,I,60,90,0,Low
iB_05032,TC011413,LG10,I,0,10,0,Low
iB_05033,TC011419,LG10,I,20,60,10,Low
iB_05034,TC011430,LG10,I,10,20,10,Low
iB_05035,TC011438,LG10,I,0,0,10,Low
iB_05037,TC011448,LG10,I,0,10,30,Low
iB_05038,TC011451,LG10,I,20,20,10,Low
iB_05039,TC011457,LG10,II,50,,0,Low
iB_05040,TC011462,LG10,I,20,20,10,Low
iB_05041,TC031445,LG10,I,40,50,20,Low
iB_05042,TC011476,LG10,II,40,,30,Low
iB_05043,TC011477,LG10,I,10,50,10,Low
iB_05044,TC011510,LG3,I,0,10,0,Low
iB_05045,TC011514,LG3,I,60,100,40,Low
iB_05046,TC011521,LG3,II,10,,20,Low
iB_05047,TC011524,LG3,I,10,20,10,Low
iB_05048,TC011526,LG3,I,80,100,10,Low
iB_05049,TC011532,LG3,I,0,20,20,Low
iB_05050,TC011533,LG3,II,60,,20,Low
iB_05051,TC011538,LG3,I,50,70,30,Low
iB_05052,TC011539,LG3,II,20,,0,Low
iB_05053,TC011542,LG3,I,0,75,10,Low
iB_05054,TC011550,LG3,I,10,100,10,Low
iB_05059,TC011603,LG9,I,30,40,30,Low
iB_05060,TC011606,LG9,I,10,20,30,Low
iB_05061,TC011609,LG9,I,0,20,0,Low
iB_05063,TC011615,LG9,I,10,10,10,Low
iB_05064,TC011626,LG9,I,20,50,10,Low
iB_05065,TC011633,LG9,I,10,20,40,Low
iB_05066,TC011648,LG9,I,30,30,10,Low
iB_05067,TC011653,LG9,I,20,40,50,Low
iB_05069,TC011656,LG9,I,20,80,0,Low
iB_05070,TC011657,LG9,I,40,40,40,Low
iB_05071,TC011660,LG9,I,30,100,30,Low
iB_05072,TC011662,LG9,I,30,30,10,Low
iB_05073,TC011665,LG9,I,10,30,0,Low
iB_05074,TC011667,LG9,I,10,30,10,Low
iB_05075,TC034465,LG9,I,20,20,0,Low
iB_05076,TC011671,LG9,I,10,10,0,Low
iB_05077,TC031252,LG9,II,30,,20,Low
iB_05078,TC011676,LG9,I,30,40,30,Low
iB_05079,TC031250,LG9,I,80,90,20,Low
iB_05080,TC011682,LG9,I,10,10,20,Low
iB_05081,TC011685,LG9,II,0,,0,Low
iB_05082,TC011690,LG9,I,10,100,100,Low
iB_05083,TC011697,LG9,I,0,100,50,Low
iB_05084,TC034458,LG9,I,30,40,0,Low
iB_05085,TC011702,LG9,II,30,,20,Low
iB_05086,TC011709,LG9,I,30,40,20,Low
iB_05087,TC011713,LG9,II,30,,30,Low
iB_05088,TC011716,LG9,I,0,70,30,Low
iB_05089,TC011720,LG9,II,80,,10,Low
iB_05091,TC011724,LG9,I,0,70,20,Low
iB_05092,TC034449,LG9,I,10,100,10,Low
iB_05093,TC011735,LG9,I,0,0,0,Low
iB_05094,TC011737,LG9,II,20,,10,Low
iB_05095,TC011744,LG9,I,0,10,20,Low
iB_05096,TC011748,LG9,I,20,100,10,Low
iB_05097,TC034444,LG9,I,100,100,100,Yes
iB_05098,TC011763,LG9,I,40,100,10,Low
iB_05099,TC011768,LG9,I,10,20,60,Low
iB_05100,TC011769,LG9,I,10,80,30,Low
iB_05101,TC011771,LG9,I,10,100,100,Low
iB_05102,TC011782,LG9,I,100,100,20,Yes
iB_05103,TC034441,LG9,I,20,20,60,Low
iB_05105,TC011791,LG9,I,0,20,20,Low
iB_05106,TC034435,LG9,I,30,30,10,Low
iB_05108,TC011827,LG9,I,0,10,20,Low
iB_05109,TC011833,LG9,II,20,,0,Low
iB_05110,TC011836,LG9,I,10,10,30,Low
iB_05111,TC011840,LG9,I,0,0,30,Low
iB_05112,TC011844,LG9,I,0,0,30,Low
iB_05113,TC011845,LG9,I,10,10,30,Low
iB_05115,TC011848,LG9,I,0,90,20,Low
iB_05116,TC011859,LG9,II,60,,50,Low
iB_05117,TC011861,LG9,I,60,60,20,Low
iB_05118,TC011863,LG9,I,10,10,20,Low
iB_05119,TC034418,LG9,I,40,100,50,Low
iB_05120,TC011870,LG9,I,30,60,20,Low
iB_05121,TC011872,LG9,I,10,30,0,Low
iB_05122,TC011893,LG9,I,0,0,20,Low
iB_05123,TC011913,LG9,I,20,20,40,Low
iB_05124,TC011917,LG9,I,0,0,0,Low
iB_05125,TC011922,LG9,I,40,40,40,Low
iB_05126,TC011923,LG9,II,60,,10,Low
iB_05127,TC011927,LG9,II,40,,10,Low
iB_05128,TC011930,LG9,I,10,20,40,Low
iB_05129,TC034383,LG9,I,0,0,10,Low
iB_05130,TC011937,LG9,I,100,100,0,Yes
iB_05131,TC011938,LG9,I,20,100,10,Low
iB_05133,TC011960,LG9,I,0,0,40,Low
iB_05134,TC011963,LG9,II,30,,10,Low
iB_05135,TC031243,LG9,I,0,0,20,Low
iB_05136,TC011968,LG9,II,30,,0,Low
iB_05138,TC011975,LG9,I,20,20,30,Low
iB_05139,TC011976,LG9,I,10,10,30,Low
iB_05140,TC011978,LG9,I,40,100,50,Low
iB_05141,TC011986,LG9,I,10,100,100,Low
iB_05142,TC011988,LG9,I,10,100,60,Low
iB_05143,TC031239,LG9,I,10,40,10,Low
iB_05144,TC011998,LG9,I,30,30,10,Low
iB_05146,TC034874,LG9,I,20,40,0,Low
iB_05147,TC012011,LG9,I,40,50,0,Low
iB_05148,TC034344,LG9,I,10,10,10,Low
iB_05149,TC012015,LG9,I,100,100,40,Yes
iB_05150,TC012016,LG9,I,10,10,10,Low
iB_05151,TC012018,LG9,I,10,100,20,Low
iB_05152,TC012027,LG9,I,0,0,10,Low
iB_05153,TC012032,LG9,I,10,90,100,Low
iB_05154,TC012035,LG9,I,50,60,20,Low
iB_05155,TC012039,LG9,I,0,0,10,Low
iB_05156,TC012042,LG9,II,30,,10,Low
iB_05157,TC012044,LG9,I,10,20,10,Low
iB_05159,TC012050,LG9,I,30,50,10,Low
iB_05160,TC012060,LG9,I,0,0,20,Low
iB_05161,TC012067,LG9,I,20,70,20,Low
iB_05162,TC012072,LG9,I,0,0,0,Low
iB_05163,TC012074,LG9,I,0,30,10,Low
iB_05164,TC012080,LG9,II,33.33333333,,10,Low
iB_05166,TC034318,LG9,II,10,,0,Low
iB_05167,TC012091,LG9,I,20,20,10,Low
iB_05168,TC012096,LG9,I,30,30,30,Low
iB_05169,TC012100,LG9,I,10,70,50,Low
iB_05170,TC034311,LG9,I,10,20,30,Low
iB_05171,TC034867,LG9,I,10,60,30,Low
iB_05172,TC034305,LG9,II,40,,0,Low
iB_05173,TC012114,LG9,II,50,,20,Low
iB_05174,TC012116,LG9,I,0,20,30,Low
iB_05175,TC012119,LG9,I,0,0,40,Low
iB_05176,TC012121,LG9,I,100,100,20,Yes
iB_05177,TC034301,LG9,I,30,30,10,Low
iB_05178,TC034299,LG9,I,10,30,40,Low
iB_05179,TC034296,LG9,I,0,100,20,Low
iB_05180,TC012133,LG9,I,0,100,100,Low
iB_05181,TC012137,LG9,I,10,10,50,Low
iB_05182,TC012149,LG9,I,10,100,30,Low
iB_05183,TC012150,LG9,I,10,10,30,Low
iB_05184,TC012166,LG9,I,30,50,40,Low
iB_05185,TC012170,LG9,I,10,20,10,Low
iB_05186,TC012174,LG9,I,10,10,20,Low
iB_05187,TC012175,LG9,I,100,100,100,Yes
iB_05188,TC012187,LG9,I,10,60,20,Low
iB_05189,TC012188,LG9,I,10,10,40,Low
iB_05190,TC012189,LG9,I,10,10,10,Low
iB_05191,TC012322,LG9,I,10,100,10,Low
iB_05192,TC012212,LG9,I,40,40,10,Low
iB_05193,TC012228,LG9,I,20,20,0,Low
iB_05194,TC012230,LG9,I,40,40,10,Low
iB_05195,TC012239,LG9,I,0,20,10,Low
iB_05196,TC012241,LG9,I,0,0,30,Low
iB_05197,TC035002,LG9,I,10,10,40,Low
iB_05198,TC031226,LG9,I,10,10,40,Low
iB_05199,TC012250,LG9,I,20,30,50,Low
iB_05200,TC012252,LG9,I,30,30,40,Low
iB_05201,TC012253,LG9,I,11.11,11.11,20,Low
iB_05202,TC012257,LG9,I,0,12.5,30,Low
iB_05203,TC032528,LG9,I,10,10,10,Low
iB_05204,TC012273,LG9,I,80,100,30,Low
iB_05205,TC012276,LG9,I,30,30,10,Low
iB_05206,TC012278,LG9,I,100,100,30,Yes
iB_05207,TC012282,LG9,I,20,30,20,Low
iB_05208,TC012285,LG9,I,20,20,30,Low
iB_05209,TC034242,LG9,I,10,40,40,Low
iB_05210,TC034243,LG9,II,30,,30,Low
iB_05211,TC012301,LG9,I,0,0,10,Low
iB_05212,TC012310,LG9,I,10,10,10,Low
iB_05213,TC012311,LG9,I,80,100,60,Low
iB_05214,TC012326,LG9,I,20,33.33,20,Low
iB_05215,TC012328,LG9,I,40,50,10,Low
iB_05216,TC012332,LG9,I,10,10,20,Low
iB_05217,TC034297,LG9,I,40,100,40,Low
iB_05218,TC012341,LG9,II,80,,30,Low
iB_05219,TC012346,LG9,I,0,0,50,Low
iB_05220,TC012347,LG9,I,30,40,20,Low
iB_05221,TC012348,LG9,I,40,100,30,Low
iB_05222,TC012351,LG9,I,30,30,40,Low
iB_05223,TC012353,LG9,II,50,,40,Low
iB_05224,TC012356,LG9,II,20,,100,Low
iB_05225,TC012357,LG9,I,20,30,20,Low
iB_05226,TC012366,LG9,I,10,30,20,Low
iB_05227,TC012379,LG9,II,40,,10,Low
iB_05228,TC012380,LG9,I,10,10,50,Low
iB_05229,TC012381,LG9,I,100,100,100,Yes
iB_05230,TC012383,LG9,I,10,10,0,Low
iB_05231,TC012384,LG9,I,0,20,40,Low
iB_05232,TC012388,LG9,I,100,100,100,Yes
iB_05233,TC012392,LG9,I,50,100,10,Low
iB_05234,TC012393,LG9,I,40,40,10,Low
iB_05235,TC034317,LG9,I,100,100,40,Yes
iB_05236,TC012411,LG9,I,20,37.5,10,Low
iB_05237,TC012416,LG9,I,20,87.5,40,Low
iB_05238,TC012418,LG9,I,30,62.5,10,Low
iB_05239,TC012422,LG9,I,20,20,0,Low
iB_05240,TC012423,LG9,I,10,20,20,Low
iB_05241,TC034331,LG9,I,10,10,10,Low
iB_05242,TC012432,LG9,I,10,20,10,Low
iB_05243,TC012449,LG9,I,70,100,90,Low
iB_05244,TC012451,LG9,I,40,50,20,Low
iB_05245,TC012457,LG9,I,30,30,30,Low
iB_05246,TC034342,LG9,I,20,100,30,Low
iB_05247,TC012475,LG9,I,10,10,40,Low
iB_05248,TC012483,LG9,I,0,0,20,Low
iB_05249,TC012488,LG9,I,20,30,30,Low
iB_05250,TC012491,LG9,I,0,10,20,Low
iB_05251,TC034362,LG9,I,90,100,10,High
iB_05252,TC012499,LG9,I,10,20,20,Low
iB_05253,TC012507,LG9,I,40,40,10,Low
iB_05254,TC012509,LG9,I,0,10,30,Low
iB_05255,TC012510,LG9,I,0,0,40,Low
iB_05256,TC004987,LG9,I,30,30,20,Low
iB_05257,TC012518,LG9,I,10,20,30,Low
iB_05258,TC012521,LG9,II,70,,30,Low
iB_05259,TC012528,LG9,I,10,10,20,Low
iB_05260,TC034379,LG9,I,20,40,40,Low
iB_05261,TC012532,LG9,I,20,20,40,Low
iB_05262,TC012533,LG9,I,40,50,20,Low
iB_05263,TC012536,LG9,I,80,100,20,Low
iB_05264,TC012539,LG9,I,20,30,60,Low
iB_05266,TC012549,LG9,I,10,10,40,Low
iB_05267,TC012555,LG9,I,40,40,10,Low
iB_05268,TC012561,LG9,I,100,100,60,Yes
iB_05270,TC012567,LG9,I,20,20,40,Low
iB_05271,TC012570,LG9,I,10,30,20,Low
iB_05272,TC012571,LG9,I,20,100,20,Low
iB_05273,TC012574,LG9,II,30,,0,Low
iB_05274,TC012578,LG9,I,40,40,10,Low
iB_05275,TC012583,LG9,I,10,10,10,Low
iB_05276,TC011907,LG9,II,20,,20,Low
iB_05277,TC034399,LG9,I,30,40,60,Low
iB_05278,TC034399,LG9,I,10,10,60,Low
iB_05279,TC012611,LG9,II,20,,20,Low
iB_05280,TC034405,LG9,I,30,87.5,40,Low
iB_05281,TC012616,LG9,I,0,0,20,Low
iB_05282,TC012636,LG9,II,30,,20,Low
iB_05283,TC012640,LG9,I,30,30,30,Low
iB_05284,TC034421,LG9,I,30,62.5,50,Low
iB_05285,TC034421,LG9,I,10,10,40,Low
iB_05286,TC012655,LG9,II,80,,90,Low
iB_05287,TC012657,LG9,I,20,20,20,Low
iB_05288,TC012661,LG9,I,30,30,10,Low
iB_05289,TC012662,LG9,I,20,20,20,Low
iB_05290,TC012664,LG9,I,30,100,30,Low
iB_05291,TC012666,LG9,II,30,,10,Low
iB_05292,TC034427,LG9,I,30,100,40,Low
iB_05293,TC012671,LG9,I,100,100,100,Yes
iB_05294,TC012672,LG9,I,20,40,30,Low
iB_05295,TC012687,LG9,I,20,100,40,Low
iB_05296,TC031248,LG9,I,30,30,40,Low
iB_05297,TC012697,LG9,II,60,,10,Low
iB_05298,TC012698,LG9,I,10,10,30,Low
iB_05299,TC012700,LG9,II,50,,0,Low
iB_05300,TC034436,LG9,I,20,20,30,Low
iB_05301,TC012706,LG9,I,60,100,60,Low
iB_05302,TC034442,LG9,I,50,100,40,Low
iB_05303,TC012723,LG9,I,100,100,100,Yes
iB_05304,TC012726,LG9,I,10,10,10,Low
iB_05305,TC012731,LG9,I,20,40,30,Low
iB_05306,TC012735,LG9,I,30,100,50,Low
iB_05307,TC012737,LG9,I,20,20,40,Low
iB_05308,TC012748,LG9,I,10,20,40,Low
iB_05309,TC012752,LG9,I,10,10,40,Low
iB_05311,TC012756,LG9,I,0,20,30,Low
iB_05312,TC012758,LG9,I,10,10,30,Low
iB_05313,TC034448,LG9,I,50,90,30,Low
iB_05314,TC034892,LG9,I,20,20,20,Low
iB_05315,TC012772,LG9,I,10,10,20,Low
iB_05316,TC012779,LG9,I,30,50,30,Low
iB_05317,TC012783,LG9,I,30,40,40,Low
iB_05318,TC012786,LG9,I,40,50,30,Low
iB_05319,TC012787,LG9,I,30,40,20,Low
iB_05320,TC034460,LG9,I,20,30,20,Low
iB_05321,TC012796,LG9,I,10,20,20,Low
iB_05322,TC012797,LG9,I,10,10,20,Low
iB_05323,TC034462,LG9,II,60,,30,Low
iB_05324,TC012802,LG9,I,0,0,0,Low
iB_05325,TC012816,LG9,I,70,100,50,Low
iB_05326,TC012819,LG9,I,100,100,10,Yes
iB_05327,TC012821,LG9,I,20,40,50,Low
iB_05328,TC012823,LG9,II,100,,0,Yes
iB_05329,TC012828,LG9,I,10,50,20,Low
iB_05330,TC012833,LG9,I,22.22,22.22,20,Low
iB_05331,TC012834,LG9,I,30,42.86,20,Low
iB_05332,TC011636,LG9,I,0,10,30,Low
iB_05333,TC012838,LG9,I,22.22,22.22,30,Low
iB_05334,TC012840,LG9,I,30,30,20,Low
iB_05335,TC012841,LG9,I,20,30,30,Low
iB_05336,TC012842,LG9,II,90,,10,High
iB_05337,TC012848,LG9,I,10,30,40,Low
iB_05338,TC012850,LG9,I,100,100,70,Yes
iB_05339,TC012851,LG9,I,40,40,40,Low
iB_05340,TC012854,LG9,I,10,10,10,Low
iB_05341,TC012856,LG9,I,40,40,40,Low
iB_05342,TC012857,LG9,I,20,40,30,Low
iB_05343,TC011620,LG9,I,90,100,60,High
iB_05344,TC012861,LG9,I,0,20,20,Low
iB_05345,TC012866,LG9,II,100,,100,Yes
iB_05347,TC012875,LG9,I,30,40,60,Low
iB_05348,TC012880,LG9,I,30,60,30,Low
iB_05349,TC012889,LG3,I,20,30,30,Low
iB_05350,TC012891,LG3,II,100,,90,Yes
iB_05351,TC012892,LG3,I,20,20,60,Low
iB_05352,TC034613,LG3,I,100,100,40,Yes
iB_05353,TC012899,LG3,I,70,100,60,Low
iB_05354,TC034612,LG3,II,50,,10,Low
iB_05357,TC012918,LG2,II,70,,30,Low
iB_05358,TC012922,LG2,I,30,30,10,Low
iB_05359,TC012925,LG2,I,0,10,40,Low
iB_05360,TC012933,LG2,II,10,,10,Low
iB_05363,TC033563,LG7,I,10,30,60,Low
iB_05366,TC012995,LG5,I,10,20,20,Low
iB_05367,TC012996,LG5,I,40,60,30,Low
iB_05368,TC012997,LG5,I,30,40,0,Low
iB_05369,TC034711,LG5,II,10,,0,Low
iB_05370,TC013003,LG5,I,100,100,100,Yes
iB_05371,TC033271,LG5,I,30,50,50,Low
iB_05372,TC013017,LG5,I,0,0,40,Low
iB_05373,TC033264,LG5,I,20,20,20,Low
iB_05374,TC013028,LG5,I,20,20,20,Low
iB_05375,TC013039,LG5,I,0,0,30,Low
iB_05376,TC033254,LG5,I,0,0,40,Low
iB_05377,TC013042,LG5,I,20,30,50,Low
iB_05378,TC013058,LG5,I,22.22,100,50,Low
iB_05379,TC013073,LG5,I,20,20,30,Low
iB_05380,TC013080,LG5,I,20,20,40,Low
iB_05381,TC013086,LG5,I,10,30,30,Low
iB_05382,TC013089,LG5,I,20,20,40,Low
iB_05383,TC033243,LG5,I,30,30,40,Low
iB_05385,TC013108,LG5,I,0,10,30,Low
iB_05386,TC013115,LG5,I,40,60,30,Low
iB_05387,TC013119,LG5,I,100,100,60,Yes
iB_05388,TC013124,LG5,I,30,30,30,Low
iB_05389,TC013134,LG5,I,10,40,30,Low
iB_05390,TC031157,LG5,I,100,100,40,Yes
iB_05391,TC013156,LG5,I,30,30,10,Low
iB_05392,TC013160,LG5,I,20,30,20,Low
iB_05393,TC013163,LG5,II,90,,30,High
iB_05394,TC013165,LG5,I,30,50,50,Low
iB_05395,TC013166,LG5,I,50,50,10,Low
iB_05396,TC013169,LG5,II,90,,0,High
iB_05397,TC013170,LG5,I,20,30,50,Low
iB_05398,TC013185,LG5,I,40,40,20,Low
iB_05399,TC013190,LG5,I,10,10,60,Low
iB_05400,TC013191,LG5,I,0,10,40,Low
iB_05401,TC033193,LG5,I,20,20,20,Low
iB_05402,TC013240,LG5,II,40,,70,Low
iB_05403,TC013243,LG5,I,30,40,20,Low
iB_05404,TC013245,LG5,I,100,100,100,Yes
iB_05405,TC013247,LG5,I,30,40,50,Low
iB_05406,TC033180,LG5,II,40,,50,Low
iB_05407,TC033177,LG5,I,30,30,40,Low
iB_05408,TC031151,LG5,I,10,30,40,Low
iB_05409,TC031151,LG5,I,20,50,30,Low
iB_05410,TC014530,LG7,I,10,20,30,Low
iB_05411,TC013276,LG7,I,30,30,40,Low
iB_05412,TC013277,LG7,I,20,20,40,Low
iB_05413,TC013279,LG7,I,22.22,33.33,50,Low
iB_05414,TC013280,LG7,I,30,50,50,Low
iB_05415,TC034782,LG7,I,40,50,0,Low
iB_05416,TC013294,LG7,II,50,,90,Low
iB_05418,TC013321,LG5,I,40,60,60,Low
iB_05419,TC033171,LG5,II,33.33333333,,60,Low
iB_05420,TC013339,LG5,II,10,,20,Low
iB_05421,TC013355,LG5,I,40,50,50,Low
iB_05422,TC013367,LG5,I,25,50,50,Low
iB_05424,TC013376,LG5,I,37.5,100,10,Low
iB_05425,TC013380,LG5,I,0,0,40,Low
iB_05426,TC013383,LG5,I,20,20,40,Low
iB_05427,TC013403,LG5,I,10,10,30,Low
iB_05428,TC013408,LG5,I,80,100,90,Low
iB_05430,TC033149,LG5,I,30,30,10,Low
iB_05431,TC013418,LG5,I,10,44.44,60,Low
iB_05432,TC033148,LG5,II,20,,30,Low
iB_05433,TC013421,LG5,I,30,40,40,Low
iB_05434,TC013432,LG5,I,10,10,0,Low
iB_05435,TC013451,LG5,I,50,100,80,Low
iB_05436,TC013456,LG5,I,33.33,83.33,50,Low
iB_05437,TC013459,LG5,II,30,,0,Low
iB_05438,TC033129,LG5,I,40,100,10,Low
iB_05439,TC013474,LG5,II,50,,30,Low
iB_05440,TC013489,LG5,I,20,30,50,Low
iB_05441,TC013504,LG5,I,20,30,40,Low
iB_05442,TC033122,LG5,I,10,20,10,Low
iB_05443,TC013522,LG5,I,10,10,40,Low
iB_05444,TC013528,LG5,II,100,,90,Yes
iB_05445,TC013530,LG5,I,0,10,60,Low
iB_05446,TC013536,LG5,I,88.89,88.89,80,Low
iB_05447,TC013539,LG5,I,90,90,30,High
iB_05448,TC013544,LG5,I,0,10,30,Low
iB_05449,TC013545,LG5,II,20,,0,Low
iB_05450,TC013551,LG5,II,37.5,,20,Low
iB_05451,TC013553,LG5,I,0,10,60,Low
iB_05452,TC013559,LG5,I,50,60,40,Low
iB_05453,TC013561,LG5,I,25,25,20,Low
iB_05454,TC013562,LG5,I,0,10,40,Low
iB_05455,TC031511,LGX,II,90,,0,High
iB_05456,TC013569,LGX,I,20,60,20,Low
iB_05457,TC031509,LGX,I,50,50,10,Low
iB_05458,TC013578,LGX,I,20,30,70,Low
iB_05459,TC013589,LGX,I,0,14.29,20,Low
iB_05460,TC013590,LGX,I,30,50,40,Low
iB_05461,TC013603,LGX,I,10,20,20,Low
iB_05462,TC013607,LGX,II,50,,30,Low
iB_05463,TC013608,LGX,I,22.22,22.22,20,Low
iB_05464,TC013614,LGX,I,40,40,70,Low
iB_05465,TC013622,LGX,I,70,100,30,Low
iB_05466,TC013623,LGX,I,40,50,0,Low
iB_05467,TC013628,LGX,I,10,30,30,Low
iB_05468,TC013631,LGX,I,60,60,40,Low
iB_05469,TC031494,LGX,I,90,100,20,High
iB_05470,TC013633,LGX,II,30,,0,Low
iB_05471,TC013635,LGX,I,10,12.5,60,Low
iB_05472,TC013645,LG5,I,60,60,40,Low
iB_05473,TC013650,LG5,I,50,87.5,10,Low
iB_05474,TC013655,LG5,I,50,60,30,Low
iB_05475,TC013660,LG5,I,10,30,40,Low
iB_05476,TC013682,LG5,I,30,40,50,Low
iB_05477,TC013689,LG5,I,30,100,0,Low
iB_05478,TC013699,LG5,I,30,50,50,Low
iB_05479,TC013700,LG5,I,20,30,10,Low
iB_05480,TC013702,LG5,I,0,20,60,Low
iB_05481,TC013703,LG5,I,40,100,0,Low
iB_05482,TC013717,LG5,I,60,70,0,Low
iB_05483,TC013718,LG5,I,30,50,10,Low
iB_05484,TC013723,LG5,I,30,62.5,30,Low
iB_05485,TC013735,LG5,I,20,20,10,Low
iB_05486,TC013741,LG5,I,0,30,40,Low
iB_05487,TC031140,LG5,I,10,20,30,Low
iB_05488,TC013745,LG5,I,20,30,40,Low
iB_05489,TC013749,LG5,I,40,40,20,Low
iB_05490,TC013751,LG5,I,33.33,44.44,40,Low
iB_05491,TC013752,LG5,I,30,30,20,Low
iB_05492,TC013762,LG5,I,30,40,50,Low
iB_05493,TC013770,LG5,I,20,50,50,Low
iB_05494,TC033050,LG5,I,50,50,20,Low
iB_05495,TC013779,LG5,II,50,,40,Low
iB_05496,TC013781,LG5,I,33.33,44.44,30,Low
iB_05497,TC013787,LG5,I,40,50,10,Low
iB_05498,TC033042,LG5,I,33.33,66.67,20,Low
iB_05499,TC013794,LG5,I,40,60,10,Low
iB_05500,TC013795,LG5,I,30,40,20,Low
iB_05501,TC033041,LG5,I,0,0,40,Low
iB_05502,TC033041,LG5,I,50,50,50,Low
iB_05503,TC013804,LG5,I,20,20,50,Low
iB_05504,TC013813,LG5,I,87.5,100,20,Low
iB_05505,TC013816,LG5,I,20,20,50,Low
iB_05506,TC013822,LG5,II,30,,10,Low
iB_05507,TC013824,LG5,I,40,40,20,Low
iB_05508,TC013827,LG5,I,40,50,20,Low
iB_05509,TC013837,LG5,I,50,50,30,Low
iB_05511,TC013844,LG5,I,10,20,40,Low
iB_05512,TC033027,LG5,II,40,,10,Low
iB_05513,TC013858,LG5,I,50,100,40,Low
iB_05514,TC013868,LG5,I,10,10,30,Low
iB_05515,TC013872,LG5,I,33.33,100,0,Low
iB_05516,TC013874,LG5,I,50,90,10,Low
iB_05517,TC013890,LG5,I,50,100,0,Low
iB_05518,TC032992,LG5,I,10,20,50,Low
iB_05519,TC032990,LG5,I,30,57.14,30,Low
iB_05520,TC032990,LG5,I,10,20,40,Low
iB_05521,TC013909,LG5,I,10,50,70,Low
iB_05522,TC013912,LG5,I,60,100,30,Low
iB_05523,TC013913,LG5,I,60,70,30,Low
iB_05524,TC013915,LG5,I,10,10,20,Low
iB_05525,TC013918,LG5,I,10,10,30,Low
iB_05526,TC013939,LG5,I,100,100,100,Yes
iB_05527,TC013942,LG5,I,0,10,20,Low
iB_05528,TC013944,LG5,I,50,-1,50,Low
iB_05529,TC013945,LG5,I,66.66666667,-1,40,Low
iB_05530,TC013949,LG5,I,20,20,60,Low
iB_05531,TC033026,LG5,I,70,70,50,Low
iB_05532,TC033031,LG5,II,20,,10,Low
iB_05533,TC013838,LG5,I,0,10,20,Low
iB_05534,TC013974,LG5,II,20,,20,Low
iB_05535,TC013978,LG5,I,20,20,10,Low
iB_05536,TC013982,LG5,I,0,0,10,Low
iB_05537,TC013987,LG5,I,30,-1,30,Low
iB_05538,TC013995,LG5,II,30,,20,Low
iB_05539,TC013996,LG5,II,50,,40,Low
iB_05540,TC013999,LG5,I,60,-1,20,Low
iB_05541,TC033046,LG5,II,40,,40,Low
iB_05542,TC033046,LG5,I,90,100,50,High
iB_05543,TC014017,LG5,I,40,100,10,Low
iB_05544,TC014024,LG5,I,20,80,20,Low
iB_05545,TC014032,LG5,I,0,0,10,Low
iB_05546,TC014042,LG5,I,0,10,20,Low
iB_05547,TC014046,LG5,I,0,12.5,30,Low
iB_05548,TC014056,LG5,I,100,-1,40,Yes
iB_05549,TC014065,LG5,I,20,-1,20,Low
iB_05550,TC014075,LG5,I,100,100,80,Yes
iB_05551,TC014081,LG5,I,100,100,44.44,Yes
iB_05552,TC014084,LG5,I,30,75,30,Low
iB_05553,TC014085,LG5,I,10,10,20,Low
iB_05554,TC014089,LG5,I,10,30,30,Low
iB_05556,TC014093,LG5,I,10,10,10,Low
iB_05557,TC014098,LG5,II,20,,40,Low
iB_05558,TC014099,LG5,I,50,-1,40,Low
iB_05559,TC014105,LG5,II,50,,30,Low
iB_05560,TC014109,LG5,I,100,100,90,Yes
iB_05561,TC014111,LG5,I,60,60,20,Low
iB_05562,TC014116,LG5,I,20,20,40,Low
iB_05563,TC013672,LG5,I,0,50,10,Low
iB_05564,TC014131,LG5,I,10,10,0,Low
iB_05565,TC014134,LG5,I,0,0,20,Low
iB_05566,TC014135,LG5,I,20,-1,60,Low
iB_05567,TC033082,LG5,I,50,-1,60,Low
iB_05568,TC014147,LG5,I,20,30,30,Low
iB_05569,TC014149,LG5,I,40,100,40,Low
iB_05570,TC014152,LG5,I,50,50,30,Low
iB_05571,TC014154,LG5,I,10,10,40,Low
iB_05572,TC014155,LG5,I,30,40,40,Low
iB_05573,TC014156,LG5,I,10,20,10,Low
iB_05574,TC014160,LG5,I,20,-1,40,Low
iB_05575,TC014161,LG5,I,40,-1,30,Low
iB_05576,TC014162,LG5,I,20,20,20,Low
iB_05577,TC014167,LGX,I,20,30,30,Low
iB_05578,TC014172,LGX,I,0,0,30,Low
iB_05579,TC014181,LGX,I,60,60,30,Low
iB_05580,TC031495,LGX,I,100,100,80,Yes
iB_05581,TC014184,LGX,I,22.22222222,-1,10,Low
iB_05582,TC031499,LGX,II,40,,40,Low
iB_05583,TC014196,LGX,I,30,-1,20,Low
iB_05584,TC014205,LGX,I,40,40,30,Low
iB_05585,TC014209,LGX,I,0,20,20,Low
iB_05586,TC014210,LGX,I,30,100,30,Low
iB_05587,TC014211,LGX,I,10,10,20,Low
iB_05588,TC014213,LGX,I,10,10,20,Low
iB_05589,TC014214,LGX,I,20,20,40,Low
iB_05590,TC030884,LGX,I,10,-1,40,Low
iB_05591,TC014237,LGX,I,10,-1,50,Low
iB_05592,TC014241,LGX,I,80,100,80,Low
iB_05593,TC014243,LGX,I,20,20,20,Low
iB_05594,TC014248,LGX,I,50,50,0,Low
iB_05595,TC014254,LGX,I,0,10,50,Low
iB_05596,TC014259,LGX,I,10,20,30,Low
iB_05597,TC014263,LG5,I,10,10,20,Low
iB_05598,TC014264,LG5,I,40,-1,10,Low
iB_05599,TC014274,LG5,I,50,-1,50,Low
iB_05600,TC014276,LG5,I,10,20,60,Low
iB_05601,TC014278,LG5,I,0,0,40,Low
iB_05602,TC014281,LG5,I,10,10,30,Low
iB_05603,TC014287,LG5,I,0,0,20,Low
iB_05604,TC014294,LG5,I,100,100,100,Yes
iB_05605,TC014296,LG5,I,60,-1,30,Low
iB_05606,TC014298,LG5,I,40,-1,40,Low
iB_05607,TC014308,LG5,I,80,100,20,Low
iB_05608,TC014322,LG5,I,10,10,30,Low
iB_05609,TC014328,LG5,I,0,10,30,Low
iB_05610,TC014330,LG5,I,0,12.5,10,Low
iB_05611,TC014333,LG5,I,0,20,10,Low
iB_05612,TC014334,LG5,I,80,100,10,Low
iB_05613,TC033135,LG5,I,,-1,30,Low
iB_05614,TC014346,LG5,I,,-1,40,Low
iB_05615,TC014348,LG5,I,10,20,60,Low
iB_05616,TC014361,LG5,I,10,20,30,Low
iB_05617,TC033147,LG5,I,0,0,20,Low
iB_05618,TC014373,LG5,I,0,0,10,Low
iB_05619,TC014379,LG5,I,0,0,70,Low
iB_05620,TC033150,LG5,I,0,0,30,Low
iB_05621,TC014383,LG5,I,,-1,10,Low
iB_05622,TC014393,LG5,I,,-1,0,Low
iB_05623,TC014396,LG5,I,20,40,20,Low
iB_05624,TC014398,LG5,II,40,,10,Low
iB_05625,TC014400,LG5,I,20,100,60,Low
iB_05626,TC014402,LG5,I,50,70,80,Low
iB_05627,TC014407,LG5,I,10,20,40,Low
iB_05628,TC014413,LG5,I,100,100,100,Yes
iB_05629,TC014417,LG5,I,0,0,0,Low
iB_05630,TC033158,LG5,I,10,30,60,Low
iB_05631,TC014435,LG5,I,10,10,60,Low
iB_05632,TC014438,LG5,II,30,,20,Low
iB_05633,TC014443,LG5,I,90,100,30,High
iB_05634,TC033165,LG5,I,40,100,20,Low
iB_05635,TC014463,LG5,I,10,10,40,Low
iB_05636,TC014467,LG5,I,20,20,60,Low
iB_05637,TC014474,LG5,I,10,37.5,30,Low
iB_05638,TC033173,LG5,I,0,20,20,Low
iB_05639,TC014496,LG5,I,10,10,60,Low
iB_05640,TC031150,LG5,I,20,30,20,Low
iB_05641,TC031150,LG5,I,10,10,60,Low
iB_05642,TC014517,LG5,II,60,,20,Low
iB_05643,TC014519,LG5,II,55.55555556,,100,Low
iB_05644,TC031196,LG7,III,10,,30,Low
iB_05645,TC014533,LG7,I,40,40,60,Low
iB_05647,TC014541,LG5,I,30,40,20,Low
iB_05648,TC014542,LG5,I,80,100,60,Low
iB_05649,TC014554,LG5,I,30,30,40,Low
iB_05650,TC014556,LG5,I,10,20,50,Low
iB_05651,TC014561,LG5,I,10,30,70,Low
iB_05652,TC014563,LG5,I,30,40,60,Low
iB_05653,TC033194,LG5,III,10,,70,Low
iB_05654,TC014604,LG5,II,80,,50,Low
iB_05655,TC014616,LG5,I,30,30,30,Low
iB_05657,TC014620,LG5,II,70,,30,Low
iB_05658,TC014625,LG5,I,10,20,40,Low
iB_05659,TC014627,LG5,I,20,30,40,Low
iB_05660,TC014629,LG5,III,30,,60,Low
iB_05661,TC014631,LG5,III,0,,40,Low
iB_05662,TC014632,LG5,I,20,30,30,Low
iB_05663,TC014634,LG5,III,100,,50,Yes
iB_05664,TC014638,LG5,I,40,100,30,Low
iB_05665,TC014641,LG5,III,40,,60,Low
iB_05666,TC014642,LG5,I,10,20,40,Low
iB_05667,TC014643,LG5,I,10,20,60,Low
iB_05668,TC014658,LG5,III,20,,50,Low
iB_05669,TC014666,LG5,I,40,100,40,Low
iB_05670,TC014667,LG5,II,60,,20,Low
iB_05671,TC033217,LG5,I,20,100,90,Low
iB_05672,TC033224,LG5,I,0,0,20,Low
iB_05673,TC033225,LG5,I,20,100,50,Low
iB_05674,TC014687,LG5,I,30,30,30,Low
iB_05676,TC014695,LG5,I,90,100,100,High
iB_05677,TC031158,LG5,II,100,,40,Yes
iB_05678,TC014706,LG5,I,10,20,50,Low
iB_05679,TC014712,LG5,II,40,,20,Low
iB_05680,TC033237,LG5,III,60,,60,Low
iB_05681,TC014714,LG5,I,40,40,40,Low
iB_05682,TC014717,LG5,I,100,100,60,Yes
iB_05683,TC014730,LG5,I,100,100,90,Yes
iB_05684,TC014731,LG5,I,30,50,30,Low
iB_05685,TC014741,LG5,I,100,100,60,Yes
iB_05686,TC014756,LG5,I,0,25,50,Low
iB_05687,TC014769,LG5,I,0,10,40,Low
iB_05688,TC014773,LG5,I,50,100,40,Low
iB_05689,TC014775,LG5,I,30,30,60,Low
iB_05690,TC014780,LG5,I,0,0,70,Low
iB_05692,TC014783,LG5,I,20,20,40,Low
iB_05693,TC014785,LG5,I,100,100,100,Yes
iB_05694,TC014791,LG5,I,0,20,40,Low
iB_05695,TC014793,LG5,I,30,30,30,Low
iB_05696,TC014795,LG5,I,50,50,40,Low
iB_05697,TC033268,LG5,I,30,100,70,Low
iB_05698,TC014806,LG5,I,20,30,40,Low
iB_05699,TC014813,LG5,I,30,30,70,Low
iB_05700,TC014817,LG5,I,10,10,50,Low
iB_05702,TC014825,LG3,I,0,10,40,Low
iB_05703,TC034951,LG6,I,10,30,30,Low
iB_05707,TC014856,LG6,I,30,40,10,Low
iB_05708,TC014860,LG6,I,60,100,80,Low
iB_05709,TC014862,LG6,I,80,90,20,Low
iB_05711,TC033471,LG6,I,10,10,50,Low
iB_05712,TC033471,LG6,I,10,10,40,Low
iB_05713,TC033468,LG6,I,30,30,50,Low
iB_05714,TC014877,LG6,III,0,,60,Low
iB_05715,TC014878,LG6,I,40,40,60,Low
iB_05716,TC014884,LG6,II,20,,10,Low
iB_05717,TC014885,LG6,I,50,60,20,Low
iB_05718,TC014886,LG6,I,20,100,30,Low
iB_05719,TC014887,LG6,I,10,10,60,Low
iB_05720,TC033460,LG6,II,30,,10,Low
iB_05721,TC014897,LG6,I,10,10,40,Low
iB_05722,TC014907,LG6,I,10,10,50,Low
iB_05723,TC033447,LG6,I,100,100,40,Yes
iB_05724,TC014927,LG6,II,30,,30,Low
iB_05725,TC014930,LG6,I,30,30,40,Low
iB_05726,TC009497,LG6,I,100,100,100,Yes
iB_05727,TC014939,LG6,I,10,100,40,Low
iB_05728,TC034744,LG6,I,30,100,30,Low
iB_05729,TC014955,LG6,I,10,20,20,Low
iB_05731,TC014963,LG6,I,90,100,70,High
iB_05733,TC014973,LG6,I,22.22,22.22,33.33,Low
iB_05734,TC014974,LG6,I,20,20,30,Low
iB_05735,TC014975,LG6,I,0,10,60,Low
iB_05736,TC014979,LG6,I,20,20,30,Low
iB_05737,TC014988,LG6,I,20,20,60,Low
iB_05738,TC014994,LG6,III,80,,70,Low
iB_05739,TC015004,LG6,II,70,,40,Low
iB_05740,TC015681,LG6,I,0,0,40,Low
iB_05741,TC015020,LG6,I,30,30,30,Low
iB_05742,TC015021,LG6,II,80,,50,Low
iB_05743,TC015026,LG6,I,40,40,30,Low
iB_05745,TC033414,LG6,II,70,,10,Low
iB_05746,TC015062,LG6,I,80,100,100,Low
iB_05747,TC015075,LG6,I,30,30,30,Low
iB_05748,TC015076,LG6,I,80,-1,80,Low
iB_05749,TC015083,LG6,II,50,,30,Low
iB_05750,TC015089,LG6,I,70,-1,20,Low
iB_05751,TC015109,LG6,I,80,-1,40,Low
iB_05752,TC033398,LG6,I,33.33333333,-1,20,Low
iB_05753,TC034736,LG6,I,50,-1,10,Low
iB_05754,TC015120,LG6,I,30,-1,30,Low
iB_05755,TC033382,LG6,I,10,-1,40,Low
iB_05756,TC015127,LG6,I,50,-1,40,Low
iB_05757,TC015129,LG6,I,40,-1,40,Low
iB_05758,TC015132,LG6,I,11.11111111,-1,60,Low
iB_05759,TC033376,LG6,I,40,-1,30,Low
iB_05760,TC015145,LG6,I,80,-1,10,Low
iB_05761,TC015148,LG6,I,22.22222222,-1,20,Low
iB_05762,TC015150,LG6,I,40,-1,30,Low
iB_05763,TC015151,LG6,I,50,-1,20,Low
iB_05764,TC015154,LG6,II,10,,30,Low
iB_05765,TC015155,LG6,I,30,-1,40,Low
iB_05767,TC015163,LG6,I,10,-1,30,Low
iB_05768,TC015172,LG6,I,60,-1,50,Low
iB_05769,TC034727,LG6,I,50,-1,0,Low
iB_05770,TC034726,LG6,I,60,-1,30,Low
iB_05771,TC015187,LG6,I,90,-1,20,High
iB_05772,TC015198,LG6,I,30,-1,20,Low
iB_05773,TC015200,LG6,I,30,-1,40,Low
iB_05774,TC015204,LG6,I,40,-1,40,Low
iB_05775,TC015206,LG6,I,100,-1,80,Yes
iB_05776,TC015207,LG6,I,40,-1,20,Low
iB_05777,TC015208,LG6,I,80,-1,10,Low
iB_05778,TC015209,LG6,I,70,-1,30,Low
iB_05779,TC015213,LG6,I,100,-1,100,Yes
iB_05780,TC034086,LG8,I,40,-1,0,Low
iB_05781,TC015228,LG8,I,40,-1,40,Low
iB_05782,TC015235,LG8,I,40,-1,20,Low
iB_05783,TC015237,LG8,I,30,-1,60,Low
iB_05784,TC015238,LG8,I,70,-1,10,Low
iB_05785,TC015248,LG8,I,40,-1,20,Low
iB_05786,TC030898,LG8,III,40,,50,Low
iB_05787,TC015255,LG8,I,60,-1,50,Low
iB_05789,TC015268,LG8,I,80,-1,40,Low
iB_05790,TC033335,LG6,I,80,-1,10,Low
iB_05791,TC015292,LG6,I,40,-1,60,Low
iB_05792,TC015295,LG6,I,40,-1,20,Low
iB_05793,TC034720,LG6,I,30,-1,70,Low
iB_05794,TC015308,LG6,I,50,-1,10,Low
iB_05795,TC015326,LG6,I,30,-1,30,Low
iB_05796,TC015327,LG6,I,50,-1,20,Low
iB_05797,TC015329,LG6,I,20,-1,20,Low
iB_05798,TC015334,LG6,I,30,-1,10,Low
iB_05799,TC015349,LG6,I,30,-1,20,Low
iB_05800,TC015351,LG6,I,40,-1,30,Low
iB_05801,TC015353,LG6,I,44.44444444,-1,10,Low
iB_05802,TC015354,LG6,I,10,-1,10,Low
iB_05803,TC015356,LG6,I,40,-1,20,Low
iB_05804,TC015364,LG6,I,40,-1,100,Low
iB_05805,TC034713,LG6,I,40,-1,10,Low
iB_05806,TC033300,LG6,I,50,-1,60,Low
iB_05807,TC015378,LG6,I,40,-1,60,Low
iB_05808,TC015384,LG6,I,60,-1,40,Low
iB_05809,TC015393,LG6,I,30,-1,10,Low
iB_05810,TC015394,LG6,III,40,,50,Low
iB_05811,TC015399,LG6,I,10,-1,20,Low
iB_05812,TC015405,LG6,I,10,-1,0,Low
iB_05813,TC015407,LG6,I,60,-1,30,Low
iB_05814,TC015411,LG6,I,33.33333333,-1,30,Low
iB_05815,TC015432,LG6,I,50,-1,30,Low
iB_05816,TC015433,LG6,I,50,-1,20,Low
iB_05817,TC015439,LG6,I,50,-1,60,Low
iB_05818,TC015447,LG8,I,22.22222222,-1,10,Low
iB_05819,TC033338,LG8,I,20,-1,0,Low
iB_05820,TC033340,LG8,I,0,-1,40,Low
iB_05821,TC030897,LG8,I,10,-1,30,Low
iB_05822,TC015464,LG8,I,10,-1,50,Low
iB_05823,TC015472,LG8,I,100,-1,60,Yes
iB_05824,TC015475,LG8,I,70,-1,10,Low
iB_05825,TC015477,LG8,I,30,-1,40,Low
iB_05826,TC015492,LG6,III,30,,40,Low
iB_05827,TC030899,LG6,I,20,-1,20,Low
iB_05828,TC015502,LG6,I,20,-1,20,Low
iB_05829,TC015508,LG6,I,50,-1,30,Low
iB_05830,TC015515,LG6,I,40,-1,20,Low
iB_05831,TC015517,LG6,I,40,-1,70,Low
iB_05832,TC033354,LG6,I,20,-1,30,Low
iB_05833,TC015522,LG6,I,40,-1,10,Low
iB_05834,TC030900,LG6,I,60,-1,40,Low
iB_05835,TC015530,LG6,I,50,-1,60,Low
iB_05836,TC015542,LG6,I,50,-1,20,Low
iB_05837,TC015544,LG6,I,10,-1,30,Low
iB_05838,TC015546,LG6,II,60,,40,Low
iB_05840,TC015564,LG6,I,100,-1,40,Yes
iB_05842,TC015576,LG6,I,0,-1,20,Low
iB_05843,TC015580,LG6,I,50,-1,50,Low
iB_05844,TC015593,LG6,I,30,-1,10,Low
iB_05845,TC033401,LG6,II,40,,30,Low
iB_05846,TC015598,LG6,II,20,,30,Low
iB_05847,TC033405,LG6,I,20,-1,30,Low
iB_05848,TC015608,LG6,I,40,-1,10,Low
iB_05849,TC015617,LG6,I,50,-1,20,Low
iB_05850,TC015618,LG6,I,30,-1,20,Low
iB_05851,TC015620,LG6,III,30,,90,Low
iB_05852,TC015629,LG6,I,30,33.33,20,Low
iB_05853,TC015631,LG6,III,0,,40,Low
iB_05855,TC033411,LG6,I,20,30,40,Low
iB_05856,TC015640,LG6,III,50,,70,Low
iB_05857,TC015642,LG6,I,0,0,100,Low
iB_05858,TC015648,LG6,I,10,-1,20,Low
iB_05859,TC015649,LG6,I,,,60,Low
iB_05860,TC015650,LG6,I,,,40,Low
iB_05861,TC015652,LG6,I,,,40,Low
iB_05862,TC015658,LG6,I,,,40,Low
iB_05863,TC015661,LG6,II,70,,30,Low
iB_05864,TC015667,LG6,I,20,20,20,Low
iB_05865,TC015668,LG6,I,50,60,20,Low
iB_05867,TC015676,LG6,I,40,-1,0,Low
iB_05868,TC015681,LG6,I,,,20,Low
iB_05869,TC030908,LG6,I,,,40,Low
iB_05870,TC015686,LG6,I,,,10,Low
iB_05871,TC015688,LG6,I,,,40,Low
iB_05872,TC015689,LG6,III,30,,30,Low
iB_05873,TC015690,LG6,III,30,,30,Low
iB_05874,TC015692,LG6,I,30,30,30,Low
iB_05875,TC033427,LG6,I,50,50,30,Low
iB_05876,TC015696,LG6,II,40,,10,Low
iB_05877,TC015698,LG6,I,0,0,30,Low
iB_05878,TC015705,LG6,I,70,-1,10,Low
iB_05879,TC030910,LG6,I,,,40,Low
iB_05880,TC015712,LG6,II,100,,20,Yes
iB_05881,TC033429,LG6,III,10,,0,Low
iB_05882,TC015717,LG6,I,,,30,Low
iB_05883,TC015718,LG6,I,,,30,Low
iB_05884,TC015719,LG6,I,,,60,Low
iB_05885,TC015721,LG6,II,50,,20,Low
iB_05886,TC015742,LG6,I,30,30,30,Low
iB_05887,TC015746,LG6,I,30,40,0,Low
iB_05888,TC030911,LG6,I,10,10,20,Low
iB_05889,TC015756,LG6,I,40,-1,10,Low
iB_05890,TC030912,LG6,I,,,30,Low
iB_05891,TC030912,LG6,I,,,20,Low
iB_05892,TC015760,LG6,I,,,40,Low
iB_05893,TC015782,LG6,I,20,20,10,Low
iB_05894,TC015784,LG6,I,30,30,0,Low
iB_05895,TC033450,LG6,I,40,-1,50,Low
iB_05897,TC015802,LG6,III,40,,60,Low
iB_05898,TC015804,LG6,II,30,,20,Low
iB_05899,TC015805,LG6,I,,,20,Low
iB_05900,TC015809,LG6,II,70,,60,Low
iB_05901,TC015812,LG6,I,,,20,Low
iB_05902,TC015814,LG6,I,,,30,Low
iB_05903,TC015821,LG6,I,,,30,Low
iB_05904,TC015829,LG6,I,40,40,10,Low
iB_05905,TC015830,LG6,I,60,60,30,Low
iB_05906,TC015834,LG6,I,50,-1,20,Low
iB_05907,TC033463,LG6,I,30,-1,0,Low
iB_05908,TC015839,LG6,I,,,100,Low
iB_05909,TC015841,LG6,I,,,10,Low
iB_05910,TC015843,LG6,I,,,40,Low
iB_05911,TC015844,LG6,I,,,40,Low
iB_05912,TC015852,LG6,I,30,40,30,Low
iB_05913,TC015853,LG6,II,30,,20,Low
iB_05914,TC015854,LG6,I,100,-1,10,Yes
iB_05915,TC015855,LG6,I,,,20,Low
iB_05916,TC015859,LG6,I,,,50,Low
iB_05917,TC015866,LG6,I,,,50,Low
iB_05918,TC015879,LG9,I,,,30,Low
iB_05919,TC015880,LG9,I,,,40,Low
iB_05920,TC015882,LG9,I,50,50,20,Low
iB_05922,TC031190,LG7,I,50,-1,10,Low
iB_05923,TC015907,LG7,III,20,,10,Low
iB_05924,TC033612,LG7,I,,,100,Low
iB_05925,TC015920,LG7,II,30,,40,Low
iB_05926,TC033615,LG7,II,50,,50,Low
iB_05927,TC015943,LG7,II,70,,50,Low
iB_05928,TC015944,LG7,III,80,,30,Low
iB_05929,TC015946,LG7,II,50,,20,Low
iB_05931,TC015951,LG7,II,10,,30,Low
iB_05932,TC015958,LG7,I,,,60,Low
iB_05933,TC015972,LG8,I,,,70,Low
iB_05934,TC015975,LG8,I,,,0,Low
iB_05935,TC015976,LG8,I,,,90,Low
iB_05936,TC015978,LG8,II,50,,20,Low
iB_05938,TC015989,LG8,I,0,10,30,Low
iB_05939,TC015990,LG8,I,0,0,70,Low
iB_05940,TC015994,LG8,I,20,-1,30,Low
iB_05951,TC016058,LGX,I,10,-1,30,Low
iB_05952,TC031489,LGX,I,,,30,Low
iB_05957,TC016087,LG10,I,,,50,Low
iB_05965,TC016161,LG2,I,,,10,Low
iB_05966,TC031973,LG2,I,,,40,Low
iB_05969,TC008582,LG2,I,50,-1,0,Low
iB_05970,TC016191,LG10,I,,,0,Low
iB_05971,TC016200,LG10,II,0,,90,Low
iB_05972,TC031421,LG10,I,,,30,Low
iB_05973,TC016203,LG10,III,70,,90,Low
iB_05974,TC016205,LG10,II,10,,80,Low
iB_05975,TC016207,LG10,I,,,40,Low
iB_05976,TC016210,LG10,III,30,,50,Low
iB_05977,TC031426,LG10,I,,,20,Low
iB_05978,TC016225,LG10,I,,,20,Low
iB_05979,TC016196,LG10,I,50,-1,30,Low
iB_05983,TC016270,LG9,I,100,-1,100,Yes
iB_05984,TC016271,LG9,II,30,,20,Low
iB_05985,TC016273,LG9,I,30,-1,30,Low
iB_05986,TC016278,LG9,I,30,-1,10,Low
iB_05988,TC034367,LG9,I,70,-1,20,Low
iB_05989,TC016291,LG9,I,30,-1,40,Low
iB_05990,TC034370,LG9,I,20,-1,20,Low
iB_05991,TC016297,LG9,I,10,-1,50,Low
iB_05992,TC016299,LG9,I,60,-1,40,Low
iB_05993,TC016301,LG9,I,30,-1,40,Low
iB_05995,TC016307,LG5,I,20,-1,20,Low
iB_05996,TC016311,LG5,I,,-1,60,Low
iB_05997,TC016312,LG5,I,,-1,40,Low
iB_05998,TC034679,LG5,I,,-1,10,Low
iB_05999,TC016320,LG5,I,,-1,50,Low
iB_06000,TC016321,LG5,I,,-1,55.56,Low
iB_06001,TC016322,LG5,II,40,,10,Low
iB_06002,TC032556,LG3,I,,-1,50,Low
iB_06003,TC016337,LG7,II,30,,30,Low
iB_06004,TC016342,LG7,I,,-1,100,Low
iB_06005,TC016345,LG7,I,30,-1,70,Low
iB_06006,TC016348,LG7,I,0,-1,60,Low
iB_06007,TC016363,LG7,I,40,-1,10,Low
iB_06008,TC016368,LG7,I,44.44444444,-1,40,Low
iB_06009,TC033672,LG7,I,60,-1,50,Low
iB_06011,TC016387,LG7,I,70,-1,80,Low
iB_06012,TC016390,LG3,I,30,-1,40,Low
iB_06013,TC016394,LG3,I,60,-1,10,Low
iB_06017,TC031984,LG2,I,55.55555556,-1,40,Low
iB_06018,TC033011,LG5,I,40,-1,20,Low
iB_06019,TC030103,LG5,I,30,-1,40,Low
iB_06020,TC030104,LG5,I,20,-1,10,Low
iB_06021,TC030122,LG5,III,40,,80,Low
iB_06022,TC034138,LG8,I,40,-1,40,Low
iB_06023,TC030196,LG4,I,40,-1,30,Low
iB_06025,TC030464,LGX,I,40,-1,30,Low
iB_06026,TC030465,LG7,I,60,-1,10,Low
iB_06027,TC031640,LG10,I,50,-1,30,Low
iB_06028,TC030545,LG7,II,0,,40,Low
iB_06029,TC030561,LG7,I,70,-1,30,Low
iB_06030,TC030573,LG9,I,40,-1,10,Low
iB_06031,TC030580,LG9,I,70,-1,30,Low
iB_06032,TC030585,LG10,I,30,-1,10,Low
iB_06033,TC030588,LG6,II,40,,0,Low
iB_06034,TC030595,LG7,I,80,-1,60,Low
iB_06035,TC030596,LG8,I,90,-1,100,High
iB_06036,TC030598,LG6,II,30,,40,Low
iB_06037,TC030599,LG2,I,40,-1,40,Low
iB_06038,TC030601,LG7,I,0,-1,100,Low
iB_06040,TC030609,LG7,I,30,-1,50,Low
iB_06041,TC033053,LG5,I,40,-1,20,Low
iB_06042,TC032389,LG3,I,100,-1,100,Yes
iB_06043,TC030643,LG9,I,60,-1,20,Low
iB_06044,TC030648,LG3,I,30,-1,60,Low
iB_06045,TC030661,LG5,I,10,-1,33.33,Low
iB_06046,TC030668,LG5,I,40,-1,20,Low
iB_06047,TC032038,LG2,I,80,-1,40,Low
iB_06048,TC030683,LG7,I,10,-1,40,Low
iB_06049,TC030701,LG3,I,60,-1,50,Low
iB_06050,TC030673,LG10,I,100,-1,100,Yes
iB_06051,TC033855,LG7,I,100,-1,60,Yes
iB_06052,TC032674,LG3,I,40,-1,50,Low
iB_06053,TC034719,LG6,I,30,-1,30,Low
iB_06054,TC031238,LG9,I,20,-1,40,Low
iB_06055,TC030729,LG7,I,70,-1,20,Low
iB_06056,TC030730,LG3,I,20,-1,30,Low
iB_06057,TC030733,LG2,I,50,-1,20,Low
iB_06058,TC030738,LG7,I,70,-1,50,Low
iB_06059,TC032139,LG8,II,50,,30,Low
iB_06060,TC030748,LG8,I,77.77777778,-1,40,Low
iB_06061,TC030749,LG6,I,50,-1,40,Low
iB_06062,TC030750,LG5,I,100,-1,40,Yes
iB_06063,TC030759,LG7,I,20,-1,20,Low
iB_06064,TC032011,LG2,I,40,-1,28.57,Low
iB_06066,TC030775,LG6,I,80,-1,30,Low
iB_06067,TC030776,LG2,I,80,-1,10,Low
iB_06068,TC030778,LG8,III,50,,50,Low
iB_06069,TC030780,LG4,I,20,-1,30,Low
iB_06070,TC030784,LG3,I,60,-1,40,Low
iB_06071,TC030785,LG3,I,30,-1,30,Low
iB_06072,TC030877,LG3,I,30,-1,40,Low
iB_06074,TC008567,LG2,I,30,-1,30,Low
iB_06075,TC008567,LG2,I,50,-1,20,Low
iB_06077,TC005087,LG8,I,60,-1,40,Low
iB_06080,TC032689,LG3,II,30,,20,Low
iB_06083,TC034520,LGX,I,70,-1,20,Low
iB_06084,TC001438,LGX,II,40,,10,Low
iB_06085,TC001437,LGX,I,100,-1,100,Yes
iB_06092,TC031629,LG10,I,0,0,-1,Low
iB_06093,TC002065,LG10,I,100,100,-1,Yes
iB_06094,TC031635,LG10,II,70,,20,Low
iB_06100,TC032986,LG5,I,10,10,-1,Low
iB_06106,TC034514,LGX,I,20,20,-1,Low
iB_06107,TC034515,LGX,III,70,,40,Low
iB_06108,TC001888,LGX,I,100,100,-1,Yes
iB_06113,TC004407,LG3,I,0,0,-1,Low
iB_06122,TC000060,LG3,I,10,10,-1,Low
iB_06124,TC000142,LG3,I,10,10,-1,Low
iB_06125,TC000237,LG2,I,20,90,-1,Low
iB_06126,TC000492,LG2,I,30,30,-1,Low
iB_06127,TC034559,LG2,I,10,10,-1,Low
iB_06128,TC000562,LG2,I,0,0,-1,Low
iB_06129,TC000746,LG2,I,10,100,-1,Low
iB_06132,TC001002,LG2,I,30,30,-1,Low
iB_06133,TC000530,LG2,I,0,0,10,Low
iB_06134,TC001091,LG2,I,0,0,-1,Low
iB_06135,TC001107,LG2,I,50,100,-1,Low
iB_06138,TC001322,LG2,I,0,0,-1,Low
iB_06139,TC001383,LG2,I,90,100,-1,High
iB_06140,TC001636,LGX,I,0,0,-1,Low
iB_06141,TC001704,LGX,I,20,20,-1,Low
iB_06142,TC001741,LGX,I,0,0,-1,Low
iB_06143,TC001937,LG9,I,30,30,-1,Low
iB_06144,TC002128,LG3,I,10,10,-1,Low
iB_06146,TC033926,LG8,I,0,0,-1,Low
iB_06148,TC002427,LG3,I,20,20,-1,Low
iB_06150,TC002666,LG3,III,40,,40,Low
iB_06151,TC002697,LG3,I,0,0,-1,Low
iB_06152,TC002710,LG3,I,80,100,-1,Low
iB_06153,TC032448,LG3,I,0,0,-1,Low
iB_06154,TC002897,LG3,I,10,10,-1,Low
iB_06155,TC002945,LG3,I,0,0,-1,Low
iB_06156,TC002980,LG3,I,0,0,-1,Low
iB_06158,TC003119,LG3,I,10,10,-1,Low
iB_06159,TC003245,LG3,I,0,0,-1,Low
iB_06160,TC003253,LG3,I,20,50,-1,Low
iB_06161,TC003333,LG3,I,10,10,-1,Low
iB_06162,TC002934,LG3,I,0,0,-1,Low
iB_06163,TC003540,LG3,I,10,10,-1,Low
iB_06164,TC003711,LG3,I,0,20,-1,Low
iB_06165,TC003750,LG3,I,10,10,-1,Low
iB_06168,TC031066,LG3,I,0,0,-1,Low
iB_06169,TC003954,LG3,II,40,,30,Low
iB_06170,TC003956,LG3,III,40,,60,Low
iB_06171,TC034635,LG3,I,0,10,-1,Low
iB_06173,TC034856,LG9,I,20,20,-1,Low
iB_06175,TC004379,LG2,I,10,10,-1,Low
iB_06176,TC004432,LG2,III,40,,60,Low
iB_06177,TC004469,LG2,I,0,0,-1,Low
iB_06178,TC004499,LG2,I,10,10,-1,Low
iB_06179,TC004512,LG2,I,0,10,-1,Low
iB_06180,TC004552,LG2,I,0,0,10,Low
iB_06181,TC004600,LGX,I,10,10,10,Low
iB_06182,TC031467,LGX,I,20,20,-1,Low
iB_06183,TC004708,LGX,II,70,,20,Low
iB_06184,TC004721,LGX,I,0,100,-1,Low
iB_06185,TC004727,LGX,I,10,10,-1,Low
iB_06186,TC031969,LG2,I,10,100,-1,Low
iB_06187,TC004893,LG2,I,0,0,-1,Low
iB_06188,TC004932,LG2,I,0,0,-1,Low
iB_06189,TC004933,LG2,I,10,10,-1,Low
iB_06190,TC005011,LG2,I,10,10,-1,Low
iB_06191,TC005164,LGX,I,10,10,-1,Low
iB_06193,TC005230,LG2,I,20,20,10,Low
iB_06195,TC005430,LG8,I,30,30,-1,Low
iB_06196,TC034108,LG8,I,10,10,-1,Low
iB_06197,TC005615,LG8,I,0,0,-1,Low
iB_06198,TC005696,LG8,I,0,0,-1,Low
iB_06199,TC034075,LG8,III,40,,50,Low
iB_06200,TC005733,LG8,I,10,10,-1,Low
iB_06201,TC005735,LG8,I,20,20,-1,Low
iB_06203,TC005829,LG8,I,0,0,-1,Low
iB_06204,TC034017,LG8,I,10,10,20,Low
iB_06205,TC034824,LG8,I,0,0,20,Low
iB_06206,TC005977,LG8,I,10,50,-1,Low
iB_06207,TC033981,LG8,I,20,20,-1,Low
iB_06209,TC003773,LG3,I,40,40,-1,Low
iB_06210,TC006244,LG8,I,0,0,-1,Low
iB_06212,TC006297,LG8,I,0,100,-1,Low
iB_06213,TC006372,LG8,I,10,10,-1,Low
iB_06214,TC006401,LG8,I,0,0,-1,Low
iB_06215,TC006425,LG8,I,40,100,-1,Low
iB_06216,TC006457,LG8,I,20,30,40,Low
iB_06217,TC006485,LG8,I,0,0,0,Low
iB_06218,TC006534,LG8,III,20,,30,Low
iB_06219,TC006544,LG8,I,10,10,0,Low
iB_06220,TC006709,LG8,I,0,0,20,Low
iB_06221,TC006739,LG8,I,20,20,30,Low
iB_06222,TC034179,LG8,I,10,10,50,Low
iB_06223,TC006780,LG8,I,20,20,20,Low
iB_06224,TC007072,LG4,II,10,,20,Low
iB_06227,TC007072,LG4,I,10,10,40,Low
iB_06228,TC007083,LG4,I,20,20,30,Low
iB_06229,TC007093,LG4,III,20,,40,Low
iB_06230,TC007170,LG4,I,40,70,10,Low
iB_06231,TC034661,LG4,I,10,10,0,Low
iB_06232,TC031111,LG4,I,0,0,20,Low
iB_06233,TC007299,LG4,I,0,0,10,Low
iB_06234,TC007307,LG4,I,0,0,10,Low
iB_06235,TC007326,LG4,I,0,0,0,Low
iB_06236,TC032825,LG4,I,10,90,40,Low
iB_06237,TC032817,LG4,I,10,10,20,Low
iB_06239,TC031587,LG4,I,10,10,20,Low
iB_06240,TC007644,LG4,I,0,0,30,Low
iB_06241,TC007720,LG4,I,20,20,30,Low
iB_06242,TC007786,LG4,I,0,10,20,Low
iB_06243,TC007862,LG4,I,0,0,20,Low
iB_06244,TC032760,LG4,I,100,100,0,Yes
iB_06245,TC007942,LG4,I,12.5,75,20,Low
iB_06246,TC008000,LG4,I,0,0,40,Low
iB_06247,TC008092,LG4,I,0,0,10,Low
iB_06248,TC008099,LG4,I,100,100,0,Yes
iB_06249,TC008111,LG4,I,0,0,20,Low
iB_06250,TC032822,LG4,I,100,100,70,Yes
iB_06252,TC008156,LG4,I,0,0,20,Low
iB_06253,TC008237,LG4,I,0,0,30,Low
iB_06254,TC008283,LG4,I,10,10,100,Low
iB_06255,TC007131,LG4,I,10,10,20,Low
iB_06256,TC008519,LG4,I,60,100,0,Low
iB_06257,TC008703,LG7,I,0,0,30,Low
iB_06260,TC008819,LG7,I,70,90,20,Low
iB_06261,TC033721,LG7,I,0,0,10,Low
iB_06262,TC009025,LG7,I,20,100,60,Low
iB_06263,TC009066,LG7,III,30,,50,Low
iB_06264,TC009249,LG7,I,0,0,10,Low
iB_06265,TC033567,LG7,I,30,30,20,Low
iB_06266,TC009281,LG7,I,10,10,30,Low
iB_06267,TC009308,LG7,I,10,10,30,Low
iB_06268,TC009310,LG7,I,0,0,50,Low
iB_06269,TC009327,LG7,I,10,10,20,Low
iB_06270,TC009413,LG7,I,0,0,20,Low
iB_06271,TC009444,LG7,I,0,0,30,Low
iB_06272,TC009445,LG7,I,0,0,40,Low
iB_06274,TC033570,LG7,I,20,20,30,Low
iB_06275,TC009611,LG7,I,10,10,20,Low
iB_06276,TC009721,LG7,I,20,100,40,Low
iB_06277,TC033678,LG7,I,10,10,10,Low
iB_06278,TC009829,LG7,I,0,0,30,Low
iB_06279,TC009896,LG7,I,10,10,10,Low
iB_06280,TC009980,LG7,I,10,100,20,Low
iB_06281,TC009993,LG7,I,20,20,20,Low
iB_06282,TC009996,LG7,I,0,100,30,Low
iB_06283,TC010030,LG7,I,0,0,40,Low
iB_06284,TC010103,LG7,I,20,20,0,Low
iB_06285,TC010369,LG3,I,0,0,30,Low
iB_06286,TC010388,LG3,I,0,100,100,Low
iB_06287,TC010444,LG5,I,0,0,66.67,Low
iB_06288,TC010461,LG5,I,10,10,30,Low
iB_06290,TC011163,LG10,III,20,,20,Low
iB_06292,TC011630,LG9,I,20,30,20,Low
iB_06293,TC011762,LG9,I,90,100,50,High
iB_06294,TC011842,LG9,I,0,77.78,30,Low
iB_06295,TC011940,LG9,I,20,20,70,Low
iB_06296,TC011970,LG9,I,20,50,10,Low
iB_06297,TC011992,LG9,I,20,100,20,Low
iB_06298,TC034248,LG9,I,10,40,10,Low
iB_06299,TC034237,LG9,I,0,0,20,Low
iB_06300,TC034861,LG9,I,10,10,20,Low
iB_06301,TC012375,LG9,I,0,100,90,Low
iB_06303,TC012524,LG9,I,0,100,50,Low
iB_06304,TC034425,LG9,I,0,0,10,Low
iB_06305,TC012682,LG9,I,50,100,90,Low
iB_06306,TC012760,LG9,I,20,50,40,Low
iB_06307,TC012765,LG9,I,0,0,25,Low
iB_06308,TC034457,LG9,I,10,10,30,Low
iB_06309,TC012810,LG9,I,10,10,10,Low
iB_06310,TC013036,LG5,I,0,0,20,Low
iB_06311,TC013182,LG5,III,20,,0,Low
iB_06312,TC013212,LG5,I,0,0,100,Low
iB_06313,TC013347,LG5,III,30,,60,Low
iB_06314,TC013372,LG5,I,0,100,20,Low
iB_06315,TC013773,LG5,I,0,0,20,Low
iB_06316,TC013789,LG5,I,0,0,30,Low
iB_06318,TC013975,LG5,I,10,50,80,Low
iB_06319,TC014005,LG5,I,10,10,20,Low
iB_06320,TC014079,LG5,I,0,0,20,Low
iB_06322,TC014120,LG5,I,0,0,20,Low
iB_06323,TC014174,LG5,I,0,70,30,Low
iB_06324,TC014187,LG5,I,0,0,10,Low
iB_06326,TC030884,LG5,I,0,0,50,Low
iB_06327,TC014283,LG5,I,0,0,0,Low
iB_06328,TC014297,LG5,I,0,0,30,Low
iB_06329,TC014362,LG5,I,100,100,100,Yes
iB_06330,TC014458,LG5,III,20,,10,Low
iB_06331,TC014479,LG5,I,0,0,0,Low
iB_06332,TC033174,LG5,I,10,10,10,Low
iB_06333,TC014550,LG5,I,10,10,20,Low
iB_06334,TC033242,LG5,I,20,20,0,Low
iB_06335,TC014726,LG5,I,10,10,30,Low
iB_06336,TC014763,LG5,I,0,0,40,Low
iB_06337,TC014779,LG5,I,0,0,30,Low
iB_06338,TC014804,LG5,I,0,0,30,Low
iB_06339,TC014880,LG5,I,0,0,0,Low
iB_06340,TC014919,LG5,I,0,0,40,Low
iB_06341,TC014920,LG5,I,10,10,20,Low
iB_06342,TC014947,LG5,I,0,0,20,Low
iB_06343,TC015197,LG6,I,0,0,30,Low
iB_06344,TC015397,LG6,I,30,100,30,Low
iB_06345,TC015406,LG6,I,30,30,40,Low
iB_06347,TC015496,LG6,I,10,10,20,Low
iB_06349,TC015566,LG6,I,0,0,30,Low
iB_06350,TC015600,LG6,I,0,0,30,Low
iB_06352,TC015622,LG6,I,10,60,20,Low
iB_06353,TC015699,LG6,I,20,100,50,Low
iB_06354,TC015749,LG6,I,0,0,10,Low
iB_06355,TC005141,LG6,I,60,100,30,Low
iB_06357,TC015766,LG6,I,0,100,20,Low
iB_06358,TC015771,LG6,I,10,10,20,Low
iB_06359,TC015905,LG7,I,30,30,10,Low
iB_06360,TC015929,LG7,I,0,20,20,Low
iB_06361,TC031492,LGX,I,20,100,40,Low
iB_06362,TC016196,LG10,I,10,10,20,Low
iB_06363,TC031427,LG10,I,10,10,40,Low
iB_06364,TC016222,LG10,I,10,10,20,Low
iB_06365,TC034365,LG9,I,0,0,30,Low
iB_06366,TC016383,LG7,I,0,0,30,Low
iB_06367,TC030543,LG7,I,0,0,30,Low
iB_06368,TC030563,LG9,I,0,0,20,Low
iB_06369,TC005470,LG8,I,0,0,10,Low
iB_06370,TC000853,LG2,I,0,0,20,Low
iB_06371,TC006656,LG8,I,10,10,20,Low
iB_06373,TC031290,LG8,I,0,0,30,Low
iB_06375,TC006690,LG8,I,0,100,20,Low
iB_06376,TC006692,LG8,I,0,100,20,Low
iB_06377,TC005433,LG8,I,0,0,10,Low
iB_06378,TC000856,LG2,I,0,0,10,Low
iB_06379,TC034172,LG8,I,0,0,20,Low
iB_06380,TC005427,LG8,I,0,0,30,Low
iB_06381,TC006719,LG8,I,20,20,20,Low
iB_06383,TC006727,LG8,III,50,,60,Low
iB_06385,TC006743,LG8,I,0,0,10,Low
iB_06386,TC006753,LG8,I,20,30,30,Low
iB_06387,TC005396,LG8,I,10,100,40,Low
iB_06388,TC006760,LG8,I,10,10,20,Low
iB_06389,TC032086,LG8,I,10,10,30,Low
iB_06390,TC006771,LG8,I,0,0,20,Low
iB_06391,TC006788,LG8,I,0,0,40,Low
iB_06392,TC006793,LG8,I,0,0,40,Low
iB_06393,TC005331,LG8,I,0,80,50,Low
iB_06394,TC006806,LG8,I,20,20,10,Low
iB_06395,TC006807,LG8,I,0,0,30,Low
iB_06396,TC006808,LG8,I,0,0,30,Low
iB_06397,TC006809,LG8,I,0,0,30,Low
iB_06398,TC005315,LG8,I,0,0,30,Low
iB_06399,TC006814,LG8,I,100,100,20,Yes
iB_06400,TC031293,LG8,I,10,100,10,Low
iB_06401,TC006818,LG8,I,0,100,80,Low
iB_06402,TC000871,LG2,I,10,80,30,Low
iB_06405,TC012258,LG9,I,0,0,30,Low
iB_06406,TC012196,LG9,I,0,0,50,Low
iB_06407,TC000874,LG9,I,0,100,100,Low
iB_06408,TC012269,LG9,I,10,100,50,Low
iB_06409,TC012274,LG9,I,0,0,20,Low
iB_06410,TC012275,LG9,III,20,,40,Low
iB_06411,TC012183,LG9,I,10,10,20,Low
iB_06412,TC012279,LG9,I,0,0,40,Low
iB_06413,TC012172,LG9,III,60,,30,Low
iB_06414,TC012305,LG9,III,40,,40,Low
iB_06415,TC012307,LG9,I,0,100,100,Low
iB_06416,TC012308,LG9,I,10,10,30,Low
iB_06417,TC032094,LG9,III,30,,10,Low
iB_06418,TC034250,LG9,III,50,,60,Low
iB_06419,TC012316,LG9,I,100,100,30,Yes
iB_06420,TC034295,LG9,I,20,20,20,Low
iB_06421,TC004316,LG9,I,0,100,10,Low
iB_06423,TC034256,LG9,I,0,0,0,Low
iB_06424,TC034263,LG9,I,0,0,20,Low
iB_06425,TC001942,LG9,I,20,100,100,Low
iB_06426,TC001916,LG9,I,20,20,10,Low
iB_06427,TC034274,LG9,I,0,0,10,Low
iB_06428,TC034275,LG9,I,30,100,40,Low
iB_06429,TC031230,LG9,I,20,20,10,Low
iB_06430,TC034280,LG9,I,10,10,30,Low
iB_06431,TC034859,LG9,II,50,,40,Low
iB_06432,TC005215,LG9,I,0,0,20,Low
iB_06435,TC012136,LG9,III,40,,90,Low
iB_06436,TC012336,LG9,I,0,60,20,Low
iB_06438,TC012344,LG9,I,0,100,20,Low
iB_06439,TC012124,LG9,I,0,0,10,Low
iB_06440,TC012123,LG9,I,0,0,10,Low
iB_06442,TC000668,LG9,I,0,0,10,Low
iB_06443,TC012106,LG9,I,80,100,10,Low
iB_06444,TC012098,LG9,I,0,100,20,Low
iB_06445,TC012094,LG9,I,90,100,100,High
iB_06448,TC000663,LG9,I,0,0,30,Low
iB_06449,TC012055,LG9,I,0,10,0,Low
iB_06450,TC012425,LG9,III,60,,60,Low
iB_06451,TC000894,LG9,I,0,0,10,Low
iB_06452,TC012041,LG9,III,50,,20,Low
iB_06453,TC034332,LG9,I,10,10,30,Low
iB_06454,TC012037,LG9,I,10,100,30,Low
iB_06455,TC012436,LG9,III,30,,40,Low
iB_06456,TC012443,LG9,I,0,0,10,Low
iB_06457,TC012019,LG9,I,0,100,10,Low
iB_06459,TC012468,LG9,I,10,10,30,Low
iB_06460,TC012014,LG9,I,0,0,20,Low
iB_06461,TC031238,LG9,II,0,,30,Low
iB_06462,TC034347,LG9,I,10,80,30,Low
iB_06463,TC010666,LG9,I,10,10,20,Low
iB_06464,TC010646,LG9,III,20,,60,Low
iB_06465,TC010675,LG9,I,0,20,10,Low
iB_06466,TC010679,LG9,I,0,0,20,Low
iB_06469,TC012484,LG9,I,0,0,60,Low
iB_06470,TC012505,LG9,I,10,10,10,Low
iB_06471,TC011972,LG9,I,0,0,30,Low
iB_06472,TC012508,LG9,I,0,100,20,Low
iB_06473,TC034364,LG9,I,0,0,0,Low
iB_06474,TC032110,LG2,I,0,0,20,Low
iB_06475,TC016279,LG9,I,0,80,0,Low
iB_06476,TC016289,LG9,I,10,100,10,Low
iB_06477,TC032111,LG2,I,0,20,20,Low
iB_06478,TC034375,LG9,III,40,,50,Low
iB_06479,TC012523,LG9,I,30,30,0,Low
iB_06480,TC012526,LG9,I,10,10,10,Low
iB_06481,TC011950,LG9,I,0,0,30,Low
iB_06482,TC012539,LG9,I,0,0,30,Low
iB_06483,TC030657,LG9,I,0,0,40,Low
iB_06484,TC011946,LG9,I,0,0,0,Low
iB_06485,TC011945,LG9,I,0,0,20,Low
iB_06486,TC012545,LG9,I,0,100,10,Low
iB_06487,TC012553,LG9,I,0,100,50,Low
iB_06488,TC012554,LG9,I,10,10,20,Low
iB_06489,TC034392,LG9,I,10,10,10,Low
iB_06490,TC000934,LG9,I,0,40,20,Low
iB_06491,TC012572,LG9,I,10,30,10,Low
iB_06493,TC034884,LG9,I,0,100,20,Low
iB_06494,TC034395,LG9,I,0,0,10,Low
iB_06495,TC011618,LG9,I,0,0,20,Low
iB_06496,TC011905,LG9,I,100,100,0,Yes
iB_06497,TC012623,LG9,III,20,,40,Low
iB_06498,TC011886,LG9,I,0,0,20,Low
iB_06499,TC012639,LG9,III,40,,80,Low
iB_06500,TC034422,LG9,I,0,0,0,Low
iB_06501,TC012652,LG9,I,0,0,0,Low
iB_06502,TC032115,LG9,III,30,,40,Low
iB_06503,TC011843,LG9,I,0,0,10,Low
iB_06504,TC012665,LG9,I,10,10,20,Low
iB_06505,TC011831,LG9,I,0,0,20,Low
iB_06506,TC012678,LG9,I,10,100,100,Low
iB_06507,TC000635,LG9,I,0,0,10,Low
iB_06508,TC011815,LG9,I,10,10,30,Low
iB_06510,TC011807,LG9,I,0,0,0,Low
iB_06511,TC034437,LG9,I,60,,60,Low
iB_06512,TC011797,LG9,I,60,,30,Low
iB_06513,TC012702,LG9,I,33.33333333,,30,Low
iB_06514,TC011785,LG9,I,60,,90,Low
iB_06515,TC011774,LG9,I,100,,100,Yes
iB_06516,TC011760,LG9,I,20,,60,Low
iB_06517,TC011759,LG9,III,40,,70,Low
iB_06518,TC011745,LG9,III,20,,40,Low
iB_06519,TC034446,LG9,I,10,80,20,Low
iB_06520,TC034891,LG9,I,0,100,100,Low
iB_06521,TC011733,LG9,I,0,0,60,Low
iB_06522,TC011732,LG9,I,0,0,20,Low
iB_06523,TC034453,LG9,I,0,,50,Low
iB_06524,TC011692,LG9,I,33.33333333,,100,Low
iB_06525,TC011691,LG9,I,20,,40,Low
iB_06526,TC012801,LG9,I,40,,90,Low
iB_06527,TC012803,LG9,I,30,,60,Low
iB_06528,TC000961,LG9,I,20,,30,Low
iB_06529,TC012809,LG9,I,70,,50,Low
iB_06530,TC011651,LG9,I,0,0,20,Low
iB_06531,TC011639,LG9,I,0,0,10,Low
iB_06532,TC011636,LG9,I,100,100,0,Yes
iB_06535,TC011621,LG9,I,10,,40,Low
iB_06536,TC011620,LG9,I,100,,100,Yes
iB_06537,TC034396,LG9,I,60,,30,Low
iB_06538,TC034482,LG9,I,30,,40,Low
iB_06539,TC034896,LG9,I,40,,40,Low
iB_06540,TC012873,LG9,I,60,,100,Low
iB_06541,TC012881,LG9,I,50,,30,Low
iB_06542,TC004686,LGX,I,0,0,10,Low
iB_06543,TC004690,LGX,I,0,0,20,Low
iB_06544,TC004691,LGX,I,20,20,40,Low
iB_06546,TC004697,LGX,I,0,0,30,Low
iB_06547,TC031462,LGX,I,20,,60,Low
iB_06548,TC000612,LG2,I,50,,30,Low
iB_06549,TC034512,LGX,I,20,,40,Low
iB_06550,TC011543,LG3,I,20,,40,Low
iB_06551,TC034580,LG3,I,20,,30,Low
iB_06552,TC011548,LG3,I,30,,20,Low
iB_06553,TC000972,LG2,I,70,,10,Low
iB_06554,TC031476,LG3,I,0,0,20,Low
iB_06555,TC004704,LGX,I,0,0,20,Low
iB_06556,TC004651,LGX,I,0,20,50,Low
iB_06557,TC001618,LGX,I,0,0,50,Low
iB_06558,TC001615,LGX,I,30,,40,Low
iB_06559,TC030879,LGX,I,10,,40,Low
iB_06560,TC032121,LGX,I,50,,30,Low
iB_06561,TC001604,LGX,I,30,,30,Low
iB_06562,TC001632,LGX,I,20,,20,Low
iB_06563,TC001639,LGX,I,30,,50,Low
iB_06564,TC004132,LGX,I,30,,70,Low
iB_06565,TC004131,LGX,I,100,,90,Yes
iB_06566,TC004127,LGX,I,0,0,20,Low
iB_06567,TC004125,LGX,I,0,10,20,Low
iB_06568,TC004122,LGX,I,20,20,30,Low
iB_06569,TC004158,LGX,I,0,0,0,Low
iB_06570,TC031487,LGX,I,0,,30,Low
iB_06571,TC004115,LGX,I,40,,10,Low
iB_06572,TC016051,LGX,I,30,,70,Low
iB_06573,TC031493,LGX,I,22.22222222,,60,Low
iB_06574,TC030731,LGX,I,40,,50,Low
iB_06575,TC034518,LGX,I,30,,30,Low
iB_06576,TC013620,LGX,I,60,,60,Low
iB_06577,TC013617,LGX,I,70,,30,Low
iB_06578,TC014197,LGX,I,0,0,10,Low
iB_06579,TC014200,LGX,I,0,0,20,Low
iB_06580,TC031501,LGX,I,0,0,0,Low
iB_06581,TC031505,LGX,I,0,10,30,Low
iB_06582,TC014217,LGX,I,30,,40,Low
iB_06583,TC031508,LGX,I,40,,30,Low
iB_06584,TC014236,LGX,II,30,,40,Low
iB_06586,TC013566,LGX,I,0,,50,Low
iB_06587,TC014244,LGX,I,50,,40,Low
iB_06588,TC014245,LGX,I,40,,40,Low
iB_06589,TC034524,LGX,I,90,,60,High
iB_06590,TC031515,LGX,I,0,0,30,Low
iB_06591,TC004720,LGX,I,10,10,30,Low
iB_06592,TC004722,LGX,I,0,0,10,Low
iB_06593,TC004635,LGX,I,0,100,80,Low
iB_06594,TC005173,LGX,I,30,,30,Low
iB_06595,TC005170,LGX,I,40,,50,Low
iB_06596,TC031524,LGX,I,60,,60,Low
iB_06597,TC000593,LGX,I,30,,50,Low
iB_06598,TC005185,LGX,I,100,,100,Yes
iB_06599,TC005186,LGX,I,20,,20,Low
iB_06600,TC010832,LGX,I,60,,60,Low
iB_06601,TC010812,LGX,I,77.77777778,,10,Low
iB_06604,TC000589,LGX,I,40,,30,Low
iB_06606,TC010782,LGX,III,10,,50,Low
iB_06608,TC010881,LGX,I,70,,40,Low
iB_06610,TC031547,LGX,I,40,,60,Low
iB_06612,TC031560,LGX,I,50,,40,Low
iB_06614,TC034529,LGX,III,30,,20,Low
iB_06615,TC004611,LGX,I,40,,10,Low
iB_06616,TC004766,LGX,I,70,,60,Low
iB_06617,TC004769,LGX,I,100,,60,Yes
iB_06619,TC031557,LGX,I,80,,60,Low
iB_06620,TC004794,LGX,I,70,,40,Low
iB_06621,TC000578,LGX,I,50,,10,Low
iB_06622,TC011302,LGX,I,60,,30,Low
iB_06623,TC004799,LGX,I,50,,30,Low
iB_06624,TC004578,LGX,I,50,,50,Low
iB_06625,TC010212,LGX,III,40,,10,Low
iB_06626,TC031568,LGX,III,40,,60,Low
iB_06627,TC001712,LGX,II,,,30,Low
iB_06629,TC034533,LGX,III,30,,50,Low
iB_06631,TC001694,LGX,I,20,,10,Low
iB_06632,TC031583,LGX,I,30,,50,Low
iB_06634,TC033898,LG7,I,50,,70,Low
iB_06635,TC001001,LG2,III,40,,50,Low
iB_06639,TC008565,LG2,III,70,,50,Low
iB_06640,TC000565,LG2,II,40,,40,Low
iB_06641,TC005086,LG8,I,100,,100,Yes
iB_06643,TC000560,LG2,II,40,,10,Low
iB_06646,TC032133,LG2,III,60,,10,Low
iB_06651,TC031216,LG7,I,70,,20,Low
iB_06652,TC004274,LG7,I,90,,60,High
iB_06653,TC033605,LG7,III,40,,60,Low
iB_06656,TC001451,LGX,III,20,,30,Low
iB_06657,TC001448,LGX,I,100,,40,Yes
iB_06668,TC000544,LG2,I,60,,50,Low
iB_06674,TC002070,LG10,III,50,,60,Low
iB_06675,TC031633,LG10,I,80,,20,Low
iB_06677,TC031075,LG10,I,50,,20,Low
iB_06680,TC002055,LG10,I,80,,30,Low
iB_06681,TC031638,LG10,I,70,,20,Low
iB_06682,TC031641,LG10,I,70,,10,Low
iB_06683,TC033400,LG6,I,80,,70,Low
iB_06688,TC001037,LG2,II,66.66666667,,30,Low
iB_06689,TC012896,LG3,I,44.44444444,,20,Low
iB_06690,TC012898,LG3,I,90,,90,High
iB_06693,TC031709,LG3,I,62.5,,70,Low
iB_06697,TC002243,LG5,II,30,,40,Low
iB_06698,TC002240,LG5,II,80,,20,Low
iB_06699,TC034678,LG5,II,20,,10,Low
iB_06707,TC000527,LG2,I,30,,50,Low
iB_06708,TC004264,LG3,I,50,,10,Low
iB_06709,TC001864,LGX,II,,,40,Low
iB_06710,TC001863,LGX,I,100,,60,Yes
iB_06711,TC001862,LGX,I,80,,100,Low
iB_06714,TC001047,LG2,I,70,,20,Low
iB_06715,TC001049,LG2,I,20,,20,Low
iB_06718,TC032600,LG3,I,40,,40,Low
iB_06720,TC004408,LG3,I,50,,20,Low
iB_06721,TC004404,LG3,II,,,40,Low
iB_06722,TC034616,LG3,I,50,,50,Low
iB_06737,TC001054,LG2,I,40,,50,Low
iB_06742,TC016393,LG3,I,40,,20,Low
iB_06743,TC031072,LG3,I,60,,50,Low
iB_06744,TC006953,LG8,I,60,,40,Low
iB_06745,TC006951,LG8,II,,,60,Low
iB_06747,TC001523,LG10,I,50,,30,Low
iB_06748,TC031941,LG10,I,50,,20,Low
iB_06749,TC032155,LG10,I,100,,30,Yes
iB_06750,TC001543,LG10,I,50,,50,Low
iB_06754,TC032157,LG2,II,44.44444444,,40,Low
iB_06758,TC011309,LG10,I,55.55555556,,70,Low
iB_06760,TC034527,LGX,I,60,,50,Low
iB_06761,TC001073,LG2,I,100,,100,Yes
iB_06763,TC001074,LG2,I,40,,50,Low
iB_06764,TC000501,LG2,I,20,,40,Low
iB_06773,TC032165,LG2,I,70,,60,Low
iB_06776,TC001087,LG2,I,60,,40,Low
iB_06778,TC001088,LG2,I,40,,60,Low
iB_06784,TC003932,LG3,I,50,,20,Low
iB_06785,TC032166,LG2,I,60,,30,Low
iB_06786,TC004403,LG3,I,10,,40,Low
iB_06788,TC001098,LG2,I,20,,100,Low
iB_06790,TC001101,LG2,I,100,,70,Yes
iB_06792,TC032172,LG2,II,,,50,Low
iB_06793,TC001111,LG2,II,,,20,Low
iB_06795,TC000441,LG2,III,50,,40,Low
iB_06796,TC001134,LG2,II,,,30,Low
iB_06798,TC011315,LG10,II,,,60,Low
iB_06800,TC011316,LG10,III,80,,40,Low
iB_06802,TC000418,LG2,III,30,,20,Low
iB_06803,TC001151,LG2,III,60,,60,Low
iB_06804,TC000395,LG2,II,,,10,Low
iB_06806,TC000393,LG2,II,,,30,Low
iB_06807,TC001165,LG2,II,,,60,Low
iB_06808,TC032196,LG2,II,,,60,Low
iB_06809,TC001171,LG2,III,60,,60,Low
iB_06810,TC001173,LG2,II,,,40,Low
iB_06814,TC000366,LG2,III,50,,40,Low
iB_06815,TC000365,LG2,II,,,50,Low
iB_06816,TC000361,LG2,II,,,80,Low
iB_06817,TC001197,LG2,II,,,60,Low
iB_06818,TC000350,LG2,II,,,70,Low
iB_06819,TC001223,LG2,III,60,,10,Low
iB_06820,TC001230,LG2,II,,,40,Low
iB_06822,TC000313,LG2,II,,,60,Low
iB_06823,TC001250,LG2,II,,,60,Low
iB_06824,TC032225,LG2,III,30,,50,Low
iB_06826,TC001255,LG2,II,,,50,Low
iB_06827,TC001256,LG2,II,,,100,Low
iB_06828,TC032236,LG2,II,,,60,Low
iB_06829,TC001268,LG2,II,,,20,Low
iB_06830,TC001271,LG2,III,50,,0,Low
iB_06831,TC032238,LG2,III,30,,20,Low
iB_06833,TC031006,LG2,II,,,30,Low
iB_06838,TC034566,LG2,III,20,,30,Low
iB_06839,TC032248,LG2,III,30,,70,Low
iB_06840,TC000250,LG2,III,30,,30,Low
iB_06841,TC001306,LG2,II,,,70,Low
iB_06842,TC032252,LG2,II,,,30,Low
iB_06843,TC001309,LG2,III,10,,20,Low
iB_06844,TC001316,LG2,II,,,80,Low
iB_06845,TC001317,LG2,II,,,80,Low
iB_06846,TC001325,LG2,II,,,40,Low
iB_06847,TC001326,LG2,II,,,80,Low
iB_06849,TC011237,LG10,III,20,,50,Low
iB_06851,TC001336,LG2,III,90,,30,High
iB_06854,TC001352,LG2,II,,,80,Low
iB_06855,TC011151,LG10,II,,,40,Low
iB_06856,TC000184,LG2,II,,,40,Low
iB_06857,TC001360,LG2,II,,,100,Low
iB_06859,TC032269,LG2,II,,,50,Low
iB_06860,TC001372,LG2,II,,,50,Low
iB_06861,TC001375,LG2,II,,,70,Low
iB_06862,TC001377,LG2,III,30,,40,Low
iB_06866,TC032286,LG3,II,,,80,Low
iB_06867,TC003235,LG3,II,,,70,Low
iB_06868,TC003208,LG3,II,,,20,Low
iB_06869,TC003248,LG3,II,,,40,Low
iB_06870,TC003193,LG3,II,,,50,Low
iB_06871,TC003270,LG3,III,20,,60,Low
iB_06872,TC003271,LG3,II,,,60,Low
iB_06873,TC003272,LG3,II,,,100,Low
iB_06874,TC032295,LG3,II,,,70,Low
iB_06875,TC003172,LG3,II,,,100,Low
iB_06876,TC003170,LG3,II,,,70,Low
iB_06877,TC003293,LG3,II,,,30,Low
iB_06879,TC003307,LG3,II,,,20,Low
iB_06880,TC011346,LG10,III,10,,80,Low
iB_06881,TC003155,LG3,III,20,,40,Low
iB_06883,TC003312,LG3,III,20,,80,Low
iB_06884,TC003315,LG3,II,,,30,Low
iB_06885,TC032309,LG3,II,,,30,Low
iB_06886,TC032308,LG3,II,,,60,Low
iB_06887,TC003320,LG3,II,,,30,Low
iB_06888,TC003138,LG3,II,,,10,Low
iB_06889,TC003325,LG3,II,50,,40,Low
iB_06890,TC003136,LG3,III,50,,30,Low
iB_06891,TC003135,LG3,II,,,40,Low
iB_06892,TC003109,LG3,II,,,40,Low
iB_06895,TC032327,LG3,III,20,,60,Low
iB_06897,TC003363,LG3,II,40,,10,Low
iB_06898,TC011349,LG10,II,22.22222222,,10,Low
iB_06899,TC032340,LG3,II,20,,0,Low
iB_06900,TC032341,LG3,II,30,,0,Low
iB_06901,TC003371,LG3,I,60,,10,Low
iB_06902,TC032347,LG3,II,,,70,Low
iB_06903,TC001558,LG3,II,,,100,Low
iB_06904,TC001546,LG3,II,,,60,Low
iB_06905,TC032356,LG3,II,,,70,Low
iB_06906,TC003057,LG3,II,50,,10,Low
iB_06907,TC003054,LG3,I,,,40,Low
iB_06908,TC011352,LG10,II,,,40,Low
iB_06909,TC032357,LG3,II,11.11111111,,12.5,Low
iB_06910,TC003032,LG3,II,22.22222222,,30,Low
iB_06911,TC003032,LG3,II,30,,20,Low
iB_06912,TC003027,LG3,II,100,,80,Yes
iB_06913,TC003396,LG3,I,50,,20,Low
iB_06914,TC003397,LG3,II,,,70,Low
iB_06915,TC011124,LG10,II,,,30,Low
iB_06916,TC003403,LG3,II,,,30,Low
iB_06918,TC032368,LG3,II,,,50,Low
iB_06919,TC003416,LG3,I,60,,90,Low
iB_06920,TC003420,LG3,II,,,10,Low
iB_06921,TC032369,LG3,I,50,,20,Low
iB_06922,TC003445,LG3,I,60,,20,Low
iB_06923,TC003451,LG3,I,100,,100,Yes
iB_06924,TC032381,LG3,II,20,,40,Low
iB_06925,TC002977,LG3,II,20,,0,Low
iB_06926,TC002973,LG3,II,,,20,Low
iB_06927,TC003468,LG3,II,,,30,Low
iB_06928,TC003478,LG3,II,,,30,Low
iB_06929,TC011234,LG10,II,,,70,Low
iB_06930,TC003484,LG3,II,,,60,Low
iB_06931,TC003488,LG3,I,60,,40,Low
iB_06932,TC003492,LG3,I,50,,20,Low
iB_06933,TC003494,LG3,I,62.5,,20,Low
iB_06936,TC003497,LG3,II,22.22222222,,10,Low
iB_06937,TC032397,LG3,II,30,,20,Low
iB_06938,TC032398,LG3,II,,,40,Low
iB_06939,TC003509,LG3,II,,,30,Low
iB_06940,TC032400,LG3,II,,,70,Low
iB_06942,TC002922,LG3,II,,,100,Low
iB_06943,TC002921,LG3,II,50,,40,Low
iB_06944,TC003532,LG3,I,33.33333333,,20,Low
iB_06945,TC002909,LG3,I,80,,0,Low
iB_06947,TC002907,LG3,I,40,,10,Low
iB_06949,TC002903,LG3,II,80,,10,Low
iB_06950,TC002890,LG3,II,,,70,Low
iB_06951,TC002889,LG3,II,,,50,Low
iB_06953,TC032414,LG3,II,,,0,Low
iB_06954,TC002880,LG3,II,,,60,Low
iB_06955,TC032416,LG3,I,30,,20,Low
iB_06958,TC032421,LG3,I,40,,10,Low
iB_06959,TC003587,LG3,I,80,,20,Low
iB_06961,TC002845,LG3,II,10,,10,Low
iB_06962,TC002842,LG3,II,,,40,Low
iB_06963,TC002830,LG3,II,,,20,Low
iB_06964,TC032427,LG3,II,,,20,Low
iB_06968,TC032433,LG3,II,40,,30,Low
iB_06969,TC032434,LG3,II,75,,10,Low
iB_06970,TC032437,LG3,II,62.5,,20,Low
iB_06972,TC032453,LG3,I,30,,20,Low
iB_06973,TC003635,LG3,II,30,,10,Low
iB_06975,TC032457,LG3,II,,,40,Low
iB_06977,TC000081,LG3,II,,,60,Low
iB_06978,TC000089,LG3,II,,,50,Low
iB_06979,TC000098,LG3,II,30,,80,Low
iB_06980,TC000104,LG3,II,60,,0,Low
iB_06981,TC000105,LG3,II,20,,0,Low
iB_06982,TC011086,LG3,II,0,,0,Low
iB_06983,TC000063,LG3,II,40,,20,Low
iB_06985,TC000059,LG3,II,10,,50,Low
iB_06986,TC000126,LG3,III,30,,30,Low
iB_06987,TC011085,LG3,II,100,,90,Yes
iB_06988,TC000129,LG3,III,20,,70,Low
iB_06989,TC000131,LG3,II,50,,10,Low
iB_06990,TC000132,LG3,I,0,,20,Low
iB_06991,TC000046,LG3,I,40,,40,Low
iB_06992,TC000136,LG3,III,90,,30,High
iB_06993,TC000143,LG3,I,50,,100,Low
iB_06994,TC032478,LG3,II,,,20,Low
iB_06995,TC003652,LG3,II,,,20,Low
iB_06996,TC002775,LG3,II,,,0,Low
iB_06997,TC003672,LG3,II,,,50,Low
iB_06999,TC031394,LG3,II,20,,0,Low
iB_07000,TC031395,LG3,II,10,,0,Low
iB_07001,TC003696,LG3,II,40,,100,Low
iB_07002,TC003697,LG3,I,40,,10,Low
iB_07004,TC003712,LG3,II,20,,10,Low
iB_07005,TC003714,LG3,II,20,,0,Low
iB_07006,TC002709,LG3,II,,,40,Low
iB_07007,TC002708,LG3,II,,,0,Low
iB_07008,TC031047,LG3,II,,,10,Low
iB_07010,TC010525,LG3,I,40,,40,Low
iB_07012,TC032513,LG3,II,0,,40,Low
iB_07014,TC011080,LG3,II,30,,10,Low
iB_07016,TC032520,LG3,II,50,,0,Low
iB_07017,TC011399,LG3,II,,,12.5,Low
iB_07018,TC010552,LG3,II,,,10,Low
iB_07019,TC011078,LG3,II,,,10,Low
iB_07020,TC000024,LG3,II,,,10,Low
iB_07021,TC002688,LG3,II,,,10,Low
iB_07022,TC002686,LG3,I,80,,20,Low
iB_07023,TC002681,LG3,III,60,,50,Low
iB_07024,TC002674,LG3,II,40,,20,Low
iB_07025,TC002668,LG3,II,30,,20,Low
iB_07026,TC002667,LG3,II,30,,10,Low
iB_07027,TC002665,LG3,I,40,,10,Low
iB_07028,TC000396,LG3,II,40,,10,Low
iB_07029,TC032543,LG3,II,22.22222222,,10,Low
iB_07030,TC002659,LG3,II,,,40,Low
iB_07031,TC002488,LG3,II,,,10,Low
iB_07032,TC034900,LG3,II,,,50,Low
iB_07033,TC002652,LG3,II,10,,20,Low
iB_07034,TC002648,LG3,II,90,,20,High
iB_07035,TC032551,LG3,I,70,,80,Low
iB_07036,TC031053,LG3,II,10,,0,Low
iB_07038,TC011073,LG3,II,100,,100,Yes
iB_07039,TC031054,LG3,I,10,,20,Low
iB_07041,TC002635,LG3,II,30,,20,Low
iB_07043,TC003827,LG3,II,,,10,Low
iB_07044,TC002599,LG3,III,10,,60,Low
iB_07045,TC003829,LG3,II,,,100,Low
iB_07047,TC032572,LG3,I,50,,10,Low
iB_07048,TC003836,LG3,I,40,,30,Low
iB_07049,TC002587,LG3,II,0,,20,Low
iB_07051,TC002583,LG3,II,30,,10,Low
iB_07052,TC031058,LG3,II,10,,10,Low
iB_07053,TC003850,LG3,II,10,,50,Low
iB_07054,TC003852,LG3,II,,,10,Low
iB_07055,TC034622,LG3,II,,,40,Low
iB_07056,TC002556,LG3,II,,,30,Low
iB_07057,TC034625,LG3,II,,,40,Low
iB_07058,TC003864,LG3,II,60,,20,Low
iB_07059,TC003869,LG3,I,20,,0,Low
iB_07060,TC003871,LG3,I,40,,70,Low
iB_07061,TC032584,LG3,II,20,,0,Low
iB_07062,TC032585,LG3,III,30,,30,Low
iB_07063,TC010345,LG3,II,40,,0,Low
iB_07064,TC032592,LG3,I,60,,10,Low
iB_07065,TC011417,LG10,II,,,10,Low
iB_07066,TC010380,LG3,II,,,50,Low
iB_07067,TC010381,LG3,II,,,40,Low
iB_07068,TC011418,LG10,II,,,40,Low
iB_07070,TC002134,LG3,II,50,,10,Low
iB_07071,TC032604,LG3,II,40,,20,Low
iB_07072,TC032610,LG3,I,20,,10,Low
iB_07073,TC002112,LG3,I,40,,10,Low
iB_07076,TC003876,LG3,I,16.66666667,,10,Low
iB_07077,TC032621,LG3,II,,,50,Low
iB_07079,TC003883,LG3,II,,,10,Low
iB_07081,TC002510,LG3,II,40,,40,Low
iB_07082,TC002495,LG3,II,20,,10,Low
iB_07083,TC003915,LG3,II,,,20,Low
iB_07084,TC032636,LG3,II,,,0,Low
iB_07085,TC003920,LG3,II,,,0,Low
iB_07088,TC003940,LG3,III,30,,60,Low
iB_07089,TC032651,LG3,III,40,,40,Low
iB_07090,TC032652,LG3,III,30,,60,Low
iB_07092,TC003966,LG3,II,,,30,Low
iB_07093,TC011435,LG10,II,,,70,Low
iB_07094,TC032665,LG3,III,10,,30,Low
iB_07095,TC032667,LG3,II,,,10,Low
iB_07096,TC003990,LG3,II,,,50,Low
iB_07099,TC011046,LG10,III,10,,10,Low
iB_07100,TC031071,LG3,II,,,20,Low
iB_07101,TC004013,LG3,II,,,0,Low
iB_07103,TC007753,LG4,III,30,,50,Low
iB_07104,TC007738,LG4,II,,,50,Low
iB_07106,TC032716,LG4,II,,,20,Low
iB_07107,TC007762,LG4,II,,,10,Low
iB_07110,TC007769,LG4,III,50,,50,Low
iB_07111,TC011045,LG4,III,40,,80,Low
iB_07112,TC007770,LG4,II,20,,10,Low
iB_07114,TC016216,LG4,II,,,10,Low
iB_07116,TC016213,LG4,III,0,,30,Low
iB_07117,TC007793,LG4,III,40,,30,Low
iB_07120,TC007799,LG4,II,,,10,Low
iB_07123,TC007811,LG4,III,30,,80,Low
iB_07124,TC016219,LG4,III,20,,30,Low
iB_07125,TC007678,LG4,II,,,0,Low
iB_07126,TC007675,LG4,II,,,10,Low
iB_07127,TC007674,LG4,III,50,,20,Low
iB_07129,TC007661,LG4,III,60,,40,Low
iB_07130,TC016221,LG4,II,50,,10,Low
iB_07131,TC032749,LG4,II,,,20,Low
iB_07132,TC007851,LG4,II,,,30,Low
iB_07133,TC034903,LG4,II,,,40,Low
iB_07134,TC007880,LG4,II,,,50,Low
iB_07135,TC016223,LG4,II,,,10,Low
iB_07136,TC007889,LG4,III,60,,50,Low
iB_07137,TC007894,LG4,II,,,30,Low
iB_07140,TC007584,LG4,III,40,,50,Low
iB_07142,TC016226,LG4,II,40,,20,Low
iB_07143,TC007569,LG4,II,,,10,Low
iB_07144,TC007567,LG4,II,,,30,Low
iB_07145,TC007563,LG4,II,,,10,Low
iB_07146,TC007943,LG4,II,,,10,Low
iB_07147,TC007944,LG4,II,,,30,Low
iB_07149,TC007556,LG4,II,30,,10,Low
iB_07151,TC032779,LG4,II,,,0,Low
iB_07152,TC007954,LG4,II,,,70,Low
iB_07153,TC007536,LG4,III,40,,10,Low
iB_07154,TC007534,LG4,II,,,40,Low
iB_07155,TC007976,LG4,II,,,70,Low
iB_07156,TC030552,LG4,II,,,40,Low
iB_07157,TC032793,LG4,III,40,,50,Low
iB_07158,TC008001,LG4,II,,,20,Low
iB_07159,TC007491,LG4,III,80,,60,Low
iB_07160,TC031416,LG4,II,,,30,Low
iB_07161,TC032795,LG4,II,,,50,Low
iB_07162,TC031415,LG4,II,70,,30,Low
iB_07163,TC008014,LG4,II,,,100,Low
iB_07164,TC007476,LG4,III,20,,60,Low
iB_07165,TC016192,LG4,II,,,10,Low
iB_07166,TC031414,LG4,II,,,50,Low
iB_07167,TC008023,LG4,III,30,,60,Low
iB_07168,TC031413,LG4,II,,,30,Low
iB_07169,TC008033,LG4,II,,,10,Low
iB_07170,TC011447,LG4,II,,,0,Low
iB_07171,TC008060,LG4,III,30,,40,Low
iB_07172,TC008070,LG4,II,,,30,Low
iB_07173,TC008078,LG4,II,,,50,Low
iB_07175,TC011450,LG4,III,70,,30,Low
iB_07177,TC008129,LG4,III,40,,60,Low
iB_07178,TC007369,LG4,II,,,20,Low
iB_07179,TC008142,LG4,III,50,,30,Low
iB_07180,TC008146,LG4,II,,,30,Low
iB_07181,TC008147,LG4,II,,,30,Low
iB_07182,TC008148,LG4,III,20,,50,Low
iB_07183,TC008154,LG4,II,90,,30,High
iB_07187,TC032831,LG4,II,40,,0,Low
iB_07188,TC032832,LG4,II,50,,30,Low
iB_07189,TC007327,LG4,II,90,,30,High
iB_07190,TC031436,LG4,II,,,10,Low
iB_07191,TC008182,LG4,II,,,50,Low
iB_07192,TC011455,LG4,II,,,50,Low
iB_07193,TC007308,LG4,II,90,,30,High
iB_07194,TC008188,LG4,II,80,,50,Low
iB_07195,TC001598,LG4,II/III,50,,,Low
iB_07196,TC031107,LG4,III,20,,40,Low
iB_07197,TC008198,LG4,II,30,,50,Low
iB_07198,TC008198,LG4,II,30,,30,Low
iB_07199,TC008205,LG4,II,40,,20,Low
iB_07200,TC032841,LG4,II/III,60,,,Low
iB_07201,TC007261,LG4,II/III,20,,,Low
iB_07202,TC032842,LG4,II,,,50,Low
iB_07203,TC008211,LG4,II,,,20,Low
iB_07204,TC032848,LG4,II,,,10,Low
iB_07205,TC007254,LG4,II,10,,20,Low
iB_07206,TC007252,LG4,II,60,,20,Low
iB_07207,TC007246,LG4,II/III,40,,,Low
iB_07208,TC011460,LG4,II,30,,30,Low
iB_07209,TC007236,LG4,II,20,,50,Low
iB_07210,TC008236,LG4,II,40,,30,Low
iB_07211,TC032859,LG4,III,70,,80,Low
iB_07212,TC032862,LG4,II/III,50,,,Low
iB_07213,TC008261,LG4,II/III,100,,,Yes
iB_07214,TC008265,LG4,II,,,50,Low
iB_07215,TC008266,LG4,II,60,,30,Low
iB_07216,TC032865,LG4,II,,,20,Low
iB_07217,TC008267,LG4,II,20,,0,Low
iB_07218,TC007202,LG4,II/III,100,,,Yes
iB_07219,TC007200,LG4,II,80,,60,Low
iB_07220,TC008274,LG4,II/III,40,,,Low
iB_07221,TC032871,LG4,II,60,,30,Low
iB_07222,TC007194,LG4,II,10,,50,Low
iB_07223,TC008282,LG4,II,80,,40,Low
iB_07224,TC032879,LG4,II,70,,10,Low
iB_07225,TC008302,LG4,II,60,,10,Low
iB_07226,TC007156,LG4,II,,,40,Low
iB_07227,TC008315,LG4,II,,,70,Low
iB_07228,TC008318,LG4,II,,,20,Low
iB_07229,TC007143,LG4,III,20,,20,Low
iB_07230,TC008341,LG4,II,60,,20,Low
iB_07231,TC011261,LG4,II,30,,0,Low
iB_07232,TC007141,LG4,II/III,40,,,Low
iB_07233,TC008354,LG4,II,100,,100,Yes
iB_07234,TC008355,LG4,II,20,,20,Low
iB_07235,TC032895,LG4,II,50,,40,Low
iB_07236,TC007114,LG4,II,60,,30,Low
iB_07237,TC007111,LG4,II,40,,10,Low
iB_07238,TC008380,LG4,II,,,40,Low
iB_07239,TC007099,LG4,II,,,20,Low
iB_07240,TC008384,LG4,II,,,40,Low
iB_07241,TC007094,LG4,II,50,,40,Low
iB_07242,TC011008,LG4,II,50,,10,Low
iB_07243,TC032947,LG4,II,80,,40,Low
iB_07244,TC008402,LG4,II,80,,80,Low
iB_07245,TC007086,LG4,II/III,40,,,Low
iB_07246,TC008411,LG4,II/III,30,,,Low
iB_07247,TC007077,LG4,II,70,,10,Low
iB_07248,TC008429,LG4,II,70,,80,Low
iB_07249,TC008435,LG4,II,66.66666667,,40,Low
iB_07250,TC032934,LG4,II,,,10,Low
iB_07251,TC011005,LG4,II,,,20,Low
iB_07252,TC008443,LG4,II,,,40,Low
iB_07253,TC008446,LG4,II,40,,20,Low
iB_07254,TC007045,LG4,II,70,,30,Low
iB_07255,TC007042,LG4,II,60,,30,Low
iB_07258,TC007016,LG4,II,90,,100,High
iB_07259,TC032955,LG4,II,70,,0,Low
iB_07260,TC008518,LG4,II,40,,50,Low
iB_07261,TC007007,LG4,II,60,,10,Low
iB_07262,TC007002,LG4,II,,,10,Low
iB_07264,TC032993,LG5,II,,,60,Low
iB_07265,TC016319,LG5,II,60,,30,Low
iB_07266,TC016310,LG5,II,60,,50,Low
iB_07267,TC032995,LG5,II,40,,10,Low
iB_07268,TC010923,LG5,II,70,,0,Low
iB_07269,TC010924,LG5,II,70,,10,Low
iB_07270,TC010925,LG5,II/III,20,,,Low
iB_07271,TC031132,LG5,II,100,,100,Yes
iB_07272,TC034680,LG5,III,30,,60,Low
iB_07273,TC010935,LG5,II,30,,10,Low
iB_07274,TC012429,LG9,II,,,60,Low
iB_07275,TC013604,LGX,II,,,40,Low
iB_07276,TC012860,LG9,II,,,40,Low
iB_07277,TC034075,LG9,II,,,50,Low
iB_07278,TC005618,LG8,II,,,30,Low
iB_07279,TC016220,LG10,II,22.22222222,,30,Low
iB_07280,TC000688,LG2,II,50,,0,Low
iB_07281,TC003458,LG3,II,42.85714286,,0,Low
iB_07282,TC003529,LG3,II,,,20,Low
iB_07283,TC003991,LG3,II,60,,10,Low
iB_07284,TC007698,LG4,II,,,20,Low
iB_07285,TC008164,LG4,II,30,,20,Low
iB_07287,TC014442,LG5,II,57.14285714,,20,Low
iB_07288,TC014624,LG5,II,70,,40,Low
iB_07289,TC013085,LG5,II,70,,20,Low
iB_07290,TC033265,LG5,II,75,,0,Low
iB_07291,TC009647,LG7,II,70,,80,Low
iB_07292,TC009150,LG7,II,50,,50,Low
iB_07293,TC015911,LG7,II,60,,30,Low
iB_07294,TC010587,LG7,II,90,,30,High
iB_07295,TC031194,LG7,II,50,,10,Low
iB_07296,TC009067,LG7,II,70,,10,Low
iB_07297,TC009858,LG7,II,20,,60,Low
iB_07298,TC012646,LG9,II,20,,30,Low
iB_07300,TC010883,LGX,II,60,,10,Low
iB_07301,TC015488,LG6,II,,,80,Low
iB_07303,TC000996,LG2,II/III,60,,,Low
iB_07304,TC032141,LG2,II,50,,50,Low
iB_07305,TC000394,LG2,II,25,,70,Low
iB_07309,TC007721,LG4,II,28.57142857,,20,Low
iB_07310,TC007912,LG4,II,66.66666667,,30,Low
iB_07311,TC007456,LG4,II,42.85714286,,20,Low
iB_07312,TC032819,LG4,II,,,30,Low
iB_07313,TC008239,LG4,II,,,10,Low
iB_07314,TC013670,LG5,II,,,20,Low
iB_07315,TC033102,LG5,II,,,80,Low
iB_07316,TC013463,LG5,II,40,,30,Low
iB_07318,TC009127,LG7,II,50,,50,Low
iB_07319,TC009730,LG7,II,66.66666667,,10,Low
iB_07320,TC016365,LG7,II,60,,30,Low
iB_07321,TC016337,LG7,II,90,,100,High
iB_07322,TC012118,LG9,II,50,,0,Low
iB_07323,TC012055,LG9,II,60,,10,Low
iB_07324,TC012552,LG9,II,50,,50,Low
iB_07325,TC013593,LGX,II,40,,0,Low
iB_07326,TC034012,LG8,II,20,,10,Low
iB_07328,TC005589,LG8,II,50,,20,Low
iB_07329,TC005579,LG8,II,28.57142857,,40,Low
iB_07330,TC006566,LG8,II,75,,20,Low
iB_07331,TC034531,LGX,II,,,40,Low
iB_07332,TC032011,LG2,II,60,,0,Low
iB_07333,TC015572,LG6,II,40,,30,Low
iB_07334,TC003419,LG3,II,57.14285714,,30,Low
iB_07335,TC034630,LG3,II,80,,10,Low
iB_07336,TC031636,LG10,II,40,,30,Low
iB_07337,TC007512,LG4,II,42.85714286,,0,Low
iB_07338,TC013188,LG5,II,,,20,Low
iB_07339,TC033221,LG5,II,77.77777778,,70,Low
iB_07340,TC033263,LG5,II,80,,40,Low
iB_07341,TC011537,LG3,II,50,,60,Low
iB_07342,TC009754,LG7,II,50,,40,Low
iB_07343,TC033794,LG7,II,33.33333333,,20,Low
iB_07344,TC031212,LG7,II,50,,10,Low
iB_07345,TC010208,LG7,II,,,100,Low
iB_07346,TC006312,LG8,II,,,0,Low
iB_07348,TC031221,LG2,II,40,,60,Low
iB_07352,TC032113,LG2,II,80,,10,Low
iB_07353,TC001310,LG2,II,40,,20,Low
iB_07354,TC015656,LG6,II,28.57142857,,30,Low
iB_07355,TC014889,LG6,II,55.55555556,,50,Low
iB_07358,TC033042,LG5,II,40,,0,Low
iB_07359,TC030556,LG5,II,30,,20,Low
iB_07360,TC015844,LG6,II,60,,40,Low
iB_07361,TC009459,LG7,II,44.44444444,,10,Low
iB_07362,TC009333,LG7,II,,,90,Low
iB_07363,TC009074,LG7,II,55.55555556,,90,Low
iB_07364,TC033765,LG7,II,50,,60,Low
iB_07365,TC008680,LG7,II,50,,10,Low
iB_07366,TC034269,LG9,II/III,,,,Low
iB_07369,TC034288,LG9,II,,,10,Low
iB_07373,TC000613,LG2,II,90,,30,High
iB_07375,TC032039,LG2,II,60,,10,Low
iB_07376,TC000766,LG2,II,70,,50,Low
iB_07378,TC000841,LG2,III,60,,0,Low
iB_07379,TC001313,LG2,III,40,,0,Low
iB_07381,TC000161,LG2,II,80,,60,Low
iB_07383,TC031262,LG8,II,60,,40,Low
iB_07388,TC003187,LG3,II,90,,40,High
iB_07389,TC003219,LG3,II,70,,20,Low
iB_07391,TC003354,LG3,II,90,,0,High
iB_07392,TC002995,LG3,II,60,,40,Low
iB_07393,TC003780,LG3,II,40,,50,Low
iB_07394,TC032650,LG3,II,50,,20,Low
iB_07395,TC004944,LG2,II,40,,50,Low
iB_07396,TC004958,LG2,II,30,,30,Low
iB_07397,TC032004,LG2,II,50,,20,Low
iB_07398,TC006095,LG8,II,90,,20,High
iB_07399,TC006448,LG8,II,60,,10,Low
iB_07400,TC006520,LG8,II,60,,40,Low
iB_07401,TC006653,LG8,III,80,,60,Low
iB_07402,TC007020,LG4,III,40,,40,Low
iB_07406,TC008438,LG4,II,80,,10,Low
iB_07408,TC008991,LG7,II,50,,40,Low
iB_07409,TC033579,LG7,II,80,,80,Low
iB_07411,TC009341,LG7,II,20,,40,Low
iB_07413,TC010502,LG3,II,30,,40,Low
iB_07414,TC010664,LG9,II,70,,40,Low
iB_07419,TC011345,LG10,III,30,,20,Low
iB_07420,TC011881,LG9,II,10,,40,Low
iB_07422,TC012362,LG9,II,60,,40,Low
iB_07423,TC012490,LG9,II,40,,10,Low
iB_07424,TC012629,LG9,III,20,,30,Low
iB_07426,TC012952,LG10,II,60,,30,Low
iB_07429,TC013698,LG5,II,30,,50,Low
iB_07430,TC014076,LG5,II,30,,40,Low
iB_07431,TC014646,LG5,II,40,,50,Low
iB_07433,TC015087,LG6,II,50,,90,Low
iB_07434,TC015274,LG6,II,50,,30,Low
iB_07435,TC015409,LG6,II,30,,30,Low
iB_07437,TC015619,LG6,III,30,,30,Low
iB_07440,TC016290,LG9,II,70,,30,Low
iB_07442,TC031155,LG5,II,60,,50,Low
iB_07443,TC030120,LG5,II,20,,50,Low
iB_07444,TC030128,LG6,II,30,,50,Low
iB_07446,TC030174,LG10,II,40,,10,Low
iB_07447,TC030181,LG2,II,50,,50,Low
iB_07448,TC030186,LG4,III,30,,10,Low
iB_07449,TC030192,LG4,II,60,,20,Low
iB_07450,TC033816,LG7,II,40,,50,Low
iB_07453,TC030219,LG7,II,10,,60,Low
iB_07454,TC030221,LG7,II,50,,70,Low
iB_07457,TC030240,LG2,II,40,,30,Low
iB_07458,TC030242,LG7,II,40,,30,Low
iB_07459,TC031264,LG8,II,50,,70,Low
iB_07460,TC032262,LG2,II,20,,20,Low
iB_07461,TC030250,LG2,II,0,,60,Low
iB_07462,TC000308,LG2,II,20,,60,Low
iB_07465,TC030311,LG2,II,20,,40,Low
iB_07466,TC030317,LG2,II,10,,10,Low
iB_07468,TC030328,LG8,III,50,,40,Low
iB_07469,TC030341,LG4,II,70,,70,Low
iB_07471,TC030350,LG4,II,60,,20,Low
iB_07472,TC030354,LG3,II,50,,20,Low
iB_07473,TC030358,LG3,II,70,,20,Low
iB_07474,TC031444,LG10,III,20,,0,Low
iB_07476,TC030453,LG9,II,50,,60,Low
iB_07479,TC006347,LG8,II,50,,10,Low
iB_07480,TC034052,LG8,II,60,,30,Low
iB_07486,TC006385,LG8,II,60,,50,Low
iB_07489,TC005724,LG8,II,80,,100,Low
iB_07490,TC006409,LG8,II,40,,40,Low
iB_07492,TC006412,LG8,II,40,,40,Low
iB_07494,TC006414,LG8,II,10,,20,Low
iB_07495,TC005717,LG8,II,40,,40,Low
iB_07498,TC031279,LG8,II,10,,40,Low
iB_07499,TC034082,LG8,II,30,,60,Low
iB_07501,TC004767,LGX,II,50,,30,Low
iB_07505,TC034088,LG8,II,20,,40,Low
iB_07506,TC034091,LG8,II,50,,60,Low
iB_07507,TC005673,LG8,II,40,,20,Low
iB_07508,TC006451,LG8,II,30,,50,Low
iB_07509,TC005670,LG8,II,20,,50,Low
iB_07510,TC011188,LG3,II,80,,40,Low
iB_07512,TC004610,LGX,II,60,,20,Low
iB_07515,TC034096,LG8,III,50,,40,Low
iB_07516,TC005653,LG8,II,100,,100,Yes
iB_07518,TC006477,LG8,III,30,,20,Low
iB_07519,TC006482,LG8,II,10,,20,Low
iB_07524,TC006488,LG8,II,60,,80,Low
iB_07528,TC006499,LG8,II,60,,40,Low
iB_07529,TC006505,LG8,II,40,,30,Low
iB_07531,TC005581,LG8,II,10,,30,Low
iB_07532,TC004616,LG8,II,30,,70,Low
iB_07533,TC005573,LG8,II,40,,60,Low
iB_07535,TC006536,LG8,III,50,,40,Low
iB_07536,TC006542,LG8,III,40,,10,Low
iB_07537,TC004755,LG8,II,30,,30,Low
iB_07539,TC005544,LG8,II,40,,40,Low
iB_07542,TC005538,LG8,II,10,,10,Low
iB_07544,TC004622,LG8,II,70,,10,Low
iB_07545,TC006586,LG8,II,50,,10,Low
iB_07546,TC005530,LG8,II,30,,30,Low
iB_07551,TC034131,LG8,II,40,,30,Low
iB_07553,TC006627,LG8,II,20,,10,Low
iB_07555,TC005495,LG8,II,20,,20,Low
iB_07561,TC034142,LG8,III,30,,50,Low
iB_07562,TC005484,LG8,II,20,,10,Low
iB_07564,TC005451,LG8,II,70,,10,Low
iB_07566,TC031567,LG8,II,50,,0,Low
iB_07571,TC006728,LG8,II,40,,50,Low
iB_07574,TC001724,LGX,II,40,,10,Low
iB_07575,TC006745,LG8,II,100,,100,Yes
iB_07577,TC006756,LG8,II,30,,20,Low
iB_07578,TC006757,LG8,II,20,,30,Low
iB_07579,TC005394,LG8,III,70,,20,Low
iB_07583,TC005374,LG8,II,20,,0,Low
iB_07584,TC005342,LG8,II,30,,10,Low
iB_07585,TC006792,LG8,II,20,,0,Low
iB_07586,TC001743,LGX,II,50,,20,Low
iB_07592,TC034224,LG9,II,30,,0,Low
iB_07594,TC012213,LG9,II,60,,10,Low
iB_07596,TC030304,LG9,II,20,,10,Low
iB_07598,TC012300,LG9,II,20,,0,Low
iB_07599,TC012304,LG9,II,60,,20,Low
iB_07600,TC012306,LG9,II,100,,100,Yes
iB_07601,TC012164,LG9,II,20,,10,Low
iB_07602,TC012312,LG9,II,40,,30,Low
iB_07604,TC034252,LG9,II,30,,30,Low
iB_07605,TC030303,LG9,II,30,,10,Low
iB_07606,TC034857,LG9,II,30,,30,Low
iB_07607,TC034276,LG9,II,40,,20,Low
iB_07609,TC010962,LG9,II,20,,20,Low
iB_07614,TC012345,LG9,II,50,,90,Low
iB_07615,TC034302,LG9,II,20,,30,Low
iB_07619,TC012365,LG9,II,40,,20,Low
iB_07621,TC012102,LG9,II,60,,20,Low
iB_07622,TC012093,LG9,III,50,,20,Low
iB_07623,TC034316,LG9,III,20,,20,Low
iB_07624,TC012084,LG9,II,40,,10,Low
iB_07627,TC034322,LG9,II,20,,0,Low
iB_07628,TC012045,LG9,II,10,,10,Low
iB_07629,TC012437,LG9,II,60,,10,Low
iB_07630,TC012447,LG9,II,20,,20,Low
iB_07631,TC012465,LG9,II,20,,30,Low
iB_07634,TC010671,LG9,II,10,,30,Low
iB_07635,TC010672,LG9,II,30,,10,Low
iB_07636,TC010680,LG9,II,20,,20,Low
iB_07637,TC012502,LG9,II,50,,20,Low
iB_07638,TC031589,LG9,II,60,,20,Low
iB_07640,TC012506,LG9,II,30,,10,Low
iB_07641,TC011971,LG9,II,40,,40,Low
iB_07643,TC034880,LG9,II,70,,10,Low
iB_07645,TC031242,LG9,II,50,,20,Low
iB_07647,TC004220,LG9,II,80,,20,Low
iB_07648,TC011954,LG9,II,50,,10,Low
iB_07649,TC011944,LG9,II,50,,50,Low
iB_07650,TC012544,LG9,II,40,,0,Low
iB_07654,TC005062,LG9,II,50,,20,Low
iB_07655,TC011929,LG9,II,80,,20,Low
iB_07656,TC012565,LG9,II,20,,0,Low
iB_07657,TC012579,LG9,II,30,,0,Low
iB_07663,TC012601,LG9,II,60,,20,Low
iB_07664,TC011892,LG9,II,50,,20,Low
iB_07665,TC011888,LG9,II,80,,30,Low
iB_07668,TC011883,LG9,II,60,,20,Low
iB_07669,TC011879,LG9,III,30,,0,Low
iB_07682,TC011826,LG9,II,70,,30,Low
iB_07683,TC034430,LG9,II,10,,20,Low
iB_07684,TC011808,LG9,II,50,,20,Low
iB_07685,TC011804,LG9,II,60,,20,Low
iB_07686,TC011798,LG9,II,70,,20,Low
iB_07687,TC012704,LG9,III,30,,20,Low
iB_07688,TC011780,LG9,II,40,,20,Low
iB_07690,TC011773,LG9,II,20,,30,Low
iB_07691,TC012727,LG9,II,100,,100,Yes
iB_07693,TC011756,LG9,II,30,,10,Low
iB_07694,TC011749,LG9,III,20,,30,Low
iB_07695,TC012743,LG9,III,40,,30,Low
iB_07697,TC011722,LG9,III,40,,80,Low
iB_07699,TC012785,LG9,II,20,,20,Low
iB_07700,TC011701,LG9,II,10,,20,Low
iB_07705,TC011678,LG9,III,70,,10,Low
iB_07706,TC034463,LG9,II,60,,10,Low
iB_07708,TC034469,LG9,III,20,,10,Low
iB_07709,TC012812,LG9,II,50,,20,Low
iB_07710,TC011650,LG9,II,50,,30,Low
iB_07712,TC012843,LG9,II,80,,90,Low
iB_07716,TC002078,LG10,II,30,,0,Low
iB_07717,TC034489,LG9,II,40,,0,Low
iB_07718,TC011605,LG9,II,60,,20,Low
iB_07723,TC034537,LGX,II,30,,0,Low
iB_07729,TC011320,LG10,II,80,,40,Low
iB_07737,TC006850,LG9,II,40,,30,Low
iB_07748,TC001889,LGX,II,100,,40,Yes
iB_07749,TC003639,LG3,II,0,,30,Low
iB_07759,TC030320,LG10,II,60,,0,Low
iB_07764,TC005075,LG5,II,50,,20,Low
iB_07766,TC030348,LG10,II,0,,80,Low
iB_07772,TC011144,LG10,II,60,,40,Low
iB_07773,TC003852,LG3,II,0,,20,Low
iB_07780,TC011138,LG10,III,20,,20,Low
iB_07781,TC015983,LG8,II,40,,30,Low
iB_07790,TC031942,LG10,II,70,,30,Low
iB_07793,TC011127,LG10,II,60,,20,Low
iB_07795,TC004849,LG2,II,50,,40,Low
iB_07796,TC004523,LG2,II,20,,20,Low
iB_07798,TC004839,LG2,II,90,,90,High
iB_07799,TC004834,LG2,II,100,,10,Yes
iB_07800,TC030553,LG2,II,30,,30,Low
iB_07807,TC016157,LG2,II/III,30,,,Low
iB_07810,TC031990,LG2,III,40,,30,Low
iB_07815,TC005009,LG2,II,70,,50,Low
iB_07820,TC004888,LG2,III,50,,10,Low
iB_07822,TC004889,LG2,III,20,,20,Low
iB_07824,TC004470,LG2,II,20,,30,Low
iB_07827,TC032020,LG2,II,70,,30,Low
iB_07830,TC004436,LG2,II,40,,20,Low
iB_07833,TC004975,LG2,II,70,,40,Low
iB_07836,TC000781,LG2,II,50,,0,Low
iB_07838,TC032037,LG2,II,40,,20,Low
iB_07840,TC032048,LG2,III,30,,20,Low
iB_07841,TC032050,LG2,II,71.42857143,,30,Low
iB_07846,TC032062,LG2,III,70,,50,Low
iB_07849,TC000850,LG2,III,60,,40,Low
iB_07850,TC032079,LG2,III,60,,0,Low
iB_07852,TC000701,LG2,II,80,,60,Low
iB_07853,TC032093,LG2,II,80,,70,Low
iB_07855,TC000882,LG2,II,70,,10,Low
iB_07856,TC000667,LG2,II,100,,70,Yes
iB_07860,TC000968,LG2,II,100,,100,Yes
iB_07862,TC000593,LG2,II,50,,30,Low
iB_07863,TC000577,LG2,II,100,,100,Yes
iB_07864,TC000574,LG2,II,30,,50,Low
iB_07865,TC001004,LG2,III,100,,10,Yes
iB_07866,TC001009,LG2,II,80,,0,Low
iB_07868,TC001017,LG2,II,100,,20,Yes
iB_07869,TC001027,LG2,II,40,,20,Low
iB_07870,TC001033,LG2,II,70,,20,Low
iB_07871,TC001040,LG2,II,60,,30,Low
iB_07872,TC000525,LG2,II,60,,30,Low
iB_07873,TC032153,LG2,II,50,,40,Low
iB_07874,TC001084,LG2,II,50,,50,Low
iB_07875,TC000468,LG2,II,50,,10,Low
iB_07876,TC001103,LG2,III,100,,40,Yes
iB_07877,TC032171,LG2,II/III,60,,,Low
iB_07878,TC001108,LG2,II,40,,30,Low
iB_07879,TC032174,LG2,II,40,,40,Low
iB_07881,TC001118,LG2,III,80,,0,Low
iB_07885,TC001152,LG2,II,30,,50,Low
iB_07886,TC000385,LG2,III,20,,30,Low
iB_07887,TC001170,LG2,II,40,,30,Low
iB_07888,TC011067,LG2,II,30,,40,Low
iB_07893,TC001200,LG2,II,60,,30,Low
iB_07894,TC001202,LG2,II,40,,60,Low
iB_07896,TC032220,LG2,II,80,,20,Low
iB_07897,TC032221,LG2,II,60,,50,Low
iB_07899,TC001240,LG2,III,30,,30,Low
iB_07900,TC001243,LG2,II,70,,30,Low
iB_07902,TC001275,LG2,II,40,,10,Low
iB_07903,TC001276,LG2,II,50,,40,Low
iB_07904,TC032241,LG2,II,40,,30,Low
iB_07909,TC000245,LG2,II,90,,100,High
iB_07911,TC000216,LG2,II,20,,40,Low
iB_07915,TC000202,LG2,II,50,,30,Low
iB_07916,TC001349,LG2,II,30,,40,Low
iB_07917,TC000183,LG2,II,20,,50,Low
iB_07918,TC001376,LG2,II,40,,20,Low
iB_07919,TC015149,LG6,III,40,,40,Low
iB_07925,TC003215,LG3,II,20,,40,Low
iB_07926,TC003231,LG3,II,10,,20,Low
iB_07929,TC003247,LG3,II,30,,30,Low
iB_07930,TC003196,LG3,III,20,,10,Low
iB_07931,TC003192,LG3,II,30,,50,Low
iB_07932,TC003173,LG3,II,20,,60,Low
iB_07934,TC003169,LG3,III,70,,20,Low
iB_07935,TC003142,LG3,II,20,,30,Low
iB_07938,TC016227,LG3,II,40,,0,Low
iB_07939,TC003336,LG3,II,10,,40,Low
iB_07940,TC016199,LG10,II,40,,40,Low
iB_07942,TC016227,LG10,II,40,,70,Low
iB_07943,TC003350,LG3,II,30,,100,Low
iB_07944,TC032344,LG3,II,50,,20,Low
iB_07945,TC003370,LG3,II,30,,0,Low
iB_07947,TC003373,LG3,II,50,,20,Low
iB_07948,TC001566,LG3,II,60,,0,Low
iB_07949,TC032348,LG3,II,20,,0,Low
iB_07950,TC001561,LG3,III,10,,20,Low
iB_07951,TC032359,LG3,II,20,,30,Low
iB_07952,TC003389,LG3,III,60,,20,Low
iB_07953,TC003390,LG3,II,50,,30,Low
iB_07954,TC034898,LG3,II,20,,10,Low
iB_07956,TC031425,LG3,II,10,,100,Low
iB_07957,TC003022,LG3,II,0,,0,Low
iB_07958,TC003415,LG3,II,30,,0,Low
iB_07959,TC003418,LG3,III,40,,0,Low
iB_07960,TC003427,LG3,II,70,,0,Low
iB_07961,TC003001,LG3,II,70,,20,Low
iB_07962,TC003447,LG3,III,50,,20,Low
iB_07964,TC032382,LG3,II,10,,10,Low
iB_07965,TC003465,LG3,II,40,,20,Low
iB_07966,TC002968,LG3,II,80,,100,Low
iB_07967,TC003476,LG3,II,20,,10,Low
iB_07968,TC003477,LG3,II,70,,30,Low
iB_07969,TC032390,LG3,II,30,,10,Low
iB_07970,TC002957,LG3,II,20,,0,Low
iB_07972,TC002940,LG3,III,80,,20,Low
iB_07973,TC003496,LG3,II,30,,10,Low
iB_07974,TC002930,LG3,II,40,,0,Low
iB_07975,TC002912,LG3,II,40,,10,Low
iB_07976,TC003545,LG3,III,40,,30,Low
iB_07977,TC032412,LG3,III,50,,20,Low
iB_07978,TC003561,LG3,III,80,,30,Low
iB_07980,TC003598,LG3,II,30,,0,Low
iB_07981,TC002838,LG3,II,40,,0,Low
iB_07982,TC011223,LG10,II,50,,30,Low
iB_07983,TC002813,LG3,II,40,,10,Low
iB_07985,TC002806,LG3,II,30,,20,Low
iB_07987,TC011037,LG10,III,100,,30,Yes
iB_07989,TC032464,LG3,II,100,,80,Yes
iB_07990,TC000093,LG3,III,50,,50,Low
iB_07991,TC000077,LG3,III,10,,10,Low
iB_07993,TC000103,LG3,II,70,,20,Low
iB_07994,TC011452,LG10,II,10,,20,Low
iB_07995,TC000125,LG3,II,20,,0,Low
iB_07997,TC000140,LG3,II,20,,20,Low
iB_07998,TC032479,LG2,II,33.33333333,,0,Low
iB_07999,TC002774,LG3,II,40,,20,Low
iB_08000,TC002763,LG3,II,77.77777778,,0,Low
iB_08001,TC011027,LG10,II,30,,0,Low
iB_08002,TC011026,LG10,II,30,,20,Low
iB_08003,TC002742,LG3,II,60,,10,Low
iB_08004,TC011025,LG10,II,100,,100,Yes
iB_08005,TC032491,LG3,III,70,,50,Low
iB_08006,TC032492,LG3,II,30,,10,Low
iB_08007,TC011458,LG10,II,40,,20,Low
iB_08008,TC002720,LG3,II,30,,0,Low
iB_08010,TC032499,LG3,II,20,,0,Low
iB_08011,TC032502,LG3,II,70,,10,Low
iB_08012,TC010523,LG3,II,40,,0,Low
iB_08013,TC011461,LG10,II,60,,100,Low
iB_08014,TC000031,LG3,II,40,,0,Low
iB_08015,TC002683,LG3,II,50,,20,Low
iB_08018,TC032541,LG3,II,30,,30,Low
iB_08020,TC002627,LG3,II,30,,10,Low
iB_08026,TC002585,LG3,II,100,,100,Yes
iB_08028,TC032588,LG3,II,40,,0,Low
iB_08029,TC010342,LG3,II,0,,20,Low
iB_08032,TC010334,LG3,II,10,,20,Low
iB_08034,TC034628,LG3,II,10,,0,Low
iB_08035,TC010999,LG3,II,70,,30,Low
iB_08036,TC002333,LG3,II,40,,70,Low
iB_08037,TC002142,LG3,II,30,,20,Low
iB_08039,TC002114,LG3,III,0,,40,Low
iB_08041,TC002531,LG3,II,80,,40,Low
iB_08042,TC032620,LG3,II,20,,10,Low
iB_08043,TC004376,LG3,II,50,,20,Low
iB_08044,TC002512,LG3,III,70,,70,Low
iB_08047,TC010473,LG3,II,30,,0,Low
iB_08049,TC032643,LG3,II,50,,10,Low
iB_08050,TC003935,LG3,II,30,,20,Low
iB_08051,TC032646,LG3,II,70,,30,Low
iB_08055,TC002437,LG3,II,40,,0,Low
iB_08056,TC031337,LG3,II,60,,20,Low
iB_08057,TC002414,LG3,III,50,,20,Low
iB_08058,TC016391,LG3,II,90,,20,High
iB_08059,TC034947,LG3,II,70,,10,Low
iB_08060,TC032693,LG3,II,70,,20,Low
iB_08061,TC032696,LG3,II,30,,0,Low
iB_08063,TC004365,LG10,II,40,,0,Low
iB_08070,TC004359,LG10,II,40,,30,Low
iB_08072,TC007710,LG4,II,20,,20,Low
iB_08074,TC032733,LG4,II,10,,20,Low
iB_08075,TC007802,LG4,II,20,,20,Low
iB_08076,TC007686,LG4,II,50,,50,Low
iB_08080,TC004399,LG10,II,60,,40,Low
iB_08082,TC007660,LG4,III,50,,70,Low
iB_08083,TC007659,LG4,II,30,,10,Low
iB_08085,TC007853,LG4,II,30,,20,Low
iB_08086,TC007856,LG4,II,70,,30,Low
iB_08088,TC032757,LG4,II,50,,40,Low
iB_08089,TC007616,LG4,II,70,,20,Low
iB_08090,TC007893,LG4,II,30,,10,Low
iB_08091,TC007608,LG4,II,30,,10,Low
iB_08093,TC007919,LG4,III,50,,10,Low
iB_08095,TC007583,LG4,II,70,,20,Low
iB_08096,TC007924,LG4,II,10,,10,Low
iB_08097,TC007575,LG4,III,70,,20,Low
iB_08100,TC032789,LG4,II,50,,0,Low
iB_08101,TC004670,LG4,III,40,,10,Low
iB_08102,TC007987,LG4,II,100,,80,Yes
iB_08103,TC007499,LG4,II,20,,20,Low
iB_08105,TC007492,LG4,II,30,,40,Low
iB_08108,TC008021,LG4,II,50,,20,Low
iB_08111,TC008051,LG4,II,50,,40,Low
iB_08113,TC008061,LG4,II,10,,50,Low
iB_08114,TC008066,LG4,III,70,,30,Low
iB_08115,TC007430,LG4,II,100,,100,Yes
iB_08117,TC008110,LG4,II,20,,30,Low
iB_08119,TC004682,LG4,II,80,,30,Low
iB_08120,TC007382,LG4,II,30,,30,Low
iB_08122,TC007373,LG4,II,50,,10,Low
iB_08123,TC007371,LG4,II,40,,20,Low
iB_08125,TC007353,LG4,II,30,,50,Low
iB_08130,TC007337,LG4,II,80,,80,Low
iB_08131,TC032829,LG4,II,10,,30,Low
iB_08132,TC007331,LG4,II,40,,10,Low
iB_08135,TC008191,LG4,II,50,,30,Low
iB_08136,TC007288,LG4,III,70,,40,Low
iB_08137,TC008198,LG4,II,30,,40,Low
iB_08138,TC008202,LG4,II,30,,10,Low
iB_08140,TC032846,LG4,II,40,,30,Low
iB_08142,TC008220,LG4,II,100,,50,Yes
iB_08143,TC032858,LG4,II,30,,50,Low
iB_08146,TC007227,LG4,II,20,,40,Low
iB_08147,TC007223,LG4,II,20,,60,Low
iB_08148,TC008255,LG4,II,10,,60,Low
iB_08150,TC007206,LG4,II,10,,30,Low
iB_08155,TC007177,LG4,II,10,,10,Low
iB_08156,TC008294,LG4,II,10,,10,Low
iB_08158,TC011547,LG4,II,100,,90,Yes
iB_08160,TC008320,LG4,III,30,,10,Low
iB_08161,TC008324,LG4,III,90,,50,High
iB_08163,TC007130,LG4,II,20,,50,Low
iB_08164,TC008353,LG4,II,40,,30,Low
iB_08167,TC008369,LG4,II,100,,10,Yes
iB_08168,TC007036,LG4,II,30,,90,Low
iB_08169,TC031474,LG4,II,50,,20,Low
iB_08170,TC008455,LG4,II,30,,0,Low
iB_08171,TC007053,LG4,II,40,,30,Low
iB_08172,TC008448,LG4,II,30,,60,Low
iB_08173,TC008444,LG4,III,80,,10,Low
iB_08174,TC007057,LG4,II,30,,30,Low
iB_08175,TC007080,LG4,II,100,,40,Yes
iB_08179,TC008383,LG4,II,20,,30,Low
iB_08180,TC008504,LG4,II,50,,30,Low
iB_08181,TC007011,LG4,II,40,,10,Low
iB_08184,TC013779,LG4,II,40,,30,Low
iB_08185,TC033279,LG4,II,10,,10,Low
iB_08188,TC030927,LG4,II,40,,50,Low
iB_08189,TC033924,LG4,II,80,,40,Low
iB_08191,TC016317,LG5,II,30,,30,Low
iB_08195,TC033012,LG5,II,10,,30,Low
iB_08196,TC010936,LG5,II,60,,30,Low
iB_08198,TC010929,LG5,II,60,,20,Low
iB_08200,TC013916,LG5,III,30,,20,Low
iB_08202,TC013917,LG5,II,20,,50,Low
iB_08205,TC013925,LG5,II,20,,10,Low
iB_08207,TC001613,LGX,II,50,,30,Low
iB_08208,TC033023,LG5,II,20,,40,Low
iB_08209,TC013937,LG5,II,50,,60,Low
iB_08211,TC033029,LG5,II,20,,40,Low
iB_08214,TC001630,LGX,II,60,,20,Low
iB_08215,TC013832,LG5,II,0,,20,Low
iB_08219,TC013997,LG5,II,10,,20,Low
iB_08222,TC013785,LG5,II,0,,50,Low
iB_08223,TC014014,LG5,III,60,,20,Low
iB_08224,TC033047,LG5,III,50,,0,Low
iB_08225,TC014022,LG5,II,20,,30,Low
iB_08228,TC030724,LG5,II,70,,90,Low
iB_08230,TC014041,LG5,II,30,,20,Low
iB_08231,TC033056,LG5,II,30,,40,Low
iB_08232,TC013759,LG5,II,60,,80,Low
iB_08233,TC014047,LG5,II,10,,40,Low
iB_08234,TC014049,LG5,II,10,,20,Low
iB_08236,TC013739,LG5,II,20,,20,Low
iB_08237,TC033069,LG5,II,10,,30,Low
iB_08238,TC013722,LG5,II,50,,30,Low
iB_08239,TC013713,LG5,II,40,,60,Low
iB_08240,TC013711,LG5,II,40,,30,Low
iB_08241,TC014083,LG5,II,50,,30,Low
iB_08242,TC013708,LG5,II,30,,60,Low
iB_08248,TC013687,LG5,II,70,,20,Low
iB_08251,TC014133,LG5,II,60,,20,Low
iB_08252,TC033086,LG5,II,60,,40,Low
iB_08254,TC014151,LG5,II,0,,20,Low
iB_08255,TC013654,LG5,II,30,,30,Low
iB_08257,TC034693,LG5,III,10,,40,Low
iB_08258,TC013647,LG5,II,40,,10,Low
iB_08259,TC013643,LG5,II,30,,30,Low
iB_08260,TC010431,LG5,II,50,,60,Low
iB_08263,TC010415,LG5,III,60,,10,Low
iB_08264,TC010454,LG5,III,20,,30,Low
iB_08265,TC010458,LG5,II,20,,30,Low
iB_08268,TC033103,LG5,II,40,,30,Low
iB_08269,TC013564,LG5,II,40,,80,Low
iB_08270,TC014247,LG5,II,50,,0,Low
iB_08272,TC014251,LG5,II,30,,30,Low
iB_08273,TC014257,LG5,II,30,,20,Low
iB_08275,TC033108,LG5,II,60,,30,Low
iB_08276,TC033110,LG5,II,20,,50,Low
iB_08277,TC014269,LG5,II,50,,30,Low
iB_08279,TC013532,LG5,II,40,,20,Low
iB_08280,TC014284,LG5,II,20,,0,Low
iB_08281,TC033117,LG5,II,50,,10,Low
iB_08282,TC013515,LG5,II,20,,0,Low
iB_08283,TC004160,LG5,II,0,,0,Low
iB_08284,TC013505,LG5,II,20,,0,Low
iB_08285,TC014301,LG5,II,20,,20,Low
iB_08291,TC033127,LG5,II,10,,10,Low
iB_08292,TC031354,LG5,II,50,,0,Low
iB_08294,TC033128,LG5,III,40,,20,Low
iB_08296,TC014321,LG5,II,40,,0,Low
iB_08298,TC014327,LG5,II,70,,60,Low
iB_08299,TC013469,LG5,II,30,,20,Low
iB_08300,TC014329,LG5,II,20,,20,Low
iB_08301,TC013465,LG5,II,50,,30,Low
iB_08303,TC030655,LG5,II,10,,20,Low
iB_08306,TC013453,LG5,II,40,,0,Low
iB_08308,TC033132,LG5,II,30,,10,Low
iB_08313,TC013428,LG5,II,30,,20,Low
iB_08316,TC013422,LG5,II,10,,20,Low
iB_08317,TC014375,LG5,II,50,,10,Low
iB_08319,TC014392,LG5,II,10,,10,Low
iB_08321,TC013410,LG5,II,10,,20,Low
iB_08323,TC014397,LG5,II,50,,10,Low
iB_08327,TC013642,LG5,II,60,,0,Low
iB_08331,TC014416,LG5,III,50,,70,Low
iB_08334,TC014424,LG5,II,40,,20,Low
iB_08335,TC033159,LG5,II,50,,10,Low
iB_08336,TC033162,LG5,II,20,,10,Low
iB_08338,TC030232,LG5,II,20,,20,Low
iB_08341,TC014459,LG5,II,50,,0,Low
iB_08342,TC014461,LG5,II,30,,0,Low
iB_08343,TC013349,LG5,II,10,,0,Low
iB_08344,TC013348,LG5,II,20,,90,Low
iB_08345,TC014468,LG5,II,30,,0,Low
iB_08349,TC013326,LG5,III,30,,10,Low
iB_08354,TC014177,LG5,II,20,,0,Low
iB_08356,TC013304,LG5,II,20,,10,Low
iB_08359,TC033184,LG5,II,30,,20,Low
iB_08363,TC031355,LG5,II,0,,0,Low
iB_08364,TC013252,LG5,II,0,,0,Low
iB_08365,TC033188,LG5,II,40,,0,Low
iB_08366,TC013235,LG5,II,60,,80,Low
iB_08367,TC013630,LG5,II,10,,0,Low
iB_08369,TC013230,LG5,II,50,,10,Low
iB_08370,TC014571,LG5,II,60,,0,Low
iB_08374,TC013217,LG5,II,20,,0,Low
iB_08381,TC014609,LG5,II,30,,10,Low
iB_08382,TC013626,LGX,II,20,,30,Low
iB_08383,TC013196,LG5,II,10,,10,Low
iB_08386,TC013193,LG5,II,0,,0,Low
iB_08387,TC033202,LG5,II,30,,30,Low
iB_08390,TC014630,LG5,II,20,,20,Low
iB_08391,TC033205,LG5,II,10,,11.11,Low
iB_08394,TC014639,LG5,II,22.22222222,,20,Low
iB_08398,TC033206,LG5,II,50,,10,Low
iB_08402,TC014650,LG5,II,30,,0,Low
iB_08404,TC014659,LG5,II,20,,0,Low
iB_08406,TC013151,LG5,II,70,,10,Low
iB_08408,TC030676,LG5,II,50,,18.18,Low
iB_08410,TC014676,LG5,II,20,,40,Low
iB_08414,TC014691,LG5,II,30,,0,Low
iB_08415,TC013123,LG5,II,60,,0,Low
iB_08416,TC031158,LG5,II,50,,0,Low
iB_08421,TC014705,LG5,II,50,,10,Low
iB_08426,TC013084,LG5,II,40,,10,Low
iB_08427,TC014732,LG5,II,40,,20,Low
iB_08430,TC014742,LG5,II,10,,0,Low
iB_08431,TC014750,LG5,II,30,,0,Low
iB_08432,TC013064,LG5,II,50,,30,Low
iB_08433,TC014754,LG5,III,70,,10,Low
iB_08436,TC013047,LG5,III,70,,10,Low
iB_08441,TC014770,LG5,II,30,,0,Low
iB_08443,TC033259,LG5,II,50,,0,Low
iB_08445,TC013021,LG5,II,30,,0,Low
iB_08447,TC033266,LG6,II,40,,10,Low
iB_08449,TC013006,LG5,II,30,,10,Low
iB_08453,TC010608,LG5,II,30,,0,Low
iB_08458,TC013601,LGX,II,20,,0,Low
iB_08461,TC033303,LG6,II,40,,10,Low
iB_08466,TC033308,LG6,II,50,,0,Low
iB_08468,TC015328,LG6,II,40,,0,Low
iB_08471,TC015414,LG6,II,50,,0,Low
iB_08472,TC015416,LG6,III,30,,20,Low
iB_08474,TC033316,LG6,II,50,,50,Low
iB_08477,TC033318,LG6,II,40,,10,Low
iB_08480,TC015298,LG6,II,50,,10,Low
iB_08482,TC033332,LG6,II,40,,0,Low
iB_08483,TC015441,LG6,II,60,,0,Low
iB_08485,TC015446,LG8,II,60,,0,Low
iB_08486,TC015261,LG8,III,30,,50,Low
iB_08488,TC033341,LG8,II,40,,0,Low
iB_08489,TC011028,LG10,II,60,,100,Low
iB_08496,TC031507,LG6,II,20,,10,Low
iB_08499,TC015205,LG6,II,100,,100,Yes
iB_08500,TC013585,LGX,II,30,,10,Low
iB_08501,TC015503,LG6,II,50,,10,Low
iB_08502,TC015506,LG6,II,70,,0,Low
iB_08503,TC015192,LG6,II,40,,20,Low
iB_08506,TC015537,LG6,II,40,,30,Low
iB_08507,TC015548,LG6,II,30,,50,Low
iB_08509,TC033365,LG6,II,30,,30,Low
iB_08515,TC014226,LGX,III,30,,40,Low
iB_08517,TC033375,LG6,II,40,,30,Low
iB_08518,TC015139,LG6,II,80,,20,Low
iB_08524,TC030906,LG6,II,30,,50,Low
iB_08529,TC015614,LG6,II,50,,0,Low
iB_08530,TC033406,LG6,II,20,,60,Low
iB_08532,TC015626,LG6,II,100,,100,Yes
iB_08533,TC015073,LG6,III,50,,10,Low
iB_08535,TC013573,LGX,III,60,,10,Low
iB_08536,TC015072,LG6,III,30,,20,Low
iB_08537,TC015635,LG6,II,10,,60,Low
iB_08539,TC015653,LG6,II,40,,40,Low
iB_08541,TC015048,LG6,II,30,,50,Low
iB_08542,TC015038,LG6,II,30,,50,Low
iB_08547,TC033425,LG6,III,10,,10,Low
iB_08548,TC015022,LG6,II,70,,60,Low
iB_08549,TC015669,LG6,II,10,,30,Low
iB_08550,TC015700,LG6,II,30,,30,Low
iB_08551,TC015709,LG6,III,30,,20,Low
iB_08552,TC033431,LG6,II,90,,80,High
iB_08553,TC015731,LG6,II,100,,80,Yes
iB_08554,TC014965,LG6,III,30,,10,Low
iB_08558,TC004734,LGX,II,40,,70,Low
iB_08559,TC004733,LGX,II,40,,30,Low
iB_08561,TC004632,LGX,II,20,,20,Low
iB_08565,TC014905,LG6,III,40,,30,Low
iB_08567,TC033454,LG6,II,0,,50,Low
iB_08568,TC033455,LG6,III,70,,20,Low
iB_08571,TC015816,LG6,III,70,,50,Low
iB_08572,TC015824,LG6,III,30,,10,Low
iB_08573,TC014894,LG6,II,80,,100,Low
iB_08574,TC015827,LG6,II,30,,50,Low
iB_08575,TC004647,LGX,II,40,,30,Low
iB_08577,TC033466,LG6,II,20,,30,Low
iB_08578,TC033467,LG6,II,50,,50,Low
iB_08579,TC014868,LG6,II,10,,20,Low
iB_08587,TC009420,LG7,II,20,,50,Low
iB_08588,TC033514,LG7,II,0,,70,Low
iB_08590,TC009422,LG7,II,20,,50,Low
iB_08594,TC009378,LG7,II,20,,30,Low
iB_08595,TC031360,LG7,II,40,,11.11,Low
iB_08598,TC033521,LG7,II,100,,70,Yes
iB_08599,TC009363,LG7,II,20,,20,Low
iB_08602,TC030257,LG7,II,20,,30,Low
iB_08603,TC009453,LG7,III,60,,10,Low
iB_08606,TC009356,LG7,II,20,,30,Low
iB_08607,TC009355,LG7,III,40,,20,Low
iB_08610,TC009340,LG7,II,10,,60,Low
iB_08611,TC004636,LGX,II,40,,10,Low
iB_08614,TC011201,LG7,II,20,,30,Low
iB_08615,TC009322,LG7,II,60,,80,Low
iB_08616,TC009490,LG7,II,30,,10,Low
iB_08617,TC009319,LG7,II,10,,30,Low
iB_08618,TC009496,LG7,II,30,,30,Low
iB_08619,TC009314,LG7,II,20,,20,Low
iB_08620,TC009309,LG7,II,30,,20,Low
iB_08621,TC033552,LG7,II,30,,20,Low
iB_08625,TC009298,LG7,II,10,,30,Low
iB_08626,TC009295,LG7,II,60,,0,Low
iB_08627,TC009290,LG7,II,20,,50,Low
iB_08628,TC009520,LG7,II,30,,50,Low
iB_08629,TC033560,LG7,III,10,,20,Low
iB_08630,TC009282,LG7,II,30,,30,Low
iB_08632,TC009265,LG7,II,0,,40,Low
iB_08634,TC009544,LG7,II,10,,30,Low
iB_08638,TC009560,LG7,II,30,,30,Low
iB_08640,TC009562,LG7,II,30,,30,Low
iB_08643,TC009237,LG7,II,20,,50,Low
iB_08646,TC030547,LG7,II,20,,50,Low
iB_08647,TC009234,LG7,II,30,,40,Low
iB_08654,TC009210,LG7,II,0,,20,Low
iB_08656,TC009595,LG7,II,30,,10,Low
iB_08657,TC030592,LG7,II,10,,50,Low
iB_08658,TC009178,LG7,III,30,,40,Low
iB_08660,TC005184,LGX,II,70,,20,Low
iB_08661,TC009617,LG7,II,50,,60,Low
iB_08662,TC009189,LG7,II,20,,50,Low
iB_08663,TC009615,LG7,II,20,,10,Low
iB_08664,TC009613,LG7,II,20,,30,Low
iB_08666,TC009201,LG7,II,40,,20,Low
iB_08667,TC009202,LG7,II,10,,30,Low
iB_08668,TC009606,LG7,II,10,,60,Low
iB_08671,TC009630,LG7,II,10,,10,Low
iB_08674,TC005187,LGX,II,10,,10,Low
iB_08675,TC009675,LG7,II,100,,100,Yes
iB_08676,TC009673,LG7,III,60,,10,Low
iB_08683,TC015915,LG7,II,10,,0,Low
iB_08684,TC015914,LG7,II,10,,80,Low
iB_08685,TC015939,LG7,II,20,,60,Low
iB_08686,TC033620,LG7,II,60,,100,Low
iB_08691,TC009139,LG7,II,10,,20,Low
iB_08694,TC033624,LG7,II,0,,0,Low
iB_08695,TC033626,LG7,II,20,,70,Low
iB_08696,TC010833,LGX,II,20,,50,Low
iB_08697,TC009129,LG7,II,10,,30,Low
iB_08703,TC010818,LGX,II,10,,60,Low
iB_08704,TC030549,LG7,II,10,,0,Low
iB_08706,TC033657,LG7,II,0,,50,Low
iB_08707,TC011198,LG7,II,10,,40,Low
iB_08709,TC013296,LG7,II,0,,50,Low
iB_08710,TC034783,LG7,II,20,,60,Low
iB_08712,TC009731,LG7,II,20,,0,Low
iB_08715,TC016372,LG7,II,20,,40,Low
iB_08717,TC016352,LG7,II,0,,10,Low
iB_08718,TC016380,LG7,II,0,,20,Low
iB_08719,TC033673,LG7,II,10,,40,Low
iB_08721,TC009085,LG7,II,10,,30,Low
iB_08722,TC010805,LGX,II,20,,30,Low
iB_08725,TC009772,LG7,III,50,,30,Low
iB_08727,TC009049,LG7,III,80,,100,Low
iB_08730,TC009789,LG7,II,0,,20,Low
iB_08731,TC033693,LG7,II,10,,0,Low
iB_08732,TC009796,LG7,II,40,,10,Low
iB_08734,TC009803,LG7,II,10,,0,Low
iB_08736,TC009809,LG7,II,0,,0,Low
iB_08737,TC009818,LG7,II,0,,30,Low
iB_08739,TC009836,LG7,II,0,,10,Low
iB_08741,TC030102,LG7,III,30,,10,Low
iB_08742,TC033708,LG7,II,0,,10,Low
iB_08743,TC009000,LG7,II,0,,10,Low
iB_08744,TC033712,LG7,II,10,,10,Low
iB_08745,TC030702,LG7,II,20,,100,Low
iB_08747,TC008996,LG7,II,0,,10,Low
iB_08748,TC033713,LG7,II,0,,10,Low
iB_08749,TC033715,LG7,II,10,,0,Low
iB_08750,TC033716,LG7,II,0,,50,Low
iB_08752,TC009872,LG7,II,0,,20,Low
iB_08758,TC008923,LG7,II,0,,20,Low
iB_08759,TC034808,LG7,II,10,,0,Low
iB_08760,TC033755,LG7,II,80,,10,Low
iB_08761,TC008914,LG7,II,30,,30,Low
iB_08762,TC033757,LG7,II,10,,30,Low
iB_08763,TC010857,LGX,II,30,,30,Low
iB_08764,TC009935,LG7,II,70,,30,Low
iB_08767,TC008904,LG7,II,70,,20,Low
iB_08771,TC033775,LG7,II,50,,0,Low
iB_08772,TC033776,LG7,II,20,,0,Low
iB_08773,TC009979,LG7,II,100,,100,Yes
iB_08774,TC009982,LG7,II,30,,20,Low
iB_08779,TC008832,LG7,II,50,,20,Low
iB_08781,TC008829,LG7,II,100,,100,Yes
iB_08782,TC010001,LG7,II,40,,20,Low
iB_08784,TC033797,LG7,II,60,,20,Low
iB_08789,TC010028,LG7,III,20,,30,Low
iB_08790,TC008796,LG7,II,30,,20,Low
iB_08793,TC008787,LG7,II,30,,10,Low
iB_08796,TC010871,LGX,II,10,,50,Low
iB_08797,TC008778,LG7,II,30,,20,Low
iB_08799,TC010058,LG7,II,20,,30,Low
iB_08800,TC008758,LG7,II,0,,10,Low
iB_08805,TC033835,LG7,II,10,,10,Low
iB_08806,TC008623,LG7,III,60,,50,Low
iB_08808,TC008635,LG7,II,40,,10,Low
iB_08809,TC008637,LG7,II,30,,0,Low
iB_08810,TC033843,LG7,III,50,,10,Low
iB_08813,TC010162,LG7,II,40,,0,Low
iB_08814,TC008669,LG7,II,40,,10,Low
iB_08816,TC010153,LG7,II,30,,20,Low
iB_08818,TC010140,LG7,II,30,,30,Low
iB_08819,TC010138,LG7,II,70,,20,Low
iB_08820,TC010127,LG7,II,50,,10,Low
iB_08821,TC008701,LG7,II,30,,20,Low
iB_08823,TC010114,LG7,II,0,,0,Low
iB_08824,TC033867,LG7,II,20,,10,Low
iB_08829,TC008734,LG7,II,10,,30,Low
iB_08830,TC010767,LGX,II,30,,10,Low
iB_08834,TC008610,LG7,II,40,,40,Low
iB_08841,TC033919,LG8,II,10,,0,Low
iB_08845,TC033929,LG8,II,50,,40,Low
iB_08846,TC033934,LG8,II,0,,50,Low
iB_08847,TC015992,LG8,II,10,,40,Low
iB_08848,TC015974,LG8,III,40,,40,Low
iB_08854,TC006111,LG8,II/III,80,,,Low
iB_08856,TC033960,LG8,II,30,,0,Low
iB_08861,TC006177,LG8,II,10,,20,Low
iB_08862,TC005972,LG8,II,10,,30,Low
iB_08863,TC006191,LG8,II,100,,100,Yes
iB_08864,TC006199,LG8,II,40,,0,Low
iB_08868,TC033996,LG8,II,20,,40,Low
iB_08871,TC006224,LG8,II,30,,10,Low
iB_08873,TC005922,LG8,II,100,,70,Yes
iB_08875,TC006258,LG8,III,80,,80,Low
iB_08877,TC031556,LGX,III,40,,0,Low
iB_08879,TC005886,LG8,II,60,,10,Low
iB_08880,TC034015,LG8,II,0,,40,Low
iB_08884,TC005857,LG8,II,30,,100,Low
iB_08886,TC034826,LG8,II,20,,10,Low
iB_08887,TC005841,LG8,II,10,,30,Low
iB_08889,TC000802,LG2,II,40,,10,Low
iB_08891,TC003436,LG3,II,30,,20,Low
iB_08892,TC003483,LG3,II,20,,10,Low
iB_08893,TC008733,LG7,II,20,,40,Low
iB_08894,TC008897,LG7,II,30,,10,Low
iB_08895,TC009047,LG7,II,20,,40,Low
iB_08896,TC010152,LG7,III,50,,40,Low
iB_08897,TC010983,LG9,II,10,,10,Low
iB_08900,TC012945,LG10,II,60,,10,Low
iB_08902,TC015563,LG6,II,70,,40,Low
iB_08903,TC033227,LG5,II,50,,0,Low
iB_08904,TC009412,LG7,II,20,,0,Low
iB_08905,TC030213,LG7,II,40,,10,Low
iB_08906,TC033018,LG5,II,40,,0,Low
iB_08907,TC005810,LG8,II,0,,20,Low
iB_08908,TC006344,LG8,II,10,,10,Low
iB_08909,TC006357,LG8,II,40,,80,Low
iB_08910,TC005767,LG8,II,30,,30,Low
iB_08911,TC006365,LG8,III,0,,70,Low
iB_08912,TC005763,LG8,II,40,,10,Low
iB_08913,TC005760,LG8,II,60,,20,Low
iB_08914,TC006384,LG8,II,80,,30,Low
iB_08915,TC006413,LG8,II,30,,40,Low
iB_08916,TC006419,LG8,II,30,,20,Low
iB_08917,TC015484,LG8,II,40,,0,Low
iB_08918,TC034830,LG8,II,30,,20,Low
iB_08919,TC034087,LG8,II,10,,40,Low
iB_08920,TC005669,LG8,II,0,,0,Low
iB_08921,TC005668,LG8,II,100,,50,Yes
iB_08922,TC006463,LG8,II,10,,20,Low
iB_08923,TC006500,LG8,III,20,,40,Low
iB_08924,TC005597,LG8,II,10,,30,Low
iB_08925,TC006516,LG8,II,30,,50,Low
iB_08926,TC005579,LG8,II,10,,20,Low
iB_08927,TC006532,LG8,II,30,,20,Low
iB_08928,TC005542,LG8,II,10,,30,Low
iB_08929,TC006578,LG8,III,10,,50,Low
iB_08930,TC005525,LG8,II,10,,50,Low
iB_08931,TC006599,LG8,II,30,,50,Low
iB_08932,TC006605,LG8,II,70,,70,Low
iB_08933,TC034133,LG8,II,20,,40,Low
iB_08934,TC005506,LG8,II,30,,30,Low
iB_08935,TC006616,LG8,II,20,,40,Low
iB_08936,TC034139,LG8,II,100,,90,Yes
iB_08937,TC006629,LG8,III,30,,30,Low
iB_08938,TC006630,LG8,II,80,,10,Low
iB_08939,TC034144,LG8,II,10,,30,Low
iB_08940,TC034146,LG8,II,20,,50,Low
iB_08941,TC004626,LGX,II,10,,40,Low
iB_08942,TC006678,LG8,III,20,,20,Low
iB_08943,TC006697,LG8,II,10,,50,Low
iB_08944,TC006708,LG8,II,20,,10,Low
iB_08945,TC006725,LG8,II,20,,60,Low
iB_08946,TC034265,LG9,II,20,,20,Low
iB_08947,TC001699,LGX,II,10,,10,Low
iB_08948,TC012046,LG9,II,20,,20,Low
iB_08949,TC012023,LG9,II,0,,40,Low
iB_08950,TC012020,LG9,II,10,,40,Low
iB_08951,TC012473,LG9,II,20,,30,Low
iB_08952,TC010663,LG9,II,10,,0,Low
iB_08953,TC012618,LG9,II,20,,30,Low
iB_08954,TC012647,LG9,II,100,,40,Yes
iB_08955,TC011851,LG9,II,10,,20,Low
iB_08956,TC011637,LG9,II,20,,30,Low
iB_08957,TC011635,LG9,II,20,,50,Low
iB_08967,TC004564,LG2,II,30,,50,Low
iB_08968,TC004818,LG2,II,30,,30,Low
iB_08969,TC004570,LG2,II,30,,10,Low
iB_08970,TC031982,LG2,III,50,,30,Low
iB_08971,TC004521,LG2,II,0,,60,Low
iB_08973,TC004876,LG2,III,20,,50,Low
iB_08974,TC005004,LG2,III,70,,80,Low
iB_08975,TC004990,LG2,II,100,,40,Yes
iB_08976,TC004987,LG2,II,40,,30,Low
iB_08977,TC012919,LG2,II,30,,20,Low
iB_08978,TC011359,LG9,II,50,,50,Low
iB_08979,TC004500,LG2,II,10,,50,Low
iB_08980,TC004909,LG2,II,30,,40,Low
iB_08981,TC004920,LG2,II,20,,40,Low
iB_08982,TC004938,LG2,III,60,,20,Low
iB_08983,TC004948,LG2,II,0,,20,Low
iB_08984,TC004968,LG2,II,70,,100,Low
iB_08985,TC004980,LG2,II,0,,20,Low
iB_08986,TC000780,LG2,II,10,,40,Low
iB_08987,TC032041,LG2,II,20,,10,Low
iB_08988,TC034550,LG2,II,10,,20,Low
iB_08989,TC032046,LG2,II,10,,40,Low
iB_08990,TC000754,LG2,II,30,,30,Low
iB_08991,TC000824,LG2,II,20,,20,Low
iB_08992,TC000825,LG2,II,100,,70,Yes
iB_08993,TC000835,LG2,III,30,,40,Low
iB_08994,TC000838,LG2,II,70,,50,Low
iB_08995,TC000844,LG2,II,10,,30,Low
iB_08996,TC000851,LG2,II,30,,50,Low
iB_08997,TC000540,LG2,II,20,,20,Low
iB_08998,TC001068,LG2,II,20,,50,Low
iB_08999,TC011076,LG2,II,0,,30,Low
iB_09000,TC001148,LG2,II,50,,90,Low
iB_09001,TC001231,LG2,III,60,,50,Low
iB_09002,TC031408,LG10,II,0,,20,Low
iB_09003,TC001296,LG2,II,30,,20,Low
iB_09004,TC001368,LG2,II,20,,50,Low
iB_09005,TC032314,LG3,III,20,,40,Low
iB_09007,TC003366,LG3,III,80,,20,Low
iB_09008,TC003367,LG3,II,10,,30,Low
iB_09009,TC003368,LG3,II,30,,30,Low
iB_09010,TC003369,LG3,II,50,,0,Low
iB_09011,TC003370,LG3,II,30,,30,Low
iB_09012,TC003371,LG3,II,70,,60,Low
iB_09013,TC003372,LG3,II,0,,20,Low
iB_09014,TC003373,LG3,II,0,,40,Low
iB_09015,TC003374,LG3,II,0,,70,Low
iB_09016,TC003375,LG3,II,40,,0,Low
iB_09017,TC003376,LG3,II,30,,10,Low
iB_09018,TC003377,LG3,II,30,,0,Low
iB_09019,TC003378,LG3,II,10,,40,Low
iB_09020,TC003379,LG3,II,20,,20,Low
iB_09021,TC003380,LG3,II,10,,20,Low
iB_09022,TC003381,LG3,II,40,,20,Low
iB_09023,TC003382,LG3,II,60,,0,Low
iB_09024,TC003383,LG3,II,30,,40,Low
iB_09025,TC003384,LG3,II,20,,0,Low
iB_09026,TC003385,LG3,III,30,,40,Low
iB_09027,TC003386,LG3,II,30,,20,Low
iB_09028,TC003387,LG3,III,60,,0,Low
iB_09029,TC003388,LG3,II,20,,20,Low
iB_09030,TC003389,LG3,II,100,,60,Yes
iB_09031,TC003390,LG3,III,40,,30,Low
iB_09032,TC003391,LG3,III,50,,20,Low
iB_09033,TC003392,LG3,II,10,,20,Low
iB_09036,TC008487,LG4,II,40,,20,Low
iB_09037,TC008486,LG4,II,100,,100,Yes
iB_09038,TC031115,LG4,II,20,,0,Low
iB_09039,TC007035,LG4,II,30,,20,Low
iB_09040,TC034675,LG4,II,20,,20,Low
iB_09042,TC032969,LG4,II,60,,20,Low
iB_09043,TC016314,LG5,II,40,,0,Low
iB_09044,TC012887,LG3,II,80,,80,Low
iB_09045,TC010908,LG5,II,40,,10,Low
iB_09046,TC030342,LG5,II,20,,0,Low
iB_09047,TC013887,LG5,II,50,,70,Low
iB_09048,TC013920,LG5,II,20,,10,Low
iB_09049,TC013921,LG5,II,20,,10,Low
iB_09050,TC033022,LG5,II,20,,0,Low
iB_09051,TC013930,LG5,II,30,,0,Low
iB_09052,TC013940,LG5,II,40,,80,Low
iB_09053,TC013866,LG5,II,20,,0,Low
iB_09054,TC013830,LG5,III,80,,70,Low
iB_09055,TC013829,LG5,II,10,,10,Low
iB_09056,TC013817,LG5,II,30,,30,Low
iB_09057,TC013812,LG5,II,20,,0,Low
iB_09058,TC013808,LG5,II,20,,20,Low
iB_09059,TC013806,LG5,II,80,,20,Low
iB_09060,TC014000,LG5,II,10,,0,Low
iB_09061,TC013786,LG5,II,30,,0,Low
iB_09062,TC013777,LG5,II,30,,0,Low
iB_09063,TC013776,LG5,III,40,,50,Low
iB_09064,TC014029,LG5,II,40,,40,Low
iB_09065,TC033052,LG5,II,50,,20,Low
iB_09066,TC014037,LG5,II,40,,20,Low
iB_09067,TC034687,LG5,II,10,,20,Low
iB_09068,TC014051,LG5,II,10,,10,Low
iB_09069,TC033066,LG5,II,10,,30,Low
iB_09070,TC013706,LG5,III,30,,30,Low
iB_09071,TC011283,LG10,II,30,,10,Low
iB_09072,TC014104,LG5,III,20,,60,Low
iB_09073,TC033074,LG5,II,80,,30,Low
iB_09074,TC014121,LG5,II,50,,20,Low
iB_09075,TC013676,LG5,III,70,,20,Low
iB_09076,TC014137,LG5,II,10,,20,Low
iB_09077,TC014166,LG5,II,30,,30,Low
iB_09078,TC010429,LG5,II,50,,30,Low
iB_09079,TC010446,LG5,II,40,,20,Low
iB_09080,TC010418,LG5,III,40,,50,Low
iB_09081,TC010448,LG5,II,40,,0,Low
iB_09082,TC010407,LG5,II,10,,0,Low
iB_09083,TC033106,LG5,II,30,,20,Low
iB_09084,TC013555,LG5,II,60,,10,Low
iB_09085,TC014289,LG5,II,50,,20,Low
iB_09086,TC013503,LG5,II,20,,20,Low
iB_09087,TC014311,LG5,II,30,,40,Low
iB_09088,TC014312,LG5,II,20,,0,Low
iB_09089,TC014313,LG5,II,20,,10,Low
iB_09090,TC014314,LG5,II,30,,10,Low
iB_09091,TC013453,LG5,II,40,,0,Low
iB_09092,TC013450,LG5,II,20,,0,Low
iB_09093,TC014345,LG5,II,20,,40,Low
iB_09094,TC033137,LG5,II,40,,0,Low
iB_09095,TC013429,LG5,II,10,,0,Low
iB_09096,TC014370,LG5,II,20,,10,Low
iB_09097,TC013396,LG5,II,50,,30,Low
iB_09098,TC013391,LG5,II,20,,0,Low
iB_09099,TC014410,LG5,II,100,,0,Yes
iB_09100,TC013381,LG5,II,30,,20,Low
iB_09101,TC014422,LG5,II,20,,0,Low
iB_09102,TC014456,LG5,II,40,,10,Low
iB_09103,TC014482,LG5,II,40,,0,Low
iB_09104,TC014485,LG5,II,30,,0,Low
iB_09105,TC013308,LG5,II,20,,0,Low
iB_09106,TC014503,LG5,II,0,,20,Low
iB_09107,TC013264,LG5,II,30,,30,Low
iB_09108,TC014546,LG5,II,50,,40,Low
iB_09109,TC013234,LG5,II,100,,10,Yes
iB_09111,TC014581,LG5,II,40,,0,Low
iB_09112,TC014598,LG5,II,10,,30,Low
iB_09113,TC013210,LG5,II,30,,30,Low
iB_09114,TC013206,LG5,II,0,,10,Low
iB_09115,TC013194,LG5,III,30,,40,Low
iB_09116,TC013184,LG5,II,100,,10,Yes
iB_09117,TC013181,LG5,II,100,,30,Yes
iB_09118,TC014640,LG5,II,10,,10,Low
iB_09119,TC013168,LG5,II,100,,80,Yes
iB_09120,TC014647,LG5,II,100,,0,Yes
iB_09121,TC013167,LG5,II,30,,20,Low
iB_09122,TC014648,LG5,II,0,,30,Low
iB_09123,TC013107,LG5,II,30,,80,Low
iB_09124,TC014725,LG5,II,100,,100,Yes
iB_09125,TC014728,LG5,II,30,,30,Low
iB_09126,TC014757,LG5,II,100,,90,Yes
iB_09127,TC014758,LG5,II,80,,80,Low
iB_09128,TC014760,LG5,II,30,,30,Low
iB_09129,TC014762,LG5,II,100,,50,Yes
iB_09130,TC011289,LG10,II,100,,100,Yes
iB_09131,TC014772,LG5,II,0,,50,Low
iB_09132,TC014777,LG5,II,60,,90,Low
iB_09133,TC014788,LG5,II,30,,30,Low
iB_09134,TC030551,LG5,II,30,,10,Low
iB_09135,TC013011,LG5,II,0,,30,Low
iB_09136,TC014802,LG5,II,30,,40,Low
iB_09137,TC033275,LG5,II,10,,20,Low
iB_09138,TC011207,LG10,II,10,,30,Low
iB_09139,TC015381,LG6,II,10,,70,Low
iB_09140,TC015390,LG6,II,10,,30,Low
iB_09141,TC015392,LG6,II,30,,60,Low
iB_09142,TC015404,LG6,II,10,,30,Low
iB_09143,TC011290,LG10,II,10,,30,Low
iB_09144,TC015410,LG6,II,70,,30,Low
iB_09145,TC015420,LG6,II,20,,20,Low
iB_09146,TC033325,LG6,II,20,,30,Low
iB_09147,TC015424,LG6,II,100,,90,Yes
iB_09148,TC014215,LGX,II,20,,40,Low
iB_09149,TC015272,LG8,II,10,,10,Low
iB_09150,TC015260,LG8,II,10,,40,Low
iB_09151,TC015465,LG8,II,10,,20,Low
iB_09152,TC015243,LG6,II,30,,30,Low
iB_09153,TC033349,LG8,II,40,,20,Low
iB_09154,TC015481,LG8,II,20,,10,Low
iB_09155,TC015215,LG6,II,20,,40,Low
iB_09156,TC015491,LG6,II,100,,100,Yes
iB_09157,TC015494,LG6,II,10,,40,Low
iB_09159,TC015534,LG6,II,30,,30,Low
iB_09160,TC015540,LG6,II,40,,20,Low
iB_09161,TC015539,LG6,II,100,,90,Yes
iB_09162,TC033366,LG8,II,80,,20,Low
iB_09163,TC015156,LG6,II,40,,40,Low
iB_09164,TC015559,LG6,II,20,,70,Low
iB_09165,TC034734,LG6,III,20,,50,Low
iB_09166,TC033386,LG6,III,50,,50,Low
iB_09167,TC015108,LG6,II,30,,30,Low
iB_09168,TC033403,LG6,II,20,,40,Low
iB_09170,TC015605,LG6,II,30,,100,Low
iB_09171,TC015665,LG6,II,10,,50,Low
iB_09172,TC015687,LG6,II,20,,10,Low
iB_09173,TC015001,LG6,II,20,,60,Low
iB_09174,TC015003,LG6,II,30,,20,Low
iB_09175,TC014982,LG6,III,60,,20,Low
iB_09176,TC015755,LG6,III,50,,40,Low
iB_09178,TC033458,LG6,II,0,,10,Low
iB_09180,TC033464,LG6,II,30,,60,Low
iB_09181,TC014867,LG6,III,70,,50,Low
iB_09182,TC015857,LG6,II,40,,40,Low
iB_09183,TC015858,LG6,III,100,,80,Yes
iB_09184,TC030007,LG7,III,40,,40,Low
iB_09185,TC009432,LG7,III,40,,70,Low
iB_09186,TC009370,LG7,III,60,,40,Low
iB_09187,TC009351,LG7,III,60,,80,Low
iB_09189,TC009469,LG7,III,70,,50,Low
iB_09190,TC009481,LG7,II,20,,40,Low
iB_09194,TC009283,LG7,II,30,,20,Low
iB_09195,TC009533,LG7,II,20,,20,Low
iB_09196,TC009535,LG7,II,10,,60,Low
iB_09197,TC009551,LG7,III,40,,30,Low
iB_09199,TC009251,LG7,III,30,,50,Low
iB_09200,TC009571,LG7,III,100,,50,Yes
iB_09201,TC009226,LG7,III,40,,80,Low
iB_09202,TC009586,LG7,II,10,,10,Low
iB_09203,TC009600,LG7,II,30,,60,Low
iB_09204,TC009599,LG7,II,20,,90,Low
iB_09205,TC009593,LG7,II,0,,40,Low
iB_09206,TC033585,LG7,II,10,,40,Low
iB_09208,TC009161,LG7,III,100,,70,Yes
iB_09209,TC009162,LG7,III,30,,50,Low
iB_09210,TC034773,LG7,II,40,,60,Low
iB_09211,TC005188,LGX,III,100,,80,Yes
iB_09212,TC033603,LG7,II,20,,20,Low
iB_09213,TC015890,LG7,III,20,,30,Low
iB_09214,TC015960,LG7,II,0,,70,Low
iB_09215,TC015957,LG7,II,30,,70,Low
iB_09216,TC015900,LG7,II,10,,60,Low
iB_09217,TC034776,LG7,II,0,,50,Low
iB_09218,TC015909,LG7,II,30,,40,Low
iB_09219,TC009679,LG7,II,0,,30,Low
iB_09220,TC009680,LG7,II,10,,50,Low
iB_09221,TC033630,LG7,II,20,,30,Low
iB_09222,TC009712,LG7,III,20,,70,Low
iB_09223,TC009714,LG7,III,40,,70,Low
iB_09224,TC009716,LG7,III,80,,70,Low
iB_09225,TC033648,LG7,III,30,,80,Low
iB_09227,TC013301,LG7,II,10,,10,Low
iB_09228,TC033666,LG7,II,20,,60,Low
iB_09229,TC016355,LG7,II,20,,50,Low
iB_09230,TC034787,LG7,II,30,,10,Low
iB_09231,TC009073,LG7,III,60,,60,Low
iB_09232,TC009778,LG7,II,10,,30,Low
iB_09233,TC010801,LG7,III,40,,30,Low
iB_09235,TC009831,LG7,III,20,,80,Low
iB_09236,TC009832,LG7,III,20,,50,Low
iB_09237,TC010791,LG7,III,40,,30,Low
iB_09238,TC008934,LG7,II,40,,40,Low
iB_09239,TC008912,LG7,II,0,,50,Low
iB_09240,TC008907,LG7,II,30,,40,Low
iB_09241,TC008903,LG7,II,40,,20,Low
iB_09242,TC009949,LG7,II,70,,90,Low
iB_09243,TC009950,LG7,II,30,,0,Low
iB_09244,TC009963,LG7,II,30,,30,Low
iB_09245,TC008867,LG7,III,30,,60,Low
iB_09246,TC033778,LG7,III,10,,60,Low
iB_09247,TC033785,LG7,II,10,,10,Low
iB_09248,TC033787,LG7,III,60,,60,Low
iB_09249,TC033800,LG7,III,30,,20,Low
iB_09251,TC008783,LG7,III,50,,60,Low
iB_09252,TC033819,LG7,II,20,,30,Low
iB_09253,TC033838,LG7,II,100,,40,Yes
iB_09254,TC030566,LG7,III,80,,60,Low
iB_09255,TC010161,LG7,II,90,,70,High
iB_09256,TC033859,LG7,II,60,,30,Low
iB_09258,TC010126,LG7,III,40,,50,Low
iB_09259,TC010122,LG7,III,40,,40,Low
iB_09260,TC010121,LG7,III,0,,50,Low
iB_09261,TC008707,LG7,III,70,,70,Low
iB_09262,TC010117,LG7,II,10,,70,Low
iB_09263,TC008711,LG7,III,30,,60,Low
iB_09265,TC008602,LG7,II,30,,0,Low
iB_09266,TC010209,LG7,II,40,,20,Low
iB_09268,TC033928,LG8,II,40,,0,Low
iB_09269,TC002215,LG8,III,20,,50,Low
iB_09270,TC033941,LG8,III,10,,50,Low
iB_09271,TC006096,LG8,III,40,,40,Low
iB_09272,TC006097,LG8,II,30,,20,Low
iB_09273,TC034818,LG8,II,20,,20,Low
iB_09274,TC034819,LG8,II,100,,100,Yes
iB_09275,TC006133,LG8,II,10,,10,Low
iB_09276,TC005996,LG8,II,70,,30,Low
iB_09277,TC006205,LG8,III,40,,70,Low
iB_09278,TC033995,LG8,II,90,,0,High
iB_09279,TC006210,LG8,II,80,,100,Low
iB_09280,TC005943,LG8,II,60,,0,Low
iB_09281,TC030639,LG8,II,70,,10,Low
iB_09282,TC005937,LG8,II,50,,70,Low
iB_09283,TC005934,LG8,II,50,,50,Low
iB_09284,TC006246,LG8,III,30,,40,Low
iB_09285,TC034011,LG8,III,40,,60,Low
iB_09286,TC034012,LG8,II,50,,10,Low
iB_09287,TC005893,LG8,III,40,,50,Low
iB_09288,TC006266,LG8,II,20,,10,Low
iB_09289,TC034825,LG8,III,70,,60,Low
iB_09290,TC006274,LG8,II,30,,40,Low
iB_09291,TC034022,LG8,II,20,,10,Low
iB_09292,TC005854,LG8,II,40,,0,Low
iB_09293,TC006309,LG8,III,30,,20,Low
iB_09294,TC005817,LG8,II,50,,10,Low
iB_09296,TC000195,LG2,II,20,,0,Low
iB_09297,TC000312,LG2,II,0,,10,Low
iB_09298,TC032095,LG8,II,30,,20,Low
iB_09299,TC001659,LG9,II,0,,0,Low
iB_09302,TC032291,LG3,II,30,,0,Low
iB_09303,TC003498,LG3,II,20,,0,Low
iB_09304,TC004833,LG2,II,40,,20,Low
iB_09305,TC004934,LG2,II,20,,10,Low
iB_09306,TC005304,LG8,II,40,,30,Low
iB_09307,TC005333,LG8,II,30,,10,Low
iB_09308,TC005489,LG8,II,20,,10,Low
iB_09309,TC005550,LG8,II,0,,10,Low
iB_09310,TC006440,LG8,II,10,,30,Low
iB_09311,TC006635,LG8,II,0,,20,Low
iB_09312,TC007335,LG4,II,20,,0,Low
iB_09313,TC007823,LG4,II,20,,10,Low
iB_09314,TC007892,LG4,II,30,,20,Low
iB_09315,TC032844,LG4,II,20,,0,Low
iB_09316,TC009488,LG7,II,20,,30,Low
iB_09317,TC009086,LG7,II,20,,0,Low
iB_09318,TC009986,LG7,II,30,,30,Low
iB_09319,TC011217,LG10,II,40,,10,Low
iB_09320,TC011652,LG9,II,30,,20,Low
iB_09321,TC033164,LG5,II,0,,20,Low
iB_09322,TC015171,LG6,II,80,,10,Low
iB_09323,TC034714,LG6,II,70,,0,Low
iB_09324,TC015945,LG7,II,40,,10,Low
iB_09325,TC016158,LG2,II,50,,10,Low
iB_09326,TC030989,LG2,II,40,,10,Low
iB_09328,TC033070,LG5,II,10,,10,Low
iB_09329,TC030130,LG3,II,40,,30,Low
iB_09330,TC030133,LG4,II,10,,20,Low
iB_09331,TC032787,LG4,II,50,,20,Low
iB_09332,TC030143,LG6,II,30,,10,Low
iB_09333,TC030191,LG4,II,20,,0,Low
iB_09334,TC030194,LG4,II,30,,0,Low
iB_09335,TC030229,LG3,II,30,,10,Low
iB_09337,TC031208,LG7,II,20,,0,Low
iB_09338,TC030256,LG7,II,20,,10,Low
iB_09339,TC031227,LG9,II,60,,10,Low
iB_09340,TC032272,LG2,II,20,,10,Low
iB_09342,TC030327,LG8,II,20,,10,Low
iB_09343,TC030433,LG2,II,10,,10,Low
iB_09344,TC030550,LG7,II,10,,0,Low
iB_09345,TC030662,LG7,II,60,,10,Low
iB_09346,TC011189,LG3,II,30,,30,Low
iB_09347,TC006339,LG8,II,0,,20,Low
iB_09348,TC005802,LG8,II,10,,0,Low
iB_09349,TC030611,LG8,II,0,,10,Low
iB_09350,TC030614,LG8,II,100,,100,Yes
iB_09351,TC005793,LG8,II,40,,10,Low
iB_09352,TC005773,LG8,II,30,,10,Low
iB_09353,TC005771,LG8,II,20,,30,Low
iB_09354,TC005768,LG8,II,20,,10,Low
iB_09355,TC006363,LG8,II,0,,10,Low
iB_09356,TC005759,LG8,II,40,,0,Low
iB_09357,TC006391,LG8,II,40,,0,Low
iB_09358,TC004604,LG8,II,40,,10,Low
iB_09359,TC006411,LG8,II,100,,80,Yes
iB_09360,TC005720,LG8,II,40,,20,Low
iB_09361,TC005719,LG8,II,40,,10,Low
iB_09362,TC006429,LG8,II,10,,20,Low
iB_09363,TC004608,LG8,II,0,,10,Low
iB_09364,TC015223,LG8,II,20,,20,Low
iB_09365,TC015221,LG8,II,20,,40,Low
iB_09366,TC006447,LG8,II,30,,20,Low
iB_09367,TC005665,LG8,II,100,,100,Yes
iB_09368,TC005637,LG8,II,20,,10,Low
iB_09369,TC005632,LG8,II,30,,10,Low
iB_09370,TC005617,LG8,II,30,,10,Low
iB_09371,TC005616,LG8,II,50,,20,Low
iB_09372,TC005610,LG8,II,10,,30,Low
iB_09373,TC005604,LG8,II,30,,10,Low
iB_09374,TC034110,LG8,II,30,,30,Low
iB_09375,TC005594,LG8,II,80,,70,Low
iB_09376,TC006521,LG8,II,30,,70,Low
iB_09377,TC005587,LG8,II,30,,30,Low
iB_09378,TC034845,LG8,II,60,,20,Low
iB_09379,TC034112,LG8,II,0,,10,Low
iB_09380,TC005580,LG8,II,20,,40,Low
iB_09381,TC005571,LG8,II,20,,20,Low
iB_09382,TC006548,LG8,II,60,,60,Low
iB_09383,TC006549,LG8,II,60,,20,Low
iB_09384,TC006557,LG8,II,60,,60,Low
iB_09385,TC005551,LG8,II,10,,40,Low
iB_09387,TC034123,LG8,II,80,,70,Low
iB_09389,TC005524,LG8,II,100,,20,Yes
iB_09390,TC006604,LG8,II,0,,30,Low
iB_09391,TC005511,LG8,II,10,,50,Low
iB_09392,TC006623,LG8,II,30,,60,Low
iB_09393,TC034140,LG8,II,20,,60,Low
iB_09394,TC005498,LG8,II,10,,40,Low
iB_09395,TC034159,LG8,II,0,,40,Low
iB_09396,TC005463,LG8,II,0,,40,Low
iB_09397,TC030652,LG8,II,20,,40,Low
iB_09398,TC006677,LG8,II,90,,60,High
iB_09400,TC005457,LG8,II,40,,40,Low
iB_09401,TC034166,LG8,II,0,,50,Low
iB_09402,TC006701,LG8,II,20,,30,Low
iB_09403,TC034170,LG8,II,40,,60,Low
iB_09404,TC006713,LG8,II,30,,40,Low
iB_09405,TC006724,LG8,II,10,,10,Low
iB_09406,TC006729,LG8,II,0,,20,Low
iB_09407,TC030627,LG8,II,0,,60,Low
iB_09408,TC005409,LG8,II,20,,50,Low
iB_09409,TC005404,LG8,II,10,,40,Low
iB_09410,TC006751,LG8,II,10,,40,Low
iB_09411,TC005393,LG8,II,10,,50,Low
iB_09412,TC005390,LG8,II,100,,100,Yes
iB_09413,TC005389,LG8,II,10,,30,Low
iB_09414,TC034180,LG8,II,30,,40,Low
iB_09415,TC005370,LG8,II,30,,30,Low
iB_09416,TC006774,LG8,II,20,,50,Low
iB_09417,TC005366,LG8,II,100,,100,Yes
iB_09418,TC005358,LG8,II,0,,30,Low
iB_09419,TC005356,LG8,II,40,,10,Low
iB_09420,TC006782,LG8,II,100,,90,Yes
iB_09421,TC005344,LG8,II,10,,40,Low
iB_09422,TC031365,LG8,II,30,,40,Low
iB_09423,TC006794,LG8,II,30,,40,Low
iB_09424,TC005330,LG8,II,20,,30,Low
iB_09425,TC005317,LG8,II,10,,40,Low
iB_09426,TC005314,LG8,II,0,,50,Low
iB_09427,TC005311,LG8,II,20,,20,Low
iB_09428,TC005309,LG8,II,20,,30,Low
iB_09429,TC005307,LG8,II,20,,70,Low
iB_09430,TC005306,LG8,II,20,,60,Low
iB_09431,TC001449,LGX,II,30,,60,Low
iB_09432,TC001459,LGX,II,30,,60,Low
iB_09433,TC034218,LGX,II,20,,20,Low
iB_09434,TC012229,LG9,II,10,,30,Low
iB_09435,TC012221,LG9,II,10,,50,Low
iB_09436,TC012214,LG9,II,10,,30,Low
iB_09437,TC001750,LGX,II,20,,20,Low
iB_09438,TC012253,LG9,II,10,,70,Low
iB_09439,TC034236,LG9,II,20,,40,Low
iB_09440,TC001753,LGX,II,50,,60,Low
iB_09441,TC012291,LG9,II,20,,20,Low
iB_09442,TC012179,LG9,II,30,,30,Low
iB_09443,TC012302,LG9,II,30,,40,Low
iB_09444,TC012171,LG9,II,10,,60,Low
iB_09445,TC011183,LG10,II,30,,50,Low
iB_09446,TC001755,LGX,II,50,,80,Low
iB_09447,TC012162,LG9,II,90,,100,High
iB_09448,TC034254,LG9,II,10,,40,Low
iB_09449,TC001710,LGX,II,20,,40,Low
iB_09450,TC001708,LGX,II,10,,50,Low
iB_09451,TC001758,LGX,II,30,,10,Low
iB_09452,TC034294,LG9,II,100,,0,Yes
iB_09453,TC034298,LG9,II,20,,40,Low
iB_09454,TC012343,LG9,II,40,,60,Low
iB_09455,TC012117,LG9,II,100,,100,Yes
iB_09456,TC012105,LG9,II,30,,40,Low
iB_09457,TC012374,LG9,II,0,,30,Low
iB_09458,TC012377,LG9,II,10,,50,Low
iB_09459,TC034312,LG9,II,100,,100,Yes
iB_09460,TC012083,LG9,II,40,,30,Low
iB_09461,TC012415,LG9,II,20,,30,Low
iB_09462,TC012435,LG9,II,20,,30,Low
iB_09463,TC034339,LG9,II,10,,60,Low
iB_09464,TC011181,LG10,II,0,,40,Low
iB_09465,TC031238,LG9,II,0,,20,Low
iB_09466,TC012008,LG9,II,0,,40,Low
iB_09467,TC012006,LG9,II,10,,10,Low
iB_09468,TC010662,LG9,II,20,,20,Low
iB_09469,TC034871,LG9,II,20,,20,Low
iB_09470,TC034869,LG9,II,30,,20,Low
iB_09471,TC011981,LG9,II,30,,20,Low
iB_09472,TC011979,LG9,II,80,,0,Low
iB_09473,TC011310,LG9,II,100,,90,Yes
iB_09474,TC016288,LG9,II,80,,90,Low
iB_09475,TC016272,LG9,II,80,,60,Low
iB_09476,TC034377,LG9,II,40,,0,Low
iB_09477,TC031245,LG9,II,50,,0,Low
iB_09478,TC012520,LG9,II,60,,0,Low
iB_09479,TC012522,LG9,II,30,,0,Low
iB_09480,TC012527,LG9,II,70,,0,Low
iB_09481,TC012535,LG9,II,50,,30,Low
iB_09482,TC030743,LG9,II,70,,20,Low
iB_09483,TC011921,LG9,II,70,,0,Low
iB_09484,TC012573,LG9,II,30,,0,Low
iB_09485,TC011919,LG9,II,90,,10,High
iB_09486,TC012581,LG9,II,50,,20,Low
iB_09487,TC011912,LG9,II,70,,30,Low
iB_09488,TC011896,LG9,II,90,,20,High
iB_09489,TC012612,LG9,II,60,,10,Low
iB_09490,TC012619,LG9,II,80,,40,Low
iB_09491,TC034408,LG9,II,40,,0,Low
iB_09492,TC034886,LG9,II,40,,20,Low
iB_09493,TC011878,LG9,II,20,,20,Low
iB_09494,TC011312,LG9,II,20,,20,Low
iB_09495,TC011873,LG9,II,40,,20,Low
iB_09496,TC011864,LG9,II,30,,20,Low
iB_09497,TC034421,LG9,II,40,,0,Low
iB_09500,TC011841,LG9,II,90,,20,High
iB_09501,TC030319,LG9,II,10,,20,Low
iB_09502,TC011817,LG9,II,50,,30,Low
iB_09503,TC011784,LG9,II,70,,30,Low
iB_09504,TC012718,LG9,II,20,,20,Low
iB_09505,TC011772,LG9,II,20,,10,Low
iB_09506,TC011770,LG9,II,10,,0,Low
iB_09507,TC011757,LG9,II,0,,20,Low
iB_09509,TC011734,LG9,II,30,,10,Low
iB_09510,TC012753,LG9,II,20,,0,Low
iB_09511,TC034451,LG9,II,10,,10,Low
iB_09512,TC011711,LG9,II,30,,10,Low
iB_09513,TC011694,LG9,II,80,,100,Low
iB_09514,TC012795,LG9,II,30,,0,Low
iB_09515,TC012798,LG9,II,30,,0,Low
iB_09516,TC011686,LG9,II,50,,20,Low
iB_09517,TC012804,LG9,II,60,,20,Low
iB_09518,TC011679,LG9,II,30,,20,Low
iB_09519,TC011677,LG9,II,50,,10,Low
iB_09520,TC011675,LG9,II,40,,0,Low
iB_09521,TC011674,LG9,II,30,,20,Low
iB_09522,TC011661,LG9,II,40,,0,Low
iB_09523,TC015971,LG9,II,20,,10,Low
iB_09524,TC011658,LG9,II,60,,20,Low
iB_09525,TC012817,LG9,II,60,,10,Low
iB_09526,TC011649,LG9,II,60,,10,Low
iB_09527,TC011647,LG9,II,40,,30,Low
iB_09528,TC012822,LG9,II,50,,30,Low
iB_09529,TC011644,LG9,II,20,,0,Low
iB_09530,TC012829,LG9,II,40,,10,Low
iB_09531,TC011636,LG9,II,80,,0,Low
iB_09532,TC011634,LG9,II,30,,30,Low
iB_09533,TC012839,LG9,II,20,,40,Low
iB_09534,TC012853,LG9,II,50,,30,Low
iB_09535,TC012858,LG9,III,20,,30,Low
iB_09536,TC012860,LG9,II,20,,0,Low
iB_09537,TC002076,LG9,II,60,,40,Low
iB_09538,TC011614,LG9,II,50,,50,Low
iB_09539,TC012868,LG9,II,50,,0,Low
iB_09540,TC011607,LG9,II,30,,10,Low
iB_09541,TC012877,LG9,II,20,,10,Low
iB_09542,TC011604,LG9,II,10,,30,Low
iB_09543,TC034027,LG9,II,50,,30,Low
iB_09544,TC002073,LG10,II,20,,20,Low
iB_09545,TC002054,LG10,II,50,,0,Low
iB_09559,TC001877,LGX,II,50,,20,Low
iB_09560,TC001886,LGX,II,60,,30,Low
iB_09565,TC011336,LG10,II,70,,80,Low
iB_09567,TC005067,LG5,II,50,,30,Low
iB_09568,TC011338,LG10,II,30,,20,Low
iB_09575,TC011134,LG10,II,20,,20,Low
iB_09581,TC031957,LG2,II,30,,40,Low
iB_09582,TC030021,LG10,II,30,,60,Low
iB_09583,TC004547,LG2,II,40,,50,Low
iB_09584,TC004828,LG2,II,100,,80,Yes
iB_09585,TC004824,LG2,II,20,,20,Low
iB_09586,TC004812,LG2,II,100,,60,Yes
iB_09587,TC004861,LG2,II,70,,30,Low
iB_09589,TC032001,LG2,II,70,,20,Low
iB_09591,TC004891,LG2,II,100,,80,Yes
iB_09592,TC004910,LG2,II,30,,30,Low
iB_09593,TC004467,LG2,II,30,,20,Low
iB_09594,TC032018,LG2,II,30,,60,Low
iB_09595,TC004935,LG2,II,30,,60,Low
iB_09596,TC004936,LG2,II,40,,30,Low
iB_09597,TC004435,LG2,II,10,,30,Low
iB_09598,TC004947,LG2,II,30,,50,Low
iB_09599,TC004953,LG2,II,60,,40,Low
iB_09600,TC004430,LG2,II,40,,20,Low
iB_09601,TC004424,LG2,II,40,,50,Low
iB_09602,TC004977,LG2,II,30,,80,Low
iB_09603,TC004979,LG2,II,100,,100,Yes
iB_09604,TC000779,LG2,II,20,,50,Low
iB_09605,TC000770,LG2,II,30,,50,Low
iB_09606,TC000793,LG2,II,30,,50,Low
iB_09607,TC000767,LG2,II,20,,20,Low
iB_09608,TC000795,LG2,II,90,,40,High
iB_09609,TC011376,LG2,II,10,,30,Low
iB_09610,TC000804,LG2,II,50,,20,Low
iB_09611,TC032051,LG2,II,50,,50,Low
iB_09612,TC032058,LG2,II,20,,50,Low
iB_09613,TC000822,LG2,II,30,,50,Low
iB_09614,TC000823,LG2,II,40,,50,Low
iB_09615,TC032069,LG2,II,40,,20,Low
iB_09616,TC032070,LG2,II,20,,10,Low
iB_09617,TC000710,LG2,II,20,,70,Low
iB_09618,TC032082,LG2,III,10,,40,Low
iB_09619,TC011382,LG2,II,100,,100,Yes
iB_09620,TC000873,LG2,II,50,,40,Low
iB_09621,TC000875,LG2,II,40,,50,Low
iB_09622,TC000677,LG2,II,20,,30,Low
iB_09623,TC000886,LG2,II,30,,20,Low
iB_09624,TC032112,LG2,II,30,,10,Low
iB_09625,TC000928,LG2,II,100,,100,Yes
iB_09626,TC000931,LG2,II,70,,90,Low
iB_09627,TC000933,LG2,II,100,,100,Yes
iB_09628,TC000640,LG2,II,100,,50,Yes
iB_09629,TC000953,LG2,II,20,,50,Low
iB_09630,TC000957,LG2,II,10,,40,Low
iB_09631,TC000626,LG2,II,30,,30,Low
iB_09632,TC000621,LG2,II,100,,100,Yes
iB_09633,TC000619,LG2,II,30,,10,Low
iB_09634,TC000962,LG2,II,10,,50,Low
iB_09635,TC000615,LG2,II,20,,50,Low
iB_09636,TC000964,LG2,II,10,,20,Low
iB_09637,TC000969,LG2,II,10,,100,Low
iB_09638,TC000971,LG2,II,20,,30,Low
iB_09639,TC000974,LG2,II,30,,40,Low
iB_09640,TC000976,LG2,II,10,,30,Low
iB_09641,TC000607,LG2,II,0,,70,Low
iB_09642,TC000595,LG2,II,20,,70,Low
iB_09643,TC000585,LG2,II,10,,60,Low
iB_09644,TC032140,LG2,II,30,,20,Low
iB_09645,TC032141,LG2,II,100,,60,Yes
iB_09646,TC001036,LG2,II,20,,80,Low
iB_09647,TC030996,LG2,II,10,,40,Low
iB_09648,TC000528,LG2,II,20,,20,Low
iB_09649,TC001048,LG2,II,30,,60,Low
iB_09650,TC000521,LG2,II,40,,30,Low
iB_09651,TC032150,LG2,II,30,,60,Low
iB_09652,TC001057,LG2,II,10,,10,Low
iB_09653,TC011079,LG2,II,70,,40,Low
iB_09654,TC000509,LG2,III,100,,20,Yes
iB_09655,TC001069,LG2,III,60,,0,Low
iB_09656,TC000506,LG2,II,100,,100,Yes
iB_09657,TC032161,LG2,II,20,,40,Low
iB_09658,TC001085,LG2,II,20,,20,Low
iB_09659,TC000480,LG2,II,30,,10,Low
iB_09660,TC001092,LG2,II,30,,0,Low
iB_09661,TC001099,LG2,II,10,,20,Low
iB_09662,TC001100,LG2,II,100,,100,Yes
iB_09663,TC000461,LG2,II,40,,20,Low
iB_09664,TC000443,LG2,II,90,,100,High
iB_09665,TC001116,LG2,II,20,,20,Low
iB_09668,TC000405,LG2,II,20,,30,Low
iB_09669,TC031003,LG2,II,50,,10,Low
iB_09670,TC032193,LG2,II,30,,20,Low
iB_09671,TC001160,LG2,II,30,,20,Low
iB_09672,TC032194,LG2,II,10,,40,Low
iB_09673,TC032195,LG2,II,20,,20,Low
iB_09674,TC000383,LG2,II,10,,20,Low
iB_09675,TC001172,LG2,II,20,,30,Low
iB_09676,TC001174,LG2,II,10,,0,Low
iB_09677,TC001182,LG2,II,0,,0,Low
iB_09678,TC001183,LG2,II,10,,20,Low
iB_09680,TC001186,LG2,II,10,,30,Low
iB_09682,TC001195,LG2,III,30,,50,Low
iB_09683,TC000359,LG2,II,80,,100,Low
iB_09684,TC001201,LG2,II,30,,20,Low
iB_09685,TC001220,LG2,II,40,,10,Low
iB_09686,TC011062,LG2,II,40,,0,Low
iB_09687,TC001228,LG2,II,30,,0,Low
iB_09688,TC000324,LG2,II,50,,0,Low
iB_09689,TC032219,LG2,II,20,,10,Low
iB_09690,TC001245,LG2,II,30,,30,Low
iB_09691,TC001251,LG2,II,70,,100,Low
iB_09692,TC000303,LG2,II,10,,20,Low
iB_09693,TC000301,LG2,II,30,,10,Low
iB_09694,TC001257,LG2,II,90,,90,High
iB_09695,TC001263,LG2,II,20,,30,Low
iB_09696,TC000296,LG2,II,30,,0,Low
iB_09697,TC000276,LG2,II,30,,0,Low
iB_09698,TC032250,LG2,II,40,,20,Low
iB_09699,TC000248,LG2,II,30,,10,Low
iB_09700,TC000246,LG2,III,20,,60,Low
iB_09701,TC001321,LG2,II,0,,20,Low
iB_09702,TC000224,LG2,III,70,,80,Low
iB_09703,TC000222,LG2,III,30,,60,Low
iB_09704,TC001327,LG2,II,50,,20,Low
iB_09705,TC000208,LG2,II,30,,30,Low
iB_09706,TC001338,LG2,II,30,,10,Low
iB_09707,TC000203,LG2,III,40,,50,Low
iB_09708,TC001340,LG2,II,0,,0,Low
iB_09709,TC032266,LG2,II,10,,20,Low
iB_09710,TC001355,LG2,II,100,,20,Yes
iB_09711,TC001358,LG2,II,40,,20,Low
iB_09712,TC001365,LG2,II,70,,30,Low
iB_09713,TC000173,LG2,II,30,,10,Low
iB_09715,TC001379,LG2,II,50,,20,Low
iB_09716,TC030562,LG2,II,30,,0,Low
iB_09717,TC011437,LG2,II,60,,90,Low
iB_09718,TC003222,LG3,II,30,,10,Low
iB_09719,TC003234,LG3,II,20,,10,Low
iB_09720,TC032289,LG3,II,60,,10,Low
iB_09721,TC003206,LG3,II,40,,0,Low
iB_09722,TC003259,LG3,II,60,,0,Low
iB_09723,TC032292,LG3,II,50,,0,Low
iB_09724,TC003184,LG3,II,30,,40,Low
iB_09725,TC034572,LG3,II,40,,30,Low
iB_09726,TC003181,LG3,II,70,,30,Low
iB_09727,TC003279,LG3,II,70,,20,Low
iB_09728,TC003287,LG3,II,60,,10,Low
iB_09729,TC003306,LG3,II,40,,10,Low
iB_09730,TC030757,LG3,II,90,,90,High
iB_09731,TC003141,LG3,II,40,,10,Low
iB_09732,TC003323,LG3,II,50,,70,Low
iB_09733,TC031024,LG3,II,70,,20,Low
iB_09734,TC003121,LG3,II,40,,30,Low
iB_09735,TC003117,LG3,II,50,,10,Low
iB_09736,TC003116,LG3,II,50,,10,Low
iB_09737,TC003345,LG3,II,40,,0,Low
iB_09738,TC003348,LG3,II,50,,20,Low
iB_09739,TC003093,LG3,II,50,,30,Low
iB_09740,TC003351,LG3,II,80,,90,Low
iB_09741,TC003395,LG3,II,60,,10,Low
iB_09742,TC003021,LG3,II,80,,30,Low
iB_09743,TC003011,LG3,II,100,,90,Yes
iB_09744,TC003009,LG3,II,60,,0,Low
iB_09745,TC003417,LG3,II,30,,0,Low
iB_09746,TC003426,LG3,II,80,,90,Low
iB_09747,TC003434,LG3,II,60,,0,Low
iB_09748,TC003443,LG3,II,50,,20,Low
iB_09749,TC002978,LG3,II,70,,60,Low
iB_09751,TC032388,LG3,III,30,,50,Low
iB_09752,TC002961,LG3,II,80,,100,Low
iB_09753,TC032393,LG3,II,30,,10,Low
iB_09754,TC003485,LG3,II,40,,30,Low
iB_09755,TC002947,LG3,II,30,,20,Low
iB_09756,TC032394,LG3,II,70,,10,Low
iB_09757,TC011566,LG3,II,20,,20,Low
iB_09758,TC002935,LG3,II,60,,20,Low
iB_09759,TC003502,LG3,II,70,,20,Low
iB_09760,TC002931,LG3,II,90,,20,High
iB_09761,TC002926,LG3,II,30,,20,Low
iB_09762,TC003523,LG3,II,40,,50,Low
iB_09763,TC003527,LG3,II,40,,70,Low
iB_09764,TC002884,LG3,II,30,,30,Low
iB_09765,TC003565,LG3,II,50,,30,Low
iB_09766,TC032424,LG3,II,30,,40,Low
iB_09767,TC011042,LG3,II,60,,70,Low
iB_09768,TC030612,LG3,II,70,,30,Low
iB_09769,TC030768,LG3,II,60,,90,Low
iB_09770,TC032435,LG3,II,40,,40,Low
iB_09771,TC003649,LG3,II,30,,30,Low
iB_09772,TC000078,LG3,II,30,,20,Low
iB_09773,TC000118,LG3,II,50,,10,Low
iB_09774,TC000058,LG3,II,20,,10,Low
iB_09775,TC000057,LG3,II,60,,60,Low
iB_09776,TC032474,LG3,II,30,,20,Low
iB_09777,TC000051,LG3,II,20,,50,Low
iB_09778,TC000130,LG3,II,20,,50,Low
iB_09779,TC000048,LG3,II,20,,10,Low
iB_09780,TC000044,LG3,II,50,,30,Low
iB_09781,TC000137,LG3,II,10,,40,Low
iB_09782,TC000042,LG3,II,40,,100,Low
iB_09783,TC000041,LG3,II,40,,60,Low
iB_09784,TC003654,LG3,II,40,,30,Low
iB_09785,TC002768,LG3,II,30,,50,Low
iB_09787,TC003691,LG3,II,40,,40,Low
iB_09788,TC003715,LG3,II,10,,20,Low
iB_09789,TC011023,LG10,II,50,,90,Low
iB_09790,TC032508,LG10,II,40,,60,Low
iB_09791,TC032517,LG10,II,40,,30,Low
iB_09792,TC011241,LG10,II,40,,50,Low
iB_09793,TC002671,LG3,II,30,,60,Low
iB_09794,TC003790,LG3,II,60,,100,Low
iB_09795,TC011013,LG10,III,60,,30,Low
iB_09796,TC011009,LG10,II,30,,30,Low
iB_09797,TC003825,LG3,II,30,,30,Low
iB_09798,TC003838,LG3,II,60,,100,Low
iB_09799,TC003842,LG3,II,50,,80,Low
iB_09800,TC002568,LG3,II,60,,90,Low
iB_09801,TC010354,LG3,II,10,,70,Low
iB_09802,TC010335,LG3,II,10,,50,Low
iB_09803,TC002140,LG3,II,30,,80,Low
iB_09804,TC032606,LG3,II,10,,70,Low
iB_09805,TC002148,LG3,III,30,,60,Low
iB_09806,TC002505,LG3,II,50,,70,Low
iB_09807,TC004375,LG10,II,30,,50,Low
iB_09808,TC002502,LG3,II,30,,70,Low
iB_09810,TC004382,LG10,II,100,,100,Yes
iB_09811,TC003965,LG3,II,100,,70,Yes
iB_09812,TC002458,LG3,II,30,,40,Low
iB_09813,TC003978,LG3,II,10,,40,Low
iB_09814,TC002444,LG3,II,40,,80,Low
iB_09815,TC004370,LG3,II,40,,30,Low
iB_09816,TC002423,LG3,II,60,,60,Low
iB_09817,TC002416,LG3,III,30,,50,Low
iB_09818,TC002391,LG3,II,100,,70,Yes
iB_09819,TC004364,LG10,III,40,,50,Low
iB_09820,TC016086,LG10,II,40,,20,Low
iB_09822,TC004389,LG10,II,50,,50,Low
iB_09825,TC007747,LG4,II,10,,50,Low
iB_09826,TC032717,LG4,II,20,,30,Low
iB_09827,TC007735,LG4,III,30,,50,Low
iB_09828,TC030691,LG4,II,40,,90,Low
iB_09829,TC004392,LG10,II,30,,20,Low
iB_09830,TC007768,LG4,II,80,,30,Low
iB_09833,TC007781,LG4,II,30,,50,Low
iB_09834,TC007711,LG4,II,20,,50,Low
iB_09835,TC007709,LG4,II,30,,50,Low
iB_09836,TC007706,LG4,II,30,,20,Low
iB_09837,TC004395,LG10,II,100,,100,Yes
iB_09838,TC007791,LG4,II,100,,90,Yes
iB_09839,TC032729,LG4,II,30,,30,Low
iB_09840,TC004397,LG10,II,80,,10,Low
iB_09841,TC032737,LG4,II,40,,40,Low
iB_09842,TC007808,LG4,III,50,,30,Low
iB_09843,TC007684,LG4,II,90,,100,High
iB_09844,TC007681,LG4,II,30,,60,Low
iB_09845,TC007817,LG4,II,30,,40,Low
iB_09846,TC007832,LG4,II,60,,100,Low
iB_09847,TC030745,LG4,II,40,,70,Low
iB_09848,TC007651,LG4,II,40,,50,Low
iB_09849,TC007854,LG4,II,90,,90,High
iB_09850,TC007641,LG4,II,20,,40,Low
iB_09851,TC007629,LG4,III,60,,30,Low
iB_09852,TC007876,LG4,II,0,,40,Low
iB_09853,TC007879,LG4,II,10,,50,Low
iB_09854,TC032762,LG4,II,20,,30,Low
iB_09855,TC007618,LG4,II,30,,40,Low
iB_09856,TC007602,LG4,III,40,,30,Low
iB_09857,TC007903,LG4,II,90,,100,High
iB_09858,TC007905,LG4,II,30,,40,Low
iB_09859,TC007914,LG4,II,0,,20,Low
iB_09860,TC007585,LG4,II,90,,100,High
iB_09861,TC007928,LG4,II,80,,90,Low
iB_09862,TC007930,LG4,II,10,,30,Low
iB_09863,TC007574,LG4,II,50,,80,Low
iB_09864,TC007573,LG4,II,20,,30,Low
iB_09865,TC032770,LG4,II,30,,30,Low
iB_09866,TC030541,LG4,II,30,,10,Low
iB_09867,TC032771,LG4,II,30,,0,Low
iB_09869,TC007557,LG4,II,30,,0,Low
iB_09870,TC032780,LG4,II,10,,0,Low
iB_09871,TC034652,LGX,II,20,,0,Low
iB_09872,TC007955,LG4,II,10,,0,Low
iB_09873,TC007968,LG4,II,0,,0,Low
iB_09874,TC007970,LG4,II,30,,0,Low
iB_09875,TC007971,LG4,II,20,,30,Low
iB_09876,TC004696,LGX,II,0,,0,Low
iB_09877,TC031101,LG4,II,20,,10,Low
iB_09878,TC007992,LG4,II,20,,10,Low
iB_09879,TC007498,LG4,II,30,,0,Low
iB_09880,TC008015,LG4,II,100,,100,Yes
iB_09881,TC008016,LG4,II,30,,10,Low
iB_09882,TC008018,LG4,II,40,,30,Low
iB_09883,TC007473,LG4,III,40,,30,Low
iB_09884,TC032799,LG4,II,20,,20,Low
iB_09885,TC008028,LG4,II,40,,10,Low
iB_09886,TC008030,LG4,II,80,,20,Low
iB_09887,TC008045,LG4,II,0,,0,Low
iB_09888,TC008057,LG4,II,20,,0,Low
iB_09889,TC008059,LG4,II,30,,10,Low
iB_09890,TC008067,LG4,II,30,,0,Low
iB_09891,TC007436,LG4,II,80,,20,Low
iB_09892,TC007424,LG4,II,30,,0,Low
iB_09893,TC004677,LGX,II,10,,30,Low
iB_09894,TC008091,LG4,III,50,,50,Low
iB_09895,TC008096,LG4,II,40,,0,Low
iB_09896,TC008102,LG4,II,10,,10,Low
iB_09897,TC032813,LG4,II,50,,20,Low
iB_09898,TC007397,LG4,II,40,,20,Low
iB_09899,TC007375,LG4,II,90,,50,High
iB_09900,TC008130,LG4,II,40,,90,Low
iB_09901,TC007351,LG4,II,40,,20,Low
iB_09902,TC008166,LG4,II,60,,30,Low
iB_09903,TC007332,LG4,III,40,,30,Low
iB_09904,TC008173,LG4,III,20,,40,Low
iB_09905,TC032830,LG4,III,60,,70,Low
iB_09906,TC008177,LG4,III,50,,70,Low
iB_09907,TC011530,LG3,II,60,,30,Low
iB_09908,TC007325,LG4,II,30,,0,Low
iB_09909,TC031470,LG4,II,20,,0,Low
iB_09910,TC007292,LG4,II,10,,0,Low
iB_09911,TC007251,LG4,III,30,,60,Low
iB_09912,TC008217,LG4,II,10,,30,Low
iB_09913,TC007247,LG4,II,50,,10,Low
iB_09916,TC008245,LG4,III,40,,80,Low
iB_09917,TC011523,LG3,III,30,,50,Low
iB_09918,TC034663,LG4,III,40,,40,Low
iB_09919,TC008262,LG4,II,20,,20,Low
iB_09920,TC007211,LG4,II,100,,50,Yes
iB_09921,TC008264,LG4,II,80,,20,Low
iB_09922,TC007208,LG4,II,30,,0,Low
iB_09923,TC007203,LG4,II,40,,20,Low
iB_09924,TC008270,LG4,II,30,,20,Low
iB_09925,TC008273,LG4,II,60,,10,Low
iB_09926,TC007198,LG4,II,30,,30,Low
iB_09927,TC008275,LG4,III,40,,60,Low
iB_09928,TC007190,LG4,II,50,,30,Low
iB_09930,TC011546,LG4,III,20,,70,Low
iB_09931,TC032877,LG4,III,40,,0,Low
iB_09932,TC007173,LG4,II,40,,0,Low
iB_09933,TC007171,LG4,III,20,,70,Low
iB_09934,TC007169,LG4,III,20,,40,Low
iB_09935,TC007162,LG4,III,70,,70,Low
iB_09936,TC007157,LG4,II,50,,20,Low
iB_09938,TC008317,LG4,III,50,,30,Low
iB_09940,TC011516,LG3,III,20,,60,Low
iB_09941,TC008339,LG4,III,30,,10,Low
iB_09943,TC008350,LG4,II,20,,0,Low
iB_09944,TC007111,LG4,II,40,,10,Low
iB_09945,TC011551,LG3,II,30,,0,Low
iB_09946,TC007025,LG4,III,20,,50,Low
iB_09947,TC011513,LG3,II,40,,10,Low
iB_09948,TC008474,LG4,III,20,,90,Low
iB_09949,TC032931,LG4,II,40,,30,Low
iB_09951,TC007067,LG4,III,40,,50,Low
iB_09953,TC007075,LG4,II,90,,10,High
iB_09954,TC008426,LG3,III,50,,40,Low
iB_09955,TC004662,LGX,II,60,,10,Low
iB_09956,TC008422,LG4,II,25,,0,Low
iB_09957,TC008418,LG4,II,30,,30,Low
iB_09958,TC008408,LG4,II,80,,10,Low
iB_09959,TC008405,LG3,II,50,,20,Low
iB_09960,TC007091,LG4,II,40,,20,Low
iB_09961,TC008389,LG4,II,40,,0,Low
iB_09962,TC004658,LGX,II,20,,0,Low
iB_09963,TC032953,LG4,II,40,,0,Low
iB_09964,TC008523,LG4,II,10,,0,Low
iB_09965,TC013906,LG5,II,30,,10,Low
iB_09966,TC016309,LG5,II,50,,10,Low
iB_09967,TC010945,LG5,II,30,,30,Low
iB_09968,TC010940,LG5,II,30,,30,Low
iB_09969,TC033014,LG5,III,30,,20,Low
iB_09970,TC013886,LG5,II,60,,10,Low
iB_09971,TC013883,LG5,II,20,,10,Low
iB_09972,TC013922,LG5,II,60,,100,Low
iB_09973,TC013931,LG5,II,100,,100,Yes
iB_09974,TC013938,LG5,II,20,,0,Low
iB_09975,TC013871,LG5,II,30,,20,Low
iB_09976,TC013870,LG5,II,100,,100,Yes
iB_09977,TC030879,LG5,II,30,,0,Low
iB_09978,TC013947,LG5,II,30,,10,Low
iB_09979,TC013860,LG5,II,100,,100,Yes
iB_09980,TC031481,LG5,II,50,,0,Low
iB_09981,TC013967,LG5,II,20,,20,Low
iB_09982,TC030468,LG5,II,50,,0,Low
iB_09983,TC013979,LG5,II,10,,10,Low
iB_09984,TC013815,LG5,II,30,,20,Low
iB_09985,TC013790,LG5,II,80,,80,Low
iB_09986,TC014009,LG5,II,50,,60,Low
iB_09987,TC001633,LG5,II,50,,0,Low
iB_09988,TC014025,LG5,II,20,,0,Low
iB_09989,TC013768,LG5,II,30,,20,Low
iB_09990,TC014031,LG5,II,60,,10,Low
iB_09991,TC014033,LG5,II,40,,30,Low
iB_09992,TC014040,LG5,II,40,,20,Low
iB_09993,TC033057,LG5,II,20,,40,Low
iB_09994,TC013753,LG5,II,50,,30,Low
iB_09995,TC034687,LG5,II,40,,30,Low
iB_09996,TC014045,LG5,II,40,,60,Low
iB_09997,TC014048,LG5,II,30,,20,Low
iB_09998,TC001638,LG5,II,30,,10,Low
iB_09999,TC014054,LG5,II,30,,40,Low
iB_10000,TC013726,LG5,II,40,,40,Low
iB_10001,TC013721,LG5,II,40,,40,Low
iB_10002,TC014088,LG5,II,40,,30,Low
iB_10003,TC013704,LG5,II,40,,50,Low
iB_10004,TC014107,LG5,II,10,,40,Low
iB_10005,TC033072,LG5,II,30,,30,Low
iB_10006,TC013685,LG5,II,100,,50,Yes
iB_10007,TC033075,LG5,II,30,,20,Low
iB_10008,TC030756,LG5,II,20,,60,Low
iB_10009,TC014144,LG5,II,10,,40,Low
iB_10010,TC033085,LG5,II,40,,90,Low
iB_10011,TC004141,LGX,II,20,,50,Low
iB_10012,TC013659,LG5,II,20,,40,Low
iB_10013,TC014157,LG5,II,10,,10,Low
iB_10014,TC013651,LG5,II,20,,50,Low
iB_10015,TC033094,LG5,II,40,,40,Low
iB_10016,TC014165,LG5,III,60,,60,Low
iB_10017,TC013646,LG5,II,10,,50,Low
iB_10018,TC010438,LG5,II,100,,80,Yes
iB_10019,TC010427,LG5,II,40,,70,Low
iB_10020,TC033097,LG5,II,10,,40,Low
iB_10021,TC010451,LG5,II,30,,40,Low
iB_10022,TC010400,LG5,II,40,,100,Low
iB_10023,TC034695,LG5,III,50,,70,Low
iB_10024,TC013563,LG5,II,0,,50,Low
iB_10025,TC013560,LG5,II,40,,50,Low
iB_10026,TC033107,LG5,III,40,,40,Low
iB_10027,TC014256,LG5,II,0,,60,Low
iB_10028,TC014260,LG5,II,30,,50,Low
iB_10029,TC004152,LGX,II,20,,20,Low
iB_10030,TC013552,LG5,II,40,,40,Low
iB_10031,TC033109,LG5,II,30,,50,Low
iB_10032,TC013543,LG5,II,10,,20,Low
iB_10033,TC014273,LG5,II,30,,30,Low
iB_10034,TC013538,LG5,II,40,,40,Low
iB_10035,TC013535,LG5,II,30,,60,Low
iB_10036,TC004120,LGX,II,0,,60,Low
iB_10037,TC014280,LG5,II,30,,10,Low
iB_10038,TC014286,LG5,II,80,,100,Low
iB_10039,TC014290,LG5,II,40,,60,Low
iB_10040,TC033123,LG5,II,20,,60,Low
iB_10041,TC013501,LG5,II,30,,40,Low
iB_10042,TC004116,LGX,II,40,,50,Low
iB_10043,TC014310,LG5,II,10,,50,Low
iB_10044,TC030076,LGX,II,10,,30,Low
iB_10045,TC033126,LG5,II,0,,30,Low
iB_10046,TC013484,LG5,II,70,,0,Low
iB_10047,TC013478,LG5,II,60,,30,Low
iB_10048,TC030631,LG5,II,90,,90,High
iB_10049,TC014326,LG5,II,50,,50,Low
iB_10050,TC030751,LG5,II,100,,100,Yes
iB_10051,TC014336,LG5,II,40,,60,Low
iB_10052,TC030591,LG5,II,20,,40,Low
iB_10053,TC016056,LG5,II,40,,10,Low
iB_10054,TC014339,LG5,II,70,,90,Low
iB_10055,TC014340,LG5,II,80,,80,Low
iB_10056,TC031147,LG5,II,50,,40,Low
iB_10057,TC013431,LG5,II,100,,70,Yes
iB_10058,TC014372,LG5,II,50,,70,Low
iB_10059,TC014374,LG5,II,30,,60,Low
iB_10060,TC013419,LG5,II,60,,10,Low
iB_10061,TC014377,LG5,II/III,80,,,Low
iB_10062,TC014387,LG5,II,20,,30,Low
iB_10064,TC013411,LG5,II,40,,40,Low
iB_10065,TC033152,LG5,II,20,,40,Low
iB_10066,TC013405,LG5,II,10,,30,Low
iB_10067,TC014404,LG5,II,40,,30,Low
iB_10068,TC013393,LG5,III,40,,40,Low
iB_10069,TC013390,LG5,II,50,,50,Low
iB_10070,TC013385,LG5,II,40,,70,Low
iB_10071,TC013382,LG5,II,50,,60,Low
iB_10072,TC014418,LG5,II,20,,30,Low
iB_10073,TC014423,LG5,II,60,,50,Low
iB_10074,TC013378,LG5,II,90,,50,High
iB_10075,TC013377,LG5,II,30,,70,Low
iB_10076,TC014434,LG5,II,50,,90,Low
iB_10077,TC014436,LG5,II,20,,30,Low
iB_10078,TC013368,LG5,II,20,,20,Low
iB_10079,TC014173,LG5,II,20,,40,Low
iB_10080,TC014444,LG5,II,20,,40,Low
iB_10081,TC014452,LG5,II,30,,30,Low
iB_10082,TC014454,LG5,II,20,,100,Low
iB_10083,TC014466,LG5,III,70,,40,Low
iB_10084,TC014470,LG5,II,60,,60,Low
iB_10085,TC014480,LG5,II,30,,50,Low
iB_10086,TC013338,LG5,II,50,,40,Low
iB_10087,TC014489,LG5,II,0,,10,Low
iB_10088,TC014492,LG5,II,70,,80,Low
iB_10089,TC014493,LG5,II,30,,40,Low
iB_10090,TC013258,LG5,II,20,,0,Low
iB_10091,TC013254,LG5,II,60,,10,Low
iB_10092,TC033187,LG5,II,40,,10,Low
iB_10093,TC013249,LG5,II,40,,30,Low
iB_10094,TC014560,LG5,III,20,,70,Low
iB_10095,TC014562,LG5,II,70,,90,Low
iB_10097,TC013231,LG5,II,100,,30,Yes
iB_10098,TC033192,LG5,III,20,,50,Low
iB_10099,TC014579,LG5,III,60,,50,Low
iB_10100,TC013215,LG5,II,10,,20,Low
iB_10101,TC014590,LG5,II,30,,10,Low
iB_10103,TC014600,LG5,II,30,,0,Low
iB_10104,TC013627,LG5,II,40,,0,Low
iB_10105,TC014612,LG5,II,80,,10,Low
iB_10106,TC014626,LG5,II,20,,10,Low
iB_10108,TC013174,LG5,III,40,,60,Low
iB_10109,TC033213,LG5,II,90,,40,High
iB_10110,TC033222,LG5,III,40,,20,Low
iB_10111,TC033223,LG5,II,0,,0,Low
iB_10112,TC013135,LG5,II,30,,0,Low
iB_10113,TC014689,LG5,II,20,,0,Low
iB_10114,TC014692,LG5,II,40,,40,Low
iB_10115,TC013118,LG5,II,100,,100,Yes
iB_10116,TC013115,LG5,III,30,,40,Low
iB_10118,TC014707,LG5,II,50,,20,Low
iB_10119,TC014716,LG5,II,50,,0,Low
iB_10120,TC014727,LG5,III,40,,40,Low
iB_10121,TC013613,LG5,II,50,,0,Low
iB_10123,TC014736,LG5,II,40,,20,Low
iB_10124,TC014743,LG5,III,80,,30,Low
iB_10125,TC014753,LG5,II,100,,90,Yes
iB_10126,TC014755,LG5,II,100,,80,Yes
iB_10127,TC013060,LG5,II,30,,20,Low
iB_10128,TC014759,LG5,III,40,,10,Low
iB_10129,TC013041,LG5,II,40,,0,Low
iB_10131,TC033256,LG5,II,10,,10,Low
iB_10132,TC013609,LG5,II,10,,0,Low
iB_10133,TC014774,LG5,II,20,,0,Low
iB_10134,TC014786,LG5,III,100,,80,Yes
iB_10135,TC014790,LG5,II,30,,0,Low
iB_10137,TC014208,LG5,II,30,,0,Low
iB_10138,TC014808,LG5,II,30,,20,Low
iB_10140,TC033276,LG5,II,40,,0,Low
iB_10141,TC014816,LG5,II,30,,0,Low
iB_10142,TC012991,LG5,III,30,,70,Low
iB_10144,TC030747,LG6,II,50,,20,Low
iB_10145,TC015355,LG6,II,30,,10,Low
iB_10146,TC015380,LG6,II,50,,0,Low
iB_10147,TC015385,LG6,III,20,,20,Low
iB_10148,TC030892,LG6,II,40,,0,Low
iB_10149,TC033306,LG6,II,60,,0,Low
iB_10150,TC015391,LG6,III,50,,50,Low
iB_10151,TC033312,LG6,II,70,,0,Low
iB_10152,TC013595,LGX,II,30,,10,Low
iB_10153,TC015408,LG6,II,40,,0,Low
iB_10154,TC033313,LG6,III,40,,40,Low
iB_10155,TC015312,LG6,II,50,,0,Low
iB_10156,TC033320,LG6,II,40,,0,Low
iB_10157,TC015304,LG6,II,70,,10,Low
iB_10158,TC015300,LG6,II,70,,100,Low
iB_10159,TC015429,LG6,II,40,,0,Low
iB_10160,TC013591,LG6,II,40,,0,Low
iB_10161,TC015452,LG6,III,60,,20,Low
iB_10162,TC015466,LG6,II,60,,0,Low
iB_10163,TC015476,LG6,II,50,,0,Low
iB_10164,TC015478,LG6,II,40,,0,Low
iB_10165,TC015236,LG6,II,50,,0,Low
iB_10166,TC015210,LG6,II,10,,10,Low
iB_10167,TC033352,LG6,II,30,,20,Low
iB_10168,TC015505,LG6,II,40,,0,Low
iB_10169,TC015509,LG6,II,40,,10,Low
iB_10170,TC014218,LGX,II,20,,10,Low
iB_10171,TC015511,LG6,II,30,,0,Low
iB_10172,TC015514,LG6,II,40,,0,Low
iB_10173,TC015195,LG6,II,70,,50,Low
iB_10174,TC015193,LG6,II,100,,0,Yes
iB_10175,TC015531,LG6,II,60,,0,Low
iB_10176,TC034726,LG6,II,50,,10,Low
iB_10177,TC015532,LG6,III,50,,60,Low
iB_10178,TC015181,LG6,II,50,,10,Low
iB_10179,TC014222,LGX,II,70,,0,Low
iB_10180,TC033360,LG6,II,70,,20,Low
iB_10181,TC015547,LG6,II,60,,0,Low
iB_10182,TC015164,LG6,II,60,,10,Low
iB_10183,TC033362,LG6,II,70,,0,Low
iB_10184,TC015554,LG6,II,60,,0,Low
iB_10185,TC034732,LG6,III,10,,50,Low
iB_10186,TC030575,LG6,II,40,,10,Low
iB_10187,TC015142,LG6,III,70,,60,Low
iB_10188,TC013580,LG6,II,70,,10,Low
iB_10189,TC015144,LG6,II,70,,0,Low
iB_10190,TC015126,LG6,II,0,,20,Low
iB_10191,TC014227,LGX,II,40,,10,Low
iB_10192,TC015575,LG6,II,20,,0,Low
iB_10193,TC015133,LG6,II,20,,40,Low
iB_10194,TC033399,LG6,II,30,,10,Low
iB_10195,TC015111,LG6,II,50,,0,Low
iB_10196,TC002107,LG6,II,40,,0,Low
iB_10197,TC030720,LG6,II,80,,10,Low
iB_10198,TC015606,LG6,II,30,,10,Low
iB_10199,TC015607,LG6,III,100,,100,Yes
iB_10200,TC015092,LG6,II,50,,30,Low
iB_10201,TC015077,LG6,III,80,,50,Low
iB_10202,TC015064,LG6,II,30,,30,Low
iB_10204,TC015061,LG6,II,100,,100,Yes
iB_10205,TC014238,LGX,II,40,,0,Low
iB_10206,TC015049,LG6,II,50,,0,Low
iB_10208,TC015660,LG6,II,70,,10,Low
iB_10209,TC015030,LG6,III,10,,50,Low
iB_10210,TC030907,LG6,II,80,,10,Low
iB_10211,TC015693,LG6,II,60,,20,Low
iB_10213,TC015015,LG6,II,50,,10,Low
iB_10214,TC015016,LG6,II,30,,20,Low
iB_10215,TC034741,LG6,II,30,,90,Low
iB_10216,TC015674,LG6,III,60,,40,Low
iB_10217,TC015023,LG6,II,50,,20,Low
iB_10219,TC014972,LG6,II,50,,50,Low
iB_10220,TC015710,LG6,II,20,,20,Low
iB_10222,TC015726,LG6,II,60,,80,Low
iB_10223,TC033432,LG6,II,70,,20,Low
iB_10224,TC015728,LG6,III,100,,100,Yes
iB_10229,TC015789,LG6,II,50,,20,Low
iB_10231,TC014899,LG6,II,60,,30,Low
iB_10232,TC030744,LG6,II,70,,50,Low
iB_10233,TC030548,LG6,III,50,,60,Low
iB_10234,TC014859,LG6,II,40,,20,Low
iB_10236,TC004646,LGX,III,10,,50,Low
iB_10237,TC031517,LGX,II,40,,20,Low
iB_10239,TC009436,LG7,III,30,,50,Low
iB_10240,TC004638,LGX,III,40,,80,Low
iB_10241,TC033520,LG7,II,30,,80,Low
iB_10242,TC009369,LG7,II,30,,30,Low
iB_10243,TC004723,LGX,III,60,,10,Low
iB_10244,TC009361,LG7,II,50,,20,Low
iB_10245,TC030699,LG7,II,100,,50,Yes
iB_10246,TC009451,LG7,II,30,,40,Low
iB_10247,TC009458,LG7,III,70,,30,Low
iB_10248,TC031519,LGX,II,40,,50,Low
iB_10249,TC030715,LG7,II,30,,70,Low
iB_10250,TC033536,LG7,II,70,,40,Low
iB_10251,TC009482,LG7,II,10,,50,Low
iB_10252,TC009324,LG7,II,30,,20,Low
iB_10253,TC009501,LG7,II,30,,30,Low
iB_10254,TC009504,LG7,II,40,,40,Low
iB_10255,TC009513,LG7,II,20,,70,Low
iB_10256,TC009297,LG7,II,30,,40,Low
iB_10257,TC009517,LG7,II,30,,20,Low
iB_10258,TC009294,LG7,III,60,,10,Low
iB_10259,TC004730,LGX,II,60,,40,Low
iB_10260,TC009279,LG7,II,100,,100,Yes
iB_10261,TC009264,LG7,II,70,,90,Low
iB_10262,TC009540,LG7,II,50,,70,Low
iB_10263,TC009545,LG7,II,80,,100,Low
iB_10265,TC009258,LG7,II,100,,100,Yes
iB_10266,TC009556,LG7,II,80,,100,Low
iB_10267,TC009250,LG7,II,50,,30,Low
iB_10268,TC009572,LG7,II,60,,80,Low
iB_10270,TC005180,LGX,II,30,,60,Low
iB_10274,TC009180,LG7,II,50,,40,Low
iB_10275,TC033584,LG7,III,20,,70,Low
iB_10276,TC009620,LG7,III,80,,30,Low
iB_10277,TC009186,LG7,III,60,,70,Low
iB_10278,TC030675,LG7,III,50,,70,Low
iB_10279,TC009614,LG7,II,10,,60,Low
iB_10280,TC009192,LG7,II,30,,50,Low
iB_10281,TC009198,LG7,III,50,,50,Low
iB_10282,TC009200,LG7,III,10,,50,Low
iB_10283,TC005165,LGX,III,70,,40,Low
iB_10284,TC009170,LG7,III,50,,80,Low
iB_10285,TC009650,LG7,III,70,,40,Low
iB_10286,TC009641,LG7,III,20,,40,Low
iB_10287,TC009659,LG7,III,40,,60,Low
iB_10288,TC009670,LG7,III,50,,40,Low
iB_10289,TC009664,LG7,III,30,,40,Low
iB_10290,TC009151,LG7,III,30,,60,Low
iB_10292,TC010830,LGX,II,60,,100,Low
iB_10293,TC015949,LG7,III,40,,50,Low
iB_10294,TC033608,LG7,III,50,,30,Low
iB_10295,TC015954,LG7,III,40,,30,Low
iB_10296,TC015892,LG7,III,90,,60,High
iB_10297,TC015933,LG7,III,30,,40,Low
iB_10299,TC011296,LG3,III,50,,70,Low
iB_10301,TC009127,LG7,III,40,,40,Low
iB_10303,TC033638,LG7,II,40,,50,Low
iB_10304,TC031193,LG7,II,80,,90,Low
iB_10305,TC009122,LG7,III,30,,50,Low
iB_10306,TC009711,LG7,II,30,,70,Low
iB_10307,TC033640,LG7,III,20,,60,Low
iB_10308,TC033641,LG7,III,20,,30,Low
iB_10310,TC032884,LG7,II,20,,40,Low
iB_10311,TC033645,LG7,III,50,,70,Low
iB_10313,TC009720,LG7,III,30,,30,Low
iB_10314,TC009723,LG7,III,40,,30,Low
iB_10315,TC009105,LG7,II,100,,100,Yes
iB_10316,TC009101,LG7,II,0,,50,Low
iB_10317,TC010592,LG7,II,40,,60,Low
iB_10318,TC030217,LG7,III,20,,20,Low
iB_10319,TC014538,LG7,III,30,,60,Low
iB_10320,TC033656,LG7,III,10,,40,Low
iB_10322,TC013278,LG7,III,20,,20,Low
iB_10323,TC013284,LG7,III,20,,10,Low
iB_10325,TC013293,LG7,III,0,,50,Low
iB_10327,TC014516,LG7,II,40,,40,Low
iB_10328,TC014513,LG7,II,60,,60,Low
iB_10329,TC009732,LG7,III,40,,40,Low
iB_10330,TC009089,LG7,III,20,,60,Low
iB_10331,TC016364,LG7,III,20,,40,Low
iB_10332,TC016351,LG7,II,30,,30,Low
iB_10333,TC009083,LG7,II,20,,60,Low
iB_10334,TC009753,LG7,III,10,,100,Low
iB_10335,TC009771,LG7,III,50,,50,Low
iB_10336,TC009781,LG7,III,30,,40,Low
iB_10337,TC009783,LG7,III,30,,50,Low
iB_10338,TC009786,LG7,III,90,,90,High
iB_10339,TC009794,LG7,II,30,,40,Low
iB_10340,TC009797,LG7,II,10,,50,Low
iB_10342,TC009027,LG7,II,60,,100,Low
iB_10343,TC009817,LG7,II,10,,30,Low
iB_10344,TC033703,LG7,II,20,,20,Low
iB_10345,TC033711,LG7,II,20,,20,Low
iB_10346,TC009845,LG7,II,40,,60,Low
iB_10347,TC008987,LG7,II,70,,70,Low
iB_10348,TC033726,LG7,II,70,,50,Low
iB_10349,TC008975,LG7,II,80,,30,Low
iB_10350,TC009870,LG7,III,40,,20,Low
iB_10351,TC009875,LG7,II,50,,50,Low
iB_10352,TC008968,LG7,III,20,,40,Low
iB_10353,TC008964,LG7,III,40,,40,Low
iB_10354,TC008962,LG7,III,60,,80,Low
iB_10355,TC008960,LG7,III,40,,60,Low
iB_10356,TC008958,LG7,III,10,,10,Low
iB_10357,TC033745,LG7,III,10,,30,Low
iB_10358,TC030783,LG7,III,20,,50,Low
iB_10359,TC008919,LG7,III,30,,50,Low
iB_10360,TC030740,LG7,III,40,,30,Low
iB_10361,TC031538,LG7,II,20,,60,Low
iB_10362,TC009923,LG7,II,40,,40,Low
iB_10363,TC009926,LG7,II,20,,70,Low
iB_10364,TC009938,LG7,II,80,,70,Low
iB_10365,TC009940,LG7,III,30,,80,Low
iB_10366,TC009943,LG7,III,10,,60,Low
iB_10369,TC008881,LG7,III,30,,70,Low
iB_10370,TC009967,LG7,III,60,,70,Low
iB_10371,TC008871,LG7,III,20,,40,Low
iB_10372,TC008868,LG7,III,10,,20,Low
iB_10373,TC009971,LG7,III,40,,60,Low
iB_10374,TC009976,LG7,III,30,,60,Low
iB_10375,TC008848,LG7,II,50,,30,Low
iB_10376,TC008845,LG7,II,40,,20,Low
iB_10377,TC030558,LG7,III,20,,60,Low
iB_10379,TC008830,LG7,III,60,,20,Low
iB_10380,TC030560,LG7,III,70,,50,Low
iB_10381,TC010780,LGX,III,0,,30,Low
iB_10382,TC033791,LG7,III,10,,20,Low
iB_10384,TC008827,LG7,III,0,,50,Low
iB_10385,TC010002,LG7,III,80,,50,Low
iB_10386,TC030763,LG7,III,10,,50,Low
iB_10387,TC033796,LG7,III,50,,30,Low
iB_10388,TC008817,LG7,II,70,,60,Low
iB_10389,TC010027,LG7,III,10,,40,Low
iB_10390,TC030656,LG7,III,20,,70,Low
iB_10391,TC008786,LG7,III,10,,30,Low
iB_10392,TC008784,LG7,III,50,,100,Low
iB_10394,TC010872,LGX,III,0,,30,Low
iB_10396,TC008767,LG7,III,20,,60,Low
iB_10397,TC008741,LG7,III,0,,30,Low
iB_10398,TC033833,LG7,III,40,,0,Low
iB_10399,TC010875,LGX,III,0,,20,Low
iB_10400,TC010199,LG7,II,100,,100,Yes
iB_10401,TC008618,LG7,III,10,,20,Low
iB_10402,TC033839,LG7,III,40,,10,Low
iB_10403,TC010182,LG7,III,60,,20,Low
iB_10404,TC010178,LG7,III,30,,-1,Low
iB_10405,TC010177,LG7,III,10,,70,Low
iB_10407,TC008648,LG7,III,20,,50,Low
iB_10409,TC010773,LGX,III,20,,50,Low
iB_10410,TC008670,LG7,III,40,,10,Low
iB_10411,TC010771,LGX,II,30,,20,Low
iB_10412,TC034812,LG7,II,50,,30,Low
iB_10415,TC008691,LG7,III,30,,10,Low
iB_10416,TC008693,LG7,III,20,,10,Low
iB_10417,TC008698,LG7,III,0,,20,Low
iB_10418,TC010882,LGX,III,20,,30,Low
iB_10419,TC010120,LG7,II,70,,30,Low
iB_10421,TC008727,LG7,III,10,,100,Low
iB_10422,TC010886,LGX,III,60,,10,Low
iB_10423,TC033882,LG7,II,30,,50,Low
iB_10425,TC015985,LG8,III,10,,30,Low
iB_10428,TC006049,LG8,III,30,,20,Low
iB_10430,TC006040,LG8,III,20,,30,Low
iB_10431,TC006038,LG8,II,30,,10,Low
iB_10432,TC033955,LG8,III,10,,30,Low
iB_10434,TC006026,LG8,III,10,,30,Low
iB_10435,TC006023,LG8,II,50,,60,Low
iB_10436,TC033977,LG8,II,70,,40,Low
iB_10437,TC005988,LG8,III,90,,60,High
iB_10438,TC005985,LG8,III,0,,20,Low
iB_10439,TC006168,LG8,III,80,,20,Low
iB_10440,TC006170,LG8,III,20,,60,Low
iB_10441,TC005976,LG8,III,0,,30,Low
iB_10442,TC005966,LG8,III,20,,10,Low
iB_10443,TC006209,LG8,III,10,,0,Low
iB_10444,TC006215,LG8,III,20,,40,Low
iB_10445,TC011191,LG3,II,70,,60,Low
iB_10446,TC006236,LG8,III,20,,10,Low
iB_10447,TC006240,LG8,II,80,,60,Low
iB_10448,TC034009,LG8,II,60,,30,Low
iB_10449,TC006259,LG8,II,20,,60,Low
iB_10450,TC004591,LGX,II,70,,70,Low
iB_10451,TC006260,LG8,II,10,,20,Low
iB_10452,TC034013,LG8,II,20,,30,Low
iB_10453,TC005887,LG8,II,90,,20,High
iB_10454,TC005882,LG8,II,80,,100,Low
iB_10455,TC006270,LG8,II,20,,40,Low
iB_10456,TC034020,LG8,II,70,,40,Low
iB_10457,TC006298,LG8,II,20,,30,Low
iB_10458,TC005833,LG8,III,40,,80,Low
iB_10459,TC005831,LG8,II,70,,10,Low
iB_10460,TC005828,LG8,III,40,,20,Low
iB_10461,TC006323,LG8,III,40,,0,Low
iB_10462,TC004598,LG8,III,20,,30,Low
iB_10463,TC034044,LG8,III,70,,20,Low
iB_10464,TC006331,LG8,III,10,,40,Low
iB_10465,TC030339,LG4,II,30,,40,Low
iB_10466,TC034452,LG9,II,50,,0,Low
iB_10467,TC005912,LG8,II,40,,20,Low
iB_10468,TC012709,LG9,II,60,,0,Low
iB_10469,TC011525,LG3,II,80,,0,Low
iB_10470,TC014748,LG5,II,50,,20,Low
iB_10471,TC002967,LG3,II,80,,0,Low
iB_10472,TC009238,LG7,II,30,,30,Low
iB_10473,TC002785,LG3,II,30,,20,Low
iB_10474,TC015927,LG7,II,50,,10,Low
iB_10475,TC006164,LG8,II,80,,0,Low
iB_10477,TC003999,LG3,II,30,,20,Low
iB_10478,TC034141,LG8,II,20,,10,Low
iB_10479,TC030135,LG4,II,70,,0,Low
iB_10480,TC010779,LGX,II,40,,10,Low
iB_10481,TC009147,LG7,II,60,,0,Low
iB_10482,TC012467,LG9,II,20,,0,Low
iB_10483,TC005454,LG8,II,90,,20,High
iB_10484,TC002994,LG3,II,30,,10,Low
iB_10485,TC013186,LG5,II,50,,20,Low
iB_10486,TC001727,LGX,II,50,,20,Low
iB_10487,TC011952,LG9,II,90,,0,High
iB_10488,TC014996,LG6,II,60,,40,Low
iB_10489,TC007394,LG4,II,60,,20,Low
iB_10490,TC015959,LG7,II,50,,10,Low
iB_10491,TC030651,LG2,II/III,60,,,Low
iB_10492,TC006621,LG8,II,40,,70,Low
iB_10493,TC010046,LG7,II,60,,10,Low
iB_10494,TC009883,LG7,II,40,,30,Low
iB_10495,TC011044,LG10,II,50,,20,Low
iB_10496,TC006402,LG8,II,60,,20,Low
iB_10497,TC033801,LG7,II,60,,10,Low
iB_10498,TC012182,LG9,II,70,,0,Low
iB_10499,TC015919,LG7,II,40,,0,Low
iB_10500,TC001039,LG2,II,60,,10,Low
iB_10501,TC004496,LG2,II,40,,50,Low
iB_10502,TC002877,LG3,II,70,,0,Low
iB_10503,TC009509,LG7,II,80,,40,Low
iB_10504,TC008948,LG7,II,80,,0,Low
iB_10506,TC004807,LG2,II,80,,0,Low
iB_10508,TC033071,LG5,II,50,,10,Low
iB_10509,TC012824,LG9,II,60,,10,Low
iB_10510,TC008842,LG7,II,70,,10,Low
iB_10511,TC010061,LG7,II,60,,0,Low
iB_10512,TC007780,LG4,II,30,,20,Low
iB_10513,TC009386,LG7,II,50,,20,Low
iB_10514,TC009893,LG7,II,10,,0,Low
iB_10515,TC011408,LG10,II,20,,10,Low
iB_10516,TC001772,LGX,II,20,,0,Low
iB_10517,TC010100,LG7,II,100,,100,Yes
iB_10518,TC011475,LG10,II,90,,30,High
iB_10519,TC003118,LG3,II,60,,40,Low
iB_10520,TC008020,LG4,II,30,,10,Low
iB_10521,TC004945,LG2,II,30,,10,Low
iB_10522,TC005737,LG8,II,20,,0,Low
iB_10523,TC005716,LG8,II,50,,0,Low
iB_10524,TC034074,LG8,II,50,,10,Low
iB_10525,TC015585,LG6,II,30,,0,Low
iB_10526,TC000469,LG2,II,50,,0,Low
iB_10527,TC001022,LG2,II,30,,40,Low
iB_10528,TC033635,LG7,II,100,,100,Yes
iB_10530,TC004455,LG2,II,60,,0,Low
iB_10531,TC033096,LG5,II,70,,0,Low
iB_10532,TC006282,LG8,II,70,,90,Low
iB_10533,TC003288,LG3,II,40,,0,Low
iB_10534,TC015955,LG7,II,30,,0,Low
iB_10535,TC004941,LG2,II,40,,0,Low
iB_10536,TC009890,LG7,II,80,,10,Low
iB_10537,TC008184,LG4,II,30,,10,Low
iB_10538,TC014437,LG5,II,70,,20,Low
iB_10539,TC033777,LG7,II,70,,40,Low
iB_10540,TC004455,LG2,II,40,,0,Low
iB_10541,TC015921,LG7,II,30,,10,Low
iB_10542,TC014391,LG5,II,20,,0,Low
iB_10543,TC000682,LG2,II,40,,10,Low
iB_10544,TC005398,LG8,II,30,,20,Low
iB_10545,TC001941,LG9,II,40,,0,Low
iB_10546,TC007179,LG4,II,30,,10,Low
iB_10547,TC030325,LG8,II,40,,0,Low
iB_10549,TC011887,LG9,II,20,,10,Low
iB_10550,TC000243,LG2,II,50,,100,Low
iB_10551,TC008228,LG4,II,20,,20,Low
iB_10552,TC030365,LG10,II,40,,0,Low
iB_10553,TC008913,LG7,II,40,,10,Low
iB_10554,TC008772,LG7,II,30,,0,Low
iB_10555,TC014016,LG5,III,10,,0,Low
iB_10556,TC005391,LG8,II,50,,20,Low
iB_10557,TC006449,LG8,II,30,,10,Low
iB_10558,TC033964,LG8,II,60,,10,Low
iB_10559,TC032601,LG3,II,10,,10,Low
iB_10560,TC008889,LG7,II,0,,10,Low
iB_10561,TC032271,LG2,II,20,,30,Low
iB_10562,TC000391,LG2,II,30,,40,Low
iB_10563,TC005819,LG8,II,10,,60,Low
iB_10564,TC015937,LG7,III,60,,20,Low
iB_10565,TC012407,LG9,II,30,,40,Low
iB_10566,TC008108,LG4,II,30,,30,Low
iB_10567,TC012068,LG9,II,20,,60,Low
iB_10568,TC000708,LG2,II,40,,30,Low
iB_10570,TC007113,LG4,II,30,,20,Low
iB_10571,TC001382,LG2,II,20,,30,Low
iB_10572,TC015025,LG6,II,10,,50,Low
iB_10573,TC032226,LG2,II,60,,40,Low
iB_10574,TC010424,LG5,II,10,,30,Low
iB_10575,TC009280,LG7,II,40,,30,Low
iB_10576,TC033610,LG7,II,40,,80,Low
iB_10577,TC011828,LG9,II,30,,0,Low
iB_10578,TC005481,LG8,II,20,,20,Low
iB_10579,TC011520,LG3,II,30,,60,Low
iB_10580,TC031263,LG8,II,30,,50,Low
iB_10581,TC032224,LG2,II,40,,0,Low
iB_10582,TC006493,LG8,II,10,,10,Low
iB_10583,TC033968,LG8,II,30,,90,Low
iB_10584,TC031142,LG5,II,40,,30,Low
iB_10585,TC007033,LG4,II,50,,20,Low
iB_10586,TC003202,LG3,II,30,,30,Low
iB_10587,TC034877,LG9,II,40,,70,Low
iB_10588,TC003748,LG3,III,60,,50,Low
iB_10589,TC010878,LGX,II,60,,30,Low
iB_10591,TC014364,LG5,II,20,,20,Low
iB_10592,TC015480,LG8,II,30,,20,Low
iB_10593,TC005734,LG8,II,40,,20,Low
iB_10594,TC015460,LG8,II,60,,20,Low
iB_10595,TC013229,LG5,II,40,,30,Low
iB_10596,TC009008,LG7,II,10,,80,Low
iB_10598,TC008732,LG7,II,30,,60,Low
iB_10599,TC015634,LG6,II,60,,30,Low
iB_10600,TC006766,LG8,II,20,,40,Low
iB_10603,TC010116,LG7,II,30,,40,Low
iB_10604,TC006738,LG8,II,10,,40,Low
iB_10605,TC009787,LG7,II,20,,40,Low
iB_10606,TC004584,LGX,II,40,,20,Low
iB_10607,TC009894,LG7,II,50,,60,Low
iB_10608,TC014106,LG5,II,70,,70,Low
iB_10610,TC009080,LG7,II,20,,50,Low
iB_10611,TC030741,LG2,II,20,,20,Low
iB_10612,TC013534,LG5,III,70,,30,Low
iB_10613,TC012736,LG9,II,40,,40,Low
iB_10614,TC005783,LG8,II,40,,30,Low
iB_10615,TC003437,LG3,II,30,,30,Low
iB_10617,TC008488,LG4,II,60,,80,Low
iB_10618,TC013715,LG5,II,70,,30,Low
iB_10619,TC032997,LG5,II,50,,30,Low
iB_10620,TC001351,LG2,II,10,,50,Low
iB_10621,TC015332,LG6,II,50,,90,Low
iB_10622,TC014776,LG5,II,40,,30,Low
iB_10623,TC032063,LG2,II,40,,20,Low
iB_10624,TC007192,LG4,III,60,,10,Low
iB_10625,TC009087,LG7,II,30,,50,Low
iB_10626,TC011805,LG9,II,0,,20,Low
iB_10627,TC002949,LG3,II,0,,50,Low
iB_10628,TC012454,LG9,II,50,,10,Low
iB_10629,TC016166,LG2,II,60,,10,Low
iB_10630,TC016154,LG2,II,50,,70,Low
iB_10631,TC000818,LG2,II,30,,40,Low
iB_10632,TC006252,LG8,II,60,,80,Low
iB_10633,TC013867,LG5,II,100,,100,Yes
iB_10634,TC001635,LGX,II,50,,90,Low
iB_10635,TC012548,LG9,II,30,,0,Low
iB_10636,TC006130,LG8,III,70,,40,Low
iB_10637,TC015419,LG6,II,20,,10,Low
iB_10638,TC003529,LG3,II,20,,20,Low
iB_10639,TC001865,LGX,II,40,,20,Low
iB_10640,TC009021,LG7,II,0,,30,Low
iB_10641,TC015599,LG6,II,20,,40,Low
iB_10642,TC008794,LG7,II,20,,20,Low
iB_10643,TC011638,LG9,II,50,,20,Low
iB_10644,TC006028,LG8,II,30,,20,Low
iB_10645,TC004970,LG2,II,40,,50,Low
iB_10646,TC015499,LG6,II,20,,50,Low
iB_10648,TC003503,LG3,II,30,,30,Low
iB_10649,TC012874,LG9,II,30,,40,Low
iB_10650,TC000770,LG2,II,20,,50,Low
iB_10651,TC010676,LG9,II,40,,20,Low
iB_10652,TC008238,LG4,II,20,,20,Low
iB_10653,TC013430,LG5,II,30,,10,Low
iB_10654,TC012354,LG9,II,50,,20,Low
iB_10655,TC012160,LG9,II,0,,30,Low
iB_10656,TC015373,LG6,II,10,,60,Low
iB_10657,TC032494,LG3,II,10,,0,Low
iB_10658,TC003232,LG3,II,20,,30,Low
iB_10659,TC005713,LG8,II,20,,20,Low
iB_10660,TC013540,LG5,II,20,,10,Low
iB_10661,TC008235,LG4,II,20,,20,Low
iB_10662,TC013881,LG5,II,10,,20,Low
iB_10663,TC008921,LG7,II,20,,0,Low
iB_10664,TC011534,LG3,II,20,,0,Low
iB_10665,TC033409,LG6,II,30,,20,Low
iB_10666,TC004865,LG2,II,10,,10,Low
iB_10667,TC009747,LG7,II,10,,10,Low
iB_10668,TC012622,LG9,II,10,,40,Low
iB_10669,TC011194,LG3,II,20,,10,Low
iB_10670,TC004501,LG2,II,70,,10,Low
iB_10671,TC010133,LG7,II,10,,0,Low
iB_10672,TC014132,LG5,II,40,,0,Low
iB_10673,TC007185,LG4,II,20,,10,Low
iB_10674,TC003067,LG3,II,0,,20,Low
iB_10675,TC006564,LG8,II,90,,0,High
iB_10676,TC013117,LG5,II,30,,10,Low
iB_10677,TC033277,LG5,II,0,,10,Low
iB_10678,TC011021,LG10,II,100,,100,Yes
iB_10679,TC032034,LG2,II,20,,10,Low
iB_10680,TC003203,LG2,II,50,,10,Low
iB_10682,TC033076,LG5,II,20,,0,Low
iB_10683,TC015953,LG7,II,30,,10,Low
iB_10684,TC013863,LG5,II,50,,50,Low
iB_10685,TC004663,LGX,II,30,,0,Low
iB_10686,TC001226,LG2,II,20,,10,Low
iB_10687,TC014515,LG7,II,80,,30,Low
iB_10688,TC005182,LGX,II,40,,0,Low
iB_10689,TC002519,LG3,II,0,,0,Low
iB_10690,TC031092,LG4,II,10,,0,Low
iB_10691,TC005395,LG8,II,100,,40,Yes
iB_10692,TC013885,LG5,II,80,,100,Low
iB_10694,TC034023,LG8,II,50,,10,Low
iB_10695,TC032003,LG2,II,10,,0,Low
iB_10696,TC003479,LG3,II,100,,100,Yes
iB_10697,TC004580,LGX,II,70,,10,Low
iB_10698,TC031963,LG2,II,50,,10,Low
iB_10700,TC013407,LG5,II,30,,20,Low
iB_10701,TC014985,LG6,II,80,,0,Low
iB_10702,TC007632,LG4,II,30,,0,Low
iB_10703,TC004145,LGX,II,10,,0,Low
iB_10704,TC004919,LG2,II,40,,20,Low
iB_10705,TC031381,LG10,II,40,,0,Low
iB_10706,TC009092,LG7,II,20,,0,Low
iB_10707,TC009267,LG7,II,30,,10,Low
iB_10708,TC005065,LG5,II,40,,0,Low
iB_10709,TC013292,LG7,II,30,,10,Low
iB_10710,TC015471,LG8,II,50,,40,Low
iB_10711,TC009144,LG7,II,60,,30,Low
iB_10712,TC002178,LG8,II,60,,0,Low
iB_10714,TC007765,LG4,II,50,,20,Low
iB_10715,TC033756,LG7,II,40,,20,Low
iB_10716,TC006079,LG8,II,50,,10,Low
iB_10717,TC002589,LG3,II,30,,0,Low
iB_10718,TC005008,LG2,II,30,,0,Low
iB_10719,TC005859,LG8,II,30,,10,Low
iB_10720,TC000665,LG2,II,20,,10,Low
iB_10721,TC015246,LG8,II,20,,10,Low
iB_10722,TC032758,LG4,II,30,,30,Low
iB_10723,TC013337,LG5,II,20,,0,Low
iB_10724,TC033310,LG6,II,20,,0,Low
iB_10725,TC003481,LG3,II,60,,0,Low
iB_10726,TC001067,LG2,II,30,,0,Low
iB_10727,TC001460,LGX,II,20,,0,Low
iB_10728,TC009468,LG7,II,30,,10,Low
iB_10729,TC033553,LG7,II,40,,0,Low
iB_10730,TC013919,LG5,II,20,,10,Low
iB_10731,TC012334,LG9,II,50,,10,Low
iB_10732,TC009218,LG7,II,40,,0,Low
iB_10733,TC001125,LG2,II,40,,10,Low
iB_10734,TC007566,LG4,II,40,,0,Low
iB_10735,TC013656,LG5,II,40,,20,Low
iB_10736,TC014586,LG5,II,30,,10,Low
iB_10737,TC007257,LG4,II,60,,20,Low
iB_10738,TC005434,LG8,II,30,,0,Low
iB_10739,TC014271,LG5,II,20,,20,Low
iB_10740,TC009880,LG7,II,40,,0,Low
iB_10741,TC000318,LG2,II,30,,10,Low
iB_10742,TC011306,LG10,II,20,,0,Low
iB_10743,TC007558,LG4,II,30,,10,Low
iB_10744,TC010827,LGX,II,10,,0,Low
iB_10745,TC000458,LG2,II,10,,10,Low
iB_10746,TC006720,LG8,II,0,,0,Low
iB_10748,TC007828,LG4,II,10,,20,Low
iB_10749,TC007746,LG4,II,20,,0,Low
iB_10750,TC009045,LG7,II,30,,30,Low
iB_10751,TC012650,LG9,II,20,,20,Low
iB_10752,TC003600,LG9,II,20,,0,Low
iB_10753,TC030389,LG8,II,0,,0,Low
iB_10754,TC031463,LGX,II/III,50,,,Low
iB_10755,TC007714,LG4,II,20,,20,Low
iB_10756,TC009211,LG7,III,20,,50,Low
iB_10758,TC013016,LG5,III,30,,20,Low
iB_10759,TC030132,LG6,III,30,,0,Low
iB_10760,TC013667,LG5,III,100,,80,Yes
iB_10761,TC030779,LG5,III,20,,10,Low
iB_10762,TC012534,LG9,III,20,,50,Low
iB_10763,TC030885,LGX,III,10,,70,Low
iB_10764,TC005069,LG5,III,20,,50,Low
iB_10765,TC003901,LG3,III,40,,20,Low
iB_10766,TC030385,LG3,III,10,,50,Low
iB_10767,TC014018,LG5,III,0,,50,Low
iB_10768,TC030344,LG5,III,20,,40,Low
iB_10769,TC008181,LG4,III,40,,10,Low
iB_10770,TC008316,LG4,III,20,,40,Low
iB_10771,TC002713,LG3,III,20,,50,Low
iB_10772,TC031988,LG2,III,0,,20,Low
iB_10773,TC032850,LG4,III,10,,30,Low
iB_10774,TC004423,LG2,III,20,,20,Low
iB_10775,TC008277,LG4,III,30,,30,Low
iB_10776,TC003246,LG3,III,40,,60,Low
iB_10777,TC015535,LG6,III,10,,20,Low
iB_10778,TC009739,LG7,III,100,,50,Yes
iB_10779,TC034150,LG8,III,20,,40,Low
iB_10780,TC009821,LG7,III,30,,30,Low
iB_10781,TC010338,LG3,III,30,,10,Low
iB_10782,TC034752,LG7,III,40,,30,Low
iB_10783,TC032728,LG4,III,20,,50,Low
iB_10784,TC008512,LG4,III,10,,60,Low
iB_10785,TC006646,LG8,III,20,,20,Low
iB_10786,TC034420,LG9,III,20,,40,Low
iB_10787,TC010204,LG7,III,50,,30,Low
iB_10788,TC006563,LG8,III,30,,20,Low
iB_10789,TC000364,LG2,III,10,,40,Low
iB_10790,TC000988,LG2,III,90,,70,High
iB_10791,TC034735,LG6,III,40,,40,Low
iB_10793,TC010846,LGX,III,30,,0,Low
iB_10794,TC002178,LG8,III,0,,50,Low
iB_10795,TC015358,LG6,III,0,,20,Low
iB_10796,TC033161,LG5,III,40,,50,Low
iB_10797,TC000813,LG2,III,0,,0,Low
iB_10799,TC033215,LG5,III,10,,20,Low
iB_10800,TC030374,LG3,III,10,,30,Low
iB_10801,TC010420,LG5,III,40,,60,Low
iB_10802,TC004802,LGX,III,10,,60,Low
iB_10803,TC032334,LG3,III,60,,20,Low
iB_10805,TC003052,LG3,III,100,,20,Yes
iB_10806,TC033637,LG7,III,30,,10,Low
iB_10807,TC008985,LG7,III,50,,20,Low
iB_10808,TC006231,LG8,III,30,,40,Low
iB_10809,TC004563,LG2,III,20,,60,Low
iB_10811,TC001701,LGX,III,40,,40,Low
iB_10812,TC006360,LG8,III,50,,30,Low
iB_10813,TC033385,LG6,III,60,,30,Low
iB_10814,TC010876,LGX,III,40,,30,Low
iB_10815,TC005836,LG8,III,40,,30,Low
iB_10817,TC004855,LG2,III,90,,60,High
iB_10818,TC012600,LG9,III,40,,50,Low
iB_10819,TC011611,LG9,III,50,,20,Low
iB_10821,TC033820,LG7,III,30,,40,Low
iB_10823,TC005411,LG8,III,10,,10,Low
iB_10824,TC002971,LG3,III,60,,20,Low
iB_10825,TC006050,LG8,III,20,,50,Low
iB_10827,TC005425,LG8,III,30,,50,Low
iB_10829,TC030136,LG8,III,50,,40,Low
iB_10830,TC007965,LG4,III,10,,10,Low
iB_10831,TC004921,LG2,III,40,,30,Low
iB_10832,TC009384,LG7,III,30,,60,Low
iB_10833,TC003120,LG3,III,30,,10,Low
iB_10834,TC007455,LG4,III,40,,60,Low
iB_10835,TC009112,LG7,III,40,,30,Low
iB_10836,TC030572,LG2,III,50,,30,Low
iB_10837,TC003568,LG3,III,60,,10,Low
iB_10838,TC003798,LG3,III,10,,70,Low
iB_10839,TC015655,LG6,III,30,,40,Low
iB_10840,TC001347,LG2,III,30,,30,Low
iB_10841,TC010884,LGX,III,40,,30,Low
iB_10842,TC015604,LG6,III,30,,80,Low
iB_10843,TC001560,LG3,III,30,,30,Low
iB_10844,TC013869,LG5,III,30,,60,Low
iB_10845,TC014883,LG6,III,30,,10,Low
iB_10846,TC033858,LG7,III,80,,50,Low
iB_10847,TC030355,LG3,III,40,,40,Low
iB_10848,TC014096,LG5,III,30,,20,Low
iB_10849,TC013859,LG5,III,40,,80,Low
iB_10850,TC032144,LG2,III,40,,40,Low
iB_10851,TC030882,LGX,III,40,,10,Low
iB_10852,TC014545,LG5,III,30,,30,Low
iB_10853,TC012246,LG9,III,30,,40,Low
iB_10855,TC007383,LG4,II/III,60,,,Low
iB_10856,TC014455,LG5,II/III,40,,,Low
iB_10857,TC014839,LG6,II/III,40,,,Low
iB_10858,TC012327,LG9,II/III,30,,,Low
iB_10859,TC015577,LG6,II/III,60,,,Low
iB_10860,TC013494,LG5,II/III,40,,,Low
iB_10861,TC013082,LG5,II/III,100,,,Yes
iB_10862,TC033270,LG5,II/III,30,,,Low
iB_10863,TC009165,LG7,II/III,50,,,Low
iB_10864,TC010432,LG5,II/III,20,,,Low
iB_10865,TC011951,LG9,II/III,60,,,Low
iB_10866,TC031095,LG4,II/III,70,,,Low
iB_10867,TC033994,LG8,II/III,70,,,Low
iB_10868,TC031457,LG10,II/III,50,,,Low
iB_10869,TC014464,LG5,II/III,60,,,Low
iB_10870,TC006681,LG8,II/III,20,,,Low
iB_10871,TC006565,LG8,II/III,50,,,Low
iB_10872,TC013485,LG5,II/III,60,,,Low
iB_10873,TC009871,LG7,II/III,100,,,Yes
iB_10874,TC034122,LG8,II/III,50,,,Low
iB_10875,TC003653,LG3,II/III,60,,,Low
iB_10876,TC033160,LG5,II/III,40,,,Low
iB_10878,TC011322,LG10,II/III,40,,,Low
iB_10880,TC007800,LG4,II/III,20,,,Low
iB_10881,TC009543,LG7,II/III,50,,,Low
iB_10882,TC014814,LG5,II/III,80,,,Low
iB_10883,TC032797,LG4,II/III,60,,,Low
iB_10884,TC030113,LG5,II/III,60,,,Low
iB_10885,TC014845,LG6,II/III,30,,,Low
iB_10886,TC008820,LG7,II/III,40,,,Low
iB_10887,TC013508,LG5,II/III,20,,,Low
iB_10888,TC030673,LG10,II/III,50,,,Low
iB_10889,TC030734,LG10,II/III,20,,,Low
iB_10890,TC009512,LG7,II/III,60,,,Low
iB_10891,TC006702,LG8,II/III,20,,,Low
iB_10892,TC013584,LGX,II/III,30,,,Low
iB_10893,TC015247,LG8,II/III,20,,,Low
iB_10894,TC000398,LG2,II/III,20,,,Low
iB_10895,TC000583,LG2,II/III,30,,,Low
iB_10896,TC034215,LGX,II/III,100,,,Yes
iB_10897,TC006081,LG8,II/III,50,,,Low
iB_10898,TC015176,LG6,II/III,20,,,Low
iB_10899,TC009375,LG7,II/III,100,,,Yes
iB_10900,TC003674,LG3,II/III,30,,,Low
iB_10901,TC007673,LG4,II/III,20,,,Low
iB_10902,TC013404,LG5,II/III,20,,,Low
iB_10903,TC033258,LG5,II/III,20,,,Low
iB_10904,TC001031,LG2,II/III,30,,,Low
iB_10905,TC010174,LG7,II/III,30,,,Low
iB_10906,TC008924,LG7,II/III,50,,,Low
iB_10907,TC003699,LG3,II/III,50,,,Low
iB_10908,TC005071,LG5,II/III,20,,,Low
iB_10910,TC009380,LG7,II/III,20,,,Low
iB_10911,TC005923,LG8,II/III,40,,,Low
iB_10912,TC012582,LG9,II/III,60,,,Low
iB_10913,TC004150,LGX,II/III,30,,,Low
iB_10914,TC003391,LG3,II/III,30,,,Low
iB_10915,TC003917,LG3,II/III,70,,,Low
iB_10916,TC011161,LG10,II/III,30,,,Low
iB_10917,TC033837,LG7,II/III,30,,,Low
iB_10918,TC006455,LG8,II/III,10,,,Low
iB_10919,TC012101,LG9,II/III,30,,,Low
iB_10920,TC014852,LG6,II/III,30,,,Low
iB_10921,TC009398,LG7,II/III,20,,,Low
iB_10922,TC012867,LG9,II/III,40,,,Low
iB_10923,TC033783,LG7,II/III,10,,,Low
iB_10925,TC015590,LG6,II/III,0,,,Low
iB_10926,TC033083,LG5,II/III,50,,,Low
iB_10927,TC011273,LG10,II/III,20,,,Low
iB_10928,TC006093,LG8,II/III,40,,,Low
iB_10929,TC000305,LG2,II/III,0,,,Low
iB_10930,TC013524,LG5,II/III,10,,,Low
iB_10931,TC011133,LG10,II/III,40,,,Low
iB_10932,TC005502,LG8,II/III,10,,,Low
iB_10933,TC014136,LG5,II/III,80,,,Low
iB_10934,TC011270,LG10,II/III,10,,,Low
iB_10935,TC007748,LG4,II/III,0,,,Low
iB_10936,TC013490,LG5,II/III,0,,,Low
iB_10937,TC032354,LG3,II/III,40,,,Low
iB_10938,TC000706,LG2,II/III,40,,,Low
iB_10939,TC013935,LG5,II/III,20,,,Low
iB_10940,TC009515,LG7,II/III,20,,,Low
iB_10941,TC014094,LG5,II/III,20,,,Low
iB_10942,TC003448,LG3,II/III,50,,,Low
iB_10943,TC013857,LG5,II/III,50,,,Low
iB_10944,TC002592,LG3,II/III,40,,,Low
iB_10945,TC033696,LG7,II/III,30,,,Low
iB_10946,TC010045,LG7,II/III,100,,,Yes
iB_10947,TC033412,LG6,II/III,50,,,Low
iB_10949,TC007407,LG4,II,10,,0,Low
iB_10950,TC009851,LG7,II,20,,10,Low
iB_10951,TC014863,LG6,II,40,,0,Low
iB_10952,TC006161,LG8,II,40,,30,Low
iB_10953,TC010164,LG7,II,40,,10,Low
iB_10954,TC031545,LGX,II,20,,0,Low
iB_10955,TC009885,LG7,II,20,,0,Low
iB_10956,TC006356,LG8,II,20,,10,Low
iB_10957,TC004951,LG2,II,10,,10,Low
iB_10958,TC015234,LG8,II,40,,30,Low
iB_10959,TC014265,LG5,II,30,,20,Low
iB_10960,TC003566,LG3,II,20,,10,Low
iB_10961,TC014175,LGX,II,20,,40,Low
iB_10962,TC010428,LG5,II,80,,100,Low
iB_10963,TC012396,LG9,II,10,,10,Low
iB_10964,TC030587,LG8,II,30,,0,Low
iB_10965,TC014664,LG5,II,70,,30,Low
iB_10966,TC000407,LG2,II,30,,10,Low
iB_10967,TC001072,LG2,II,80,,100,Low
iB_10968,TC000531,LG2,II,70,,20,Low
iB_10969,TC007348,LG4,II,30,,10,Low
iB_10970,TC010007,LG7,II,60,,0,Low
iB_10971,TC006761,LG8,II,80,,0,Low
iB_10972,TC003316,LG5,II,80,,20,Low
iB_10973,TC008922,LG7,III,20,,50,Low
iB_10974,TC006257,LG8,II,80,,10,Low
iB_10975,TC001718,LGX,II,10,,10,Low
iB_10976,TC013249,LG5,II,20,,10,Low
iB_10977,TC012586,LG9,II,50,,10,Low
iB_10978,TC006118,LG8,II,30,,10,Low
iB_10979,TC007073,LG4,II,50,,0,Low
iB_10980,TC005824,LG8,II,40,,0,Low
iB_10981,TC033267,LG5,II,30,,30,Low
iB_10982,TC003439,LG3,II,30,,30,Low
iB_10983,TC005603,LG8,II,60,,30,Low
iB_10984,TC014737,LG5,II,60,,30,Low
iB_10985,TC010915,LG5,II,70,,10,Low
iB_10986,TC009428,LG7,II,70,,30,Low
iB_10988,TC003810,LG3,II,60,,10,Low
iB_10989,TC010230,LG2,II,70,,0,Low
iB_10991,TC014219,LGX,II,70,,30,Low
iB_10992,TC005338,LG8,III,80,,30,Low
iB_10993,TC032288,LG3,II,80,,30,Low
iB_10995,TC010963,LG9,II,50,,20,Low
iB_10996,TC015264,LG8,II,50,,0,Low
iB_10997,TC009994,LG7,II,100,,80,Yes
iB_10998,TC004746,LGX,II,70,,0,Low
iB_10999,TC011790,LG9,II,30,,10,Low
iB_11000,TC004368,LG10,II,100,,20,Yes
iB_11001,TC009383,LG7,II,100,,20,Yes
iB_11002,TC009674,LG7,II,60,,20,Low
iB_11003,TC032019,LG2,II,80,,0,Low
iB_11004,TC013173,LG5,II,40,,0,Low
iB_11005,TC015348,LG6,II,100,,0,Yes
iB_11006,TC002944,LG3,II,90,,30,High
iB_11007,TC030598,LG6,II,,,0,Low
iB_11009,TC004733,LGX,II,,,20,Low
iB_11010,TC001557,LG3,II,,,10,Low
iB_11011,TC001773,LGX,II,,,20,Low
iB_11012,TC033686,LG7,II,,,0,Low
iB_11013,TC008818,LG7,II,,,10,Low
iB_11015,TC016092,LG10,II,50,,10,Low
iB_11016,TC002611,LG3,II,40,,10,Low
iB_11017,TC011689,LG9,II,20,,20,Low
iB_11018,TC012378,LG9,II,40,,0,Low
iB_11019,TC001674,LG9,II,20,,0,Low
iB_11020,TC003563,LG3,II,20,,20,Low
iB_11021,TC013661,LG5,II,50,,0,Low
iB_11022,TC033016,LG5,II,30,,20,Low
iB_11023,TC007731,LG4,II,10,,0,Low
iB_11024,TC011048,LG10,II,0,,40,Low
iB_11025,TC013541,LG5,II,20,,0,Low
iB_11026,TC009701,LG7,II,60,,10,Low
iB_11027,TC008690,LG7,II,50,,30,Low
iB_11028,TC007873,LG4,II,10,,10,Low
iB_11029,TC009876,LG7,II,20,,20,Low
iB_11030,TC015536,LG6,II,40,,10,Low
iB_11031,TC012315,LG9,II,30,,10,Low
iB_11032,TC007340,LG4,II,40,,10,Low
iB_11033,TC032630,LG3,II,30,,0,Low
iB_11034,TC006778,LG8,II,50,,0,Low
iB_11035,TC012424,LG9,II,20,,0,Low
iB_11036,TC014551,LG5,II,10,,10,Low
iB_11037,TC010192,LG7,II,20,,20,Low
iB_11038,TC030247,LG2,II,40,,10,Low
iB_11039,TC009681,LG7,II,30,,30,Low
iB_11040,TC012389,LG9,II,30,,20,Low
iB_11041,TC032176,LG2,II,30,,10,Low
iB_11042,TC034831,LG8,II,50,,0,Low
iB_11043,TC000218,LG2,II,10,,10,Low
iB_11044,TC005306,LG8,II,30,,20,Low
iB_11045,TC003127,LG3,II,80,,80,Low
iB_11046,TC007615,LG4,III,10,,20,Low
iB_11047,TC009344,LG7,II,10,,10,Low
iB_11048,TC015701,LG6,II,60,,10,Low
iB_11049,TC014153,LG5,III,20,,0,Low
iB_11050,TC032146,LG2,II,40,,0,Low
iB_11052,TC007707,LG4,II,20,,0,Low
iB_11053,TC014794,LG5,II,30,,0,Low
iB_11054,TC003130,LG3,II,80,,10,Low
iB_11056,TC004798,LGX,II,40,,10,Low
iB_11057,TC009548,LG7,II,40,,0,Low
iB_12001,TC000033,LG3,III,10,,30,Low
iB_12002,TC000055,LG3,III,20,,20,Low
iB_12003,TC000079,LG3,III,80,,20,Low
iB_12004,TC000092,LG3,III,10,,50,Low
iB_12005,TC000110,LG3,III,40,,40,Low
iB_12006,TC000134,LG3,III,50,,40,Low
iB_12007,TC000159,LG2,III,50,,20,Low
iB_12008,TC000169,LG2,III,30,,50,Low
iB_12009,TC000178,LG2,III,20,,20,Low
iB_12010,TC000217,LG2,III,40,,30,Low
iB_12011,TC000229,LG2,III,90,,40,High
iB_12012,TC000235,LG2,III,60,,30,Low
iB_12013,TC000236,LG2,III,20,,20,Low
iB_12014,TC000255,LG2,III,50,,30,Low
iB_12015,TC000319,LG2,III,50,,10,Low
iB_12016,TC000322,LG2,III,50,,30,Low
iB_12017,TC000368,LG2,III,30,,30,Low
iB_12018,TC000371,LG2,III,40,,0,Low
iB_12019,TC000372,LG2,III,40,,60,Low
iB_12020,TC000384,LG2,III,40,,40,Low
iB_12021,TC000406,LG2,III,60,,10,Low
iB_12022,TC000426,LG2,III,20,,20,Low
iB_12023,TC000460,LG2,III,20,,30,Low
iB_12024,TC000498,LG2,III,20,,10,Low
iB_12025,TC000524,LG2,III,100,,90,Yes
iB_12026,TC000533,LG2,III,30,,70,Low
iB_12027,TC000547,LG2,III,100,,20,Yes
iB_12028,TC000548,LG2,III,50,,40,Low
iB_12029,TC000568,LG2,III,60,,50,Low
iB_12030,TC000569,LG2,III,40,,40,Low
iB_12031,TC000581,LG2,III,30,,30,Low
iB_12032,TC000585,LG2,III,50,,30,Low
iB_12033,TC000598,LG2,III,40,,40,Low
iB_12034,TC000634,LG2,III,10,,40,Low
iB_12035,TC000758,LG2,III,30,,30,Low
iB_12036,TC000781,LG2,III,10,,10,Low
iB_12037,TC000897,LG2,III,10,,30,Low
iB_12038,TC000935,LG2,III,40,,10,Low
iB_12039,TC000940,LG2,III,60,,40,Low
iB_12040,TC000955,LG2,III,20,,20,Low
iB_12041,TC001003,LG2,III,10,,20,Low
iB_12042,TC001030,LG2,III,10,,20,Low
iB_12043,TC001041,LG2,III,40,,80,Low
iB_12044,TC001052,LG2,III,40,,30,Low
iB_12045,TC001094,LG2,III,10,,50,Low
iB_12046,TC001104,LG2,III,20,,10,Low
iB_12047,TC001139,LG2,III,10,,10,Low
iB_12048,TC001167,LG2,III,30,,30,Low
iB_12049,TC001249,LG2,III,10,,30,Low
iB_12050,TC001253,LG2,III,10,,30,Low
iB_12051,TC001254,LG2,III,40,,30,Low
iB_12052,TC001270,LG2,III,10,,20,Low
iB_12053,TC001273,LG2,III,20,,20,Low
iB_12054,TC001281,LG2,III,20,,20,Low
iB_12055,TC001301,LG2,III,20,,10,Low
iB_12056,TC001315,LG2,III,30,,20,Low
iB_12057,TC001367,LG2,III,30,,30,Low
iB_12058,TC001369,LG2,III,40,,40,Low
iB_12064,TC001524,LG10,III,100,,50,Yes
iB_12065,TC001574,LG3,III,100,,100,Yes
iB_12066,TC001576,LG3,III,70,,80,Low
iB_12067,TC001593,LGX,III,10,,40,Low
iB_12068,TC001621,LGX,III,40,,30,Low
iB_12069,TC001640,LGX,III,10,,10,Low
iB_12070,TC001664,LG9,III,10,,20,Low
iB_12071,TC001671,LG9,III,100,,60,Yes
iB_12072,TC001689,LGX,III,70,,30,Low
iB_12073,TC001692,LGX,III,0,,40,Low
iB_12074,TC001760,LGX,III,20,,20,Low
iB_12082,TC001919,LG9,III,10,,20,Low
iB_12084,TC002052,LG10,III,10,,40,Low
iB_12085,TC002059,LG10,III,30,,10,Low
iB_12086,TC002068,LG10,III,30,,10,Low
iB_12087,TC002087,LG10,III,0,,60,Low
iB_12088,TC002122,LG3,III,20,,20,Low
iB_12089,TC002133,LG3,III,30,,20,Low
iB_12091,TC002187,LG8,III,30,,50,Low
iB_12092,TC002205,LG8,III,10,,40,Low
iB_12097,TC002406,LG3,III,40,,40,Low
iB_12098,TC002418,LG3,III,20,,50,Low
iB_12099,TC002421,LG3,III,20,,30,Low
iB_12100,TC002461,LG3,III,30,,10,Low
iB_12101,TC002465,LG3,III,50,,30,Low
iB_12102,TC002492,LG3,III,20,,0,Low
iB_12103,TC002595,LG3,III,50,,30,Low
iB_12104,TC002743,LG3,III,40,,10,Low
iB_12105,TC002898,LG3,III,50,,30,Low
iB_12106,TC002985,LG3,III,20,,30,Low
iB_12107,TC003000,LG3,III,40,,20,Low
iB_12108,TC003024,LG3,III,30,,20,Low
iB_12109,TC003124,LG3,III,10,,40,Low
iB_12110,TC003152,LG3,III,30,,30,Low
iB_12111,TC003185,LG3,III,40,,40,Low
iB_12112,TC003214,LG3,III,100,,100,Yes
iB_12113,TC003224,LG3,III,50,,70,Low
iB_12114,TC003241,LG3,III,30,,20,Low
iB_12115,TC003251,LG3,III,40,,60,Low
iB_12116,TC003273,LG3,III,20,,10,Low
iB_12117,TC003328,LG3,III,70,,10,Low
iB_12118,TC003369,LG3,III,20,,40,Low
iB_12119,TC003441,LG3,III,20,,10,Low
iB_12120,TC003449,LG3,III,30,,10,Low
iB_12121,TC003495,LG3,III,10,,30,Low
iB_12122,TC003525,LG3,III,30,,50,Low
iB_12123,TC003526,LG3,III,30,,40,Low
iB_12124,TC003572,LG3,III,40,,20,Low
iB_12125,TC003630,LG3,III,30,,10,Low
iB_12126,TC003713,LG3,III,30,,20,Low
iB_12127,TC003719,LG3,III,40,,10,Low
iB_12128,TC003779,LG3,III,10,,60,Low
iB_12129,TC003831,LG3,III,20,,20,Low
iB_12130,TC003835,LG3,III,30,,30,Low
iB_12131,TC004199,LG3,III,50,,60,Low
iB_12132,TC004265,LG3,III,30,,20,Low
iB_12133,TC004346,LG3,III,0,,20,Low
iB_12134,TC004419,LG2,III,10,,30,Low
iB_12135,TC004442,LG2,III,10,,40,Low
iB_12136,TC004443,LG2,III,20,,40,Low
iB_12137,TC004448,LG2,III,50,,30,Low
iB_12138,TC004450,LG2,III,20,,30,Low
iB_12139,TC004459,LG2,III,40,,20,Low
iB_12140,TC004462,LG2,III,60,,10,Low
iB_12141,TC004557,LG2,III,10,,30,Low
iB_12142,TC004558,LG2,III,50,,40,Low
iB_12143,TC004593,LGX,III,30,,0,Low
iB_12144,TC004623,LGX,III,20,,40,Low
iB_12145,TC004628,LGX,III,40,,20,Low
iB_12146,TC004637,LGX,III,20,,30,Low
iB_12147,TC004654,LGX,III,40,,10,Low
iB_12148,TC004669,LGX,III,0,,20,Low
iB_12149,TC004672,LGX,III,10,,20,Low
iB_12150,TC004680,LGX,III,20,,30,Low
iB_12151,TC004701,LGX,III,30,,40,Low
iB_12152,TC004727,LGX,III,20,,60,Low
iB_12153,TC004731,LGX,III,40,,30,Low
iB_12154,TC004763,LGX,III,20,,10,Low
iB_12155,TC004826,LG2,III,50,,10,Low
iB_12156,TC004842,LG2,III,20,,-1,Low
iB_12157,TC004872,LG2,III,70,,50,Low
iB_12158,TC004874,LG2,III,40,,70,Low
iB_12159,TC004875,LG2,III,40,,10,Low
iB_12160,TC004877,LG2,III,0,,40,Low
iB_12161,TC004878,LG2,III,30,,10,Low
iB_12162,TC004929,LG2,III,40,,50,Low
iB_12163,TC004931,LG2,III,20,,30,Low
iB_12164,TC004940,LG2,III,50,,50,Low
iB_12165,TC004960,LG2,III,50,,40,Low
iB_12166,TC004962,LG2,III,0,,20,Low
iB_12167,TC004964,LG2,III,60,,30,Low
iB_12168,TC005003,LG2,III,30,,20,Low
iB_12171,TC005040,LG3,III,20,,20,Low
iB_12173,TC005090,LG8,III,50,,10,Low
iB_12174,TC005093,LG8,III,20,,30,Low
iB_12175,TC005096,LG8,III,40,,20,Low
iB_12176,TC005102,LG8,III,10,,20,Low
iB_12183,TC005212,LG9,III,40,,50,Low
iB_12187,TC005334,LG8,III,30,,20,Low
iB_12188,TC005443,LG8,III,20,,30,Low
iB_12189,TC005468,LG8,III,10,,10,Low
iB_12190,TC005485,LG8,III,70,,0,Low
iB_12191,TC005533,LG8,III,10,,10,Low
iB_12192,TC005539,LG8,III,40,,20,Low
iB_12193,TC005541,LG8,III,10,,40,Low
iB_12194,TC005574,LG8,III,30,,50,Low
iB_12195,TC005600,LG8,III,50,,30,Low
iB_12196,TC005641,LG8,III,40,,0,Low
iB_12197,TC005648,LG8,III,50,,80,Low
iB_12198,TC005649,LG8,III,10,,20,Low
iB_12199,TC005677,LG8,III,40,,10,Low
iB_12200,TC005756,LG8,III,60,,0,Low
iB_12201,TC005779,LG8,III,60,,10,Low
iB_12202,TC005784,LG8,III,50,,30,Low
iB_12203,TC005811,LG8,III,50,,40,Low
iB_12204,TC005816,LG8,III,60,,0,Low
iB_12205,TC005848,LG8,III,70,,10,Low
iB_12206,TC005860,LG8,III,50,,20,Low
iB_12207,TC005868,LG8,III,60,,30,Low
iB_12208,TC005905,LG8,III,10,,50,Low
iB_12209,TC005907,LG8,III,30,,40,Low
iB_12210,TC005938,LG8,III,60,,20,Low
iB_12211,TC005955,LG8,III,50,,30,Low
iB_12212,TC005968,LG8,III,20,,30,Low
iB_12213,TC005982,LG8,III,30,,10,Low
iB_12214,TC005984,LG8,III,60,,30,Low
iB_12215,TC005991,LG8,III,30,,10,Low
iB_12216,TC006017,LG8,III,60,,20,Low
iB_12217,TC006018,LG8,III,40,,20,Low
iB_12218,TC006039,LG8,III,30,,0,Low
iB_12219,TC006051,LG8,III,40,,20,Low
iB_12220,TC006057,LG8,III,20,,10,Low
iB_12221,TC006072,LG8,III,40,,10,Low
iB_12222,TC006099,LG8,III,40,,70,Low
iB_12223,TC006101,LG8,III,20,,20,Low
iB_12224,TC006103,LG8,III,70,,10,Low
iB_12225,TC006105,LG8,III,30,,30,Low
iB_12226,TC006106,LG8,III,100,,10,Yes
iB_12227,TC006117,LG8,III,40,,0,Low
iB_12228,TC006128,LG8,III,40,,20,Low
iB_12229,TC006134,LG8,III,50,,10,Low
iB_12230,TC006164,LG8,III,30,,30,Low
iB_12231,TC006166,LG8,III,20,,10,Low
iB_12232,TC006171,LG8,III,60,,30,Low
iB_12233,TC006173,LG8,III,80,,20,Low
iB_12234,TC006176,LG8,III,30,,10,Low
iB_12235,TC006184,LG8,III,10,,80,Low
iB_12236,TC006185,LG8,III,40,,20,Low
iB_12237,TC006239,LG8,III,100,,30,Yes
iB_12238,TC006245,LG8,III,30,,10,Low
iB_12239,TC006250,LG8,III,30,,30,Low
iB_12240,TC006273,LG8,III,30,,30,Low
iB_12241,TC006275,LG8,III,30,,30,Low
iB_12242,TC006278,LG8,III,70,,30,Low
iB_12243,TC006287,LG8,III,60,,40,Low
iB_12244,TC006307,LG8,III,30,,30,Low
iB_12245,TC006318,LG8,III,50,,20,Low
iB_12246,TC006364,LG8,III,20,,20,Low
iB_12247,TC006371,LG8,III,30,,40,Low
iB_12248,TC006393,LG8,III,30,,20,Low
iB_12249,TC006415,LG8,III,10,,20,Low
iB_12250,TC006444,LG8,III,60,,10,Low
iB_12251,TC006469,LG8,III,30,,0,Low
iB_12252,TC006476,LG8,III,60,,20,Low
iB_12253,TC006483,LG8,III,60,,20,Low
iB_12254,TC006484,LG8,III,20,,10,Low
iB_12255,TC006501,LG8,III,60,,20,Low
iB_12256,TC006519,LG8,III,10,,20,Low
iB_12257,TC006524,LG8,III,40,,20,Low
iB_12258,TC006526,LG8,III,20,,10,Low
iB_12259,TC006559,LG8,III,20,,20,Low
iB_12260,TC006561,LG8,III,10,,40,Low
iB_12261,TC006574,LG8,III,20,,10,Low
iB_12262,TC006587,LG8,III,30,,20,Low
iB_12263,TC006633,LG8,III,30,,0,Low
iB_12264,TC006663,LG8,III,30,,0,Low
iB_12265,TC006688,LG8,III,20,,20,Low
iB_12266,TC006698,LG8,III,40,,60,Low
iB_12267,TC006707,LG8,III,30,,40,Low
iB_12268,TC006746,LG8,III,40,,10,Low
iB_12269,TC006754,LG8,III,10,,0,Low
iB_12270,TC006759,LG8,III,10,,10,Low
iB_12271,TC006765,LG8,III,40,,30,Low
iB_12272,TC006770,LG8,III,40,,0,Low
iB_12273,TC006803,LG8,III,30,,30,Low
iB_12274,TC006805,LG8,III,20,,10,Low
iB_12275,TC006816,LG8,III,20,,20,Low
iB_12276,TC006817,LG8,III,20,,20,Low
iB_12288,TC006955,LG8,III,20,,50,Low
iB_12289,TC006956,LG8,III,50,,30,Low
iB_12292,TC007000,LG4,III,30,,20,Low
iB_12293,TC007025,LG4,III,30,,10,Low
iB_12294,TC007029,LG4,III,60,,40,Low
iB_12295,TC007037,LG4,III,50,,100,Low
iB_12296,TC007071,LG4,III,10,,50,Low
iB_12297,TC007089,LG4,III,30,,20,Low
iB_12298,TC007090,LG4,III,30,,-1,Low
iB_12299,TC007097,LG4,III,20,,-1,Low
iB_12300,TC007126,LG4,III,20,,10,Low
iB_12301,TC007128,LG4,III,20,,10,Low
iB_12302,TC007134,LG4,III,20,,40,Low
iB_12303,TC007148,LG4,III,0,,20,Low
iB_12304,TC007151,LG4,III,40,,20,Low
iB_12305,TC007153,LG4,III,40,,30,Low
iB_12306,TC007233,LG4,III,10,,-1,Low
iB_12307,TC007235,LG4,III,10,,20,Low
iB_12308,TC007282,LG4,III,40,,20,Low
iB_12309,TC007283,LG4,III,40,,40,Low
iB_12310,TC007310,LG4,III,60,,50,Low
iB_12311,TC007316,LG4,III,30,,30,Low
iB_12312,TC007320,LG4,III,20,,-1,Low
iB_12313,TC007321,LG4,III,70,,-1,Low
iB_12314,TC007332,LG4,III,30,,-1,Low
iB_12315,TC007342,LG4,III,60,,10,Low
iB_12316,TC007347,LG4,III,50,,20,Low
iB_12317,TC007370,LG4,III,40,,30,Low
iB_12318,TC007371,LG4,III,80,,40,Low
iB_12319,TC007409,LG4,III,30,,30,Low
iB_12320,TC007410,LG4,III,40,,-1,Low
iB_12321,TC007421,LG4,III,100,,-1,Yes
iB_12322,TC007429,LG4,III,100,,-1,Yes
iB_12323,TC007440,LG4,III,40,,20,Low
iB_12324,TC007444,LG4,III,100,,0,Yes
iB_12325,TC007446,LG4,III,40,,40,Low
iB_12326,TC007451,LG4,III,40,,40,Low
iB_12327,TC007457,LG4,III,60,,-1,Low
iB_12328,TC007481,LG4,III,40,,-1,Low
iB_12329,TC007486,LG4,III,20,,-1,Low
iB_12330,TC007506,LG4,III,50,,10,Low
iB_12331,TC007532,LG4,III,70,,40,Low
iB_12332,TC007631,LG4,III,40,,0,Low
iB_12333,TC007635,LG4,III,50,,20,Low
iB_12334,TC007636,LG4,III,80,,10,Low
iB_12335,TC007648,LG4,III,80,,-1,Low
iB_12336,TC007692,LG4,III,60,,-1,Low
iB_12337,TC007697,LG4,III,100,,-1,Yes
iB_12338,TC007724,LG4,III,60,,20,Low
iB_12339,TC007729,LG4,III,70,,10,Low
iB_12340,TC007737,LG4,III,40,,40,Low
iB_12341,TC007741,LG4,III,50,,20,Low
iB_12342,TC007742,LG4,III,30,,30,Low
iB_12343,TC007744,LG4,III,40,,-1,Low
iB_12344,TC007752,LG4,III,10,,-1,Low
iB_12345,TC007754,LG4,III,90,,-1,High
iB_12346,TC007755,LG4,III,50,,20,Low
iB_12347,TC007756,LG4,III,20,,40,Low
iB_12348,TC007761,LG4,III,60,,10,Low
iB_12349,TC007765,LG4,III,100,,70,Yes
iB_12350,TC007766,LG4,III,100,,-1,Yes
iB_12351,TC007772,LG4,III,90,,-1,High
iB_12352,TC007795,LG4,III,70,,-1,Low
iB_12353,TC007802,LG4,III,60,,10,Low
iB_12354,TC007810,LG4,III,20,,60,Low
iB_12355,TC007815,LG4,III,50,,10,Low
iB_12356,TC007826,LG4,III,20,,40,Low
iB_12357,TC007830,LG4,III,40,,10,Low
iB_12358,TC007845,LG4,III,20,,-1,Low
iB_12359,TC007847,LG4,III,50,,-1,Low
iB_12360,TC007848,LG4,III,30,,-1,Low
iB_12361,TC007859,LG4,III,30,,10,Low
iB_12362,TC007861,LG4,III,70,,50,Low
iB_12363,TC007906,LG4,III,30,,10,Low
iB_12364,TC007920,LG4,III,70,,50,Low
iB_12365,TC007925,LG4,III,50,,20,Low
iB_12366,TC007932,LG4,III,70,,-1,Low
iB_12367,TC007949,LG4,III,40,,-1,Low
iB_12368,TC007952,LG4,III,50,,-1,Low
iB_12369,TC007973,LG4,III,10,,-1,Low
iB_12370,TC008029,LG4,III,50,,-1,Low
iB_12371,TC008031,LG4,III,40,,10,Low
iB_12372,TC008035,LG4,III,40,,40,Low
iB_12373,TC008063,LG4,III,80,,100,Low
iB_12374,TC008069,LG4,III,50,,50,Low
iB_12375,TC008100,LG4,III,30,,20,Low
iB_12376,TC008125,LG4,III,40,,30,Low
iB_12377,TC008161,LG4,III,50,,-1,Low
iB_12378,TC008162,LG4,III,20,,-1,Low
iB_12379,TC008167,LG4,III,20,,0,Low
iB_12380,TC008222,LG4,III,100,,100,Yes
iB_12381,TC008293,LG4,III,20,,20,Low
iB_12382,TC008295,LG4,III,20,,10,Low
iB_12383,TC008296,LG4,III,10,,30,Low
iB_12384,TC008299,LG4,III,60,,-1,Low
iB_12385,TC008300,LG4,III,40,,-1,Low
iB_12386,TC008311,LG4,III,80,,70,Low
iB_12387,TC008319,LG4,III,40,,20,Low
iB_12388,TC008325,LG4,III,40,,30,Low
iB_12389,TC008334,LG4,III,20,,20,Low
iB_12390,TC008357,LG4,III,50,,20,Low
iB_12391,TC008358,LG4,III,20,,10,Low
iB_12392,TC008359,LG4,III,0,,-1,Low
iB_12393,TC008400,LG4,III,10,,-1,Low
iB_12394,TC008402,LG4,III,10,,40,Low
iB_12395,TC008410,LG4,III,40,,0,Low
iB_12396,TC008413,LG4,III,20,,10,Low
iB_12397,TC008420,LG4,III,10,,40,Low
iB_12398,TC008428,LG4,III,10,,40,Low
iB_12399,TC008441,LG4,III,40,,-1,Low
iB_12400,TC008468,LG4,III,20,,30,Low
iB_12401,TC008479,LG4,III,30,,0,Low
iB_12402,TC008501,LG4,III,20,,40,Low
iB_12403,TC008513,LG4,III,50,,100,Low
iB_12404,TC008520,LG4,III,20,,30,Low
iB_12407,TC008585,LG2,III,20,,-1,Low
iB_12408,TC008587,LG2,III,10,,80,Low
iB_12409,TC008611,LG7,III,80,,60,Low
iB_12410,TC008647,LG7,III,20,,30,Low
iB_12411,TC008651,LG7,III,10,,30,Low
iB_12412,TC008661,LG7,III,40,,20,Low
iB_12413,TC008663,LG7,III,10,,10,Low
iB_12414,TC008666,LG7,III,20,,40,Low
iB_12415,TC008667,LG7,III,90,,60,High
iB_12416,TC008706,LG7,III,30,,30,Low
iB_12417,TC008708,LG7,III,70,,100,Low
iB_12418,TC008728,LG7,III,100,,90,Yes
iB_12419,TC008756,LG7,III,20,,40,Low
iB_12420,TC008757,LG7,III,0,,0,Low
iB_12421,TC008759,LG7,III,30,,10,Low
iB_12422,TC008770,LG7,III,0,,-1,Low
iB_12423,TC008776,LG7,III,0,,10,Low
iB_12424,TC008780,LG7,III,0,,30,Low
iB_12425,TC008809,LG7,III,0,,20,Low
iB_12426,TC008835,LG7,III,10,,10,Low
iB_12427,TC008836,LG7,III,10,,30,Low
iB_12428,TC008841,LG7,III,20,,20,Low
iB_12429,TC008873,LG7,III,10,,30,Low
iB_12430,TC008878,LG7,III,0,,-1,Low
iB_12431,TC008879,LG7,III,90,,50,High
iB_12432,TC008898,LG7,III,30,,10,Low
iB_12433,TC008905,LG7,III,50,,50,Low
iB_12434,TC008933,LG7,III,20,,20,Low
iB_12435,TC008966,LG7,III,10,,20,Low
iB_12436,TC008972,LG7,III,20,,10,Low
iB_12437,TC009015,LG7,III,20,,10,Low
iB_12438,TC009017,LG7,III,10,,-1,Low
iB_12439,TC009022,LG7,III,0,,50,Low
iB_12440,TC009033,LG7,III,20,,40,Low
iB_12441,TC009044,LG7,III,20,,10,Low
iB_12442,TC009072,LG7,III,20,,30,Low
iB_12443,TC009079,LG7,III,20,,20,Low
iB_12444,TC009084,LG7,III,0,,40,Low
iB_12445,TC009104,LG7,III,20,,-1,Low
iB_12446,TC009112,LG7,III,30,,60,Low
iB_12447,TC009164,LG7,III,30,,20,Low
iB_12448,TC009176,LG7,III,40,,20,Low
iB_12449,TC009179,LG7,III,0,,30,Low
iB_12450,TC009195,LG7,III,40,,10,Low
iB_12451,TC009206,LG7,III,60,,20,Low
iB_12452,TC009223,LG7,III,50,,10,Low
iB_12453,TC009255,LG7,III,10,,-1,Low
iB_12454,TC009256,LG7,III,10,,10,Low
iB_12455,TC009301,LG7,III,40,,30,Low
iB_12456,TC009312,LG7,III,50,,30,Low
iB_12457,TC009326,LG7,III,20,,30,Low
iB_12458,TC009329,LG7,III,90,,30,High
iB_12459,TC009364,LG7,III,10,,0,Low
iB_12460,TC009388,LG7,III,20,,30,Low
iB_12461,TC009390,LG7,III,60,,40,Low
iB_12462,TC009392,LG7,III,40,,30,Low
iB_12463,TC009399,LG7,III,30,,20,Low
iB_12464,TC009410,LG7,III,20,,0,Low
iB_12465,TC009412,LG7,III,40,,40,Low
iB_12466,TC009423,LG7,III,20,,30,Low
iB_12467,TC009433,LG7,III,20,,40,Low
iB_12468,TC009434,LG7,III,20,,30,Low
iB_12469,TC009437,LG7,III,20,,10,Low
iB_12470,TC009443,LG7,III,40,,10,Low
iB_12471,TC009448,LG7,III,30,,10,Low
iB_12472,TC009460,LG7,III,60,,20,Low
iB_12473,TC009467,LG7,III,20,,40,Low
iB_12474,TC009471,LG7,III,100,,100,Yes
iB_12475,TC009485,LG7,III,90,,70,High
iB_12476,TC009519,LG7,III,70,,50,Low
iB_12477,TC009526,LG7,III,40,,50,Low
iB_12478,TC009574,LG7,III,50,,10,Low
iB_12479,TC009589,LG7,III,80,,80,Low
iB_12480,TC009596,LG7,III,80,,90,Low
iB_12481,TC009597,LG7,III,70,,30,Low
iB_12482,TC009602,LG7,III,40,,50,Low
iB_12483,TC009624,LG7,III,30,,50,Low
iB_12484,TC009627,LG7,III,30,,10,Low
iB_12485,TC009631,LG7,III,100,,50,Yes
iB_12486,TC009636,LG7,III,50,,20,Low
iB_12487,TC009649,LG7,III,40,,0,Low
iB_12488,TC009682,LG7,III,10,,30,Low
iB_12489,TC009683,LG7,III,30,,10,Low
iB_12490,TC009707,LG7,III,70,,90,Low
iB_12491,TC009719,LG7,III,20,,20,Low
iB_12492,TC009722,LG7,III,30,,20,Low
iB_12493,TC009724,LG7,III,40,,10,Low
iB_12494,TC009733,LG7,III,50,,50,Low
iB_12495,TC009788,LG7,III,40,,10,Low
iB_12496,TC009805,LG7,III,80,,30,Low
iB_12497,TC009833,LG7,III,40,,0,Low
iB_12498,TC009835,LG7,III,40,,30,Low
iB_12499,TC009837,LG7,III,70,,10,Low
iB_12500,TC009879,LG7,III,40,,30,Low
iB_12501,TC009884,LG7,III,40,,20,Low
iB_12502,TC009891,LG7,III,0,,30,Low
iB_12503,TC009892,LG7,III,10,,20,Low
iB_12504,TC009902,LG7,III,60,,30,Low
iB_12505,TC009911,LG7,III,50,,50,Low
iB_12506,TC009930,LG7,III,40,,30,Low
iB_12507,TC009966,LG7,III,100,,60,Yes
iB_12508,TC009972,LG7,III,80,,10,Low
iB_12509,TC009997,LG7,III,50,,40,Low
iB_12510,TC010035,LG7,III,30,,50,Low
iB_12511,TC010038,LG7,III,70,,50,Low
iB_12512,TC010048,LG7,III,70,,60,Low
iB_12513,TC010056,LG7,III,30,,20,Low
iB_12514,TC010063,LG7,III,30,,30,Low
iB_12515,TC010064,LG7,III,60,,10,Low
iB_12516,TC010066,LG7,III,20,,0,Low
iB_12517,TC010068,LG7,III,30,,40,Low
iB_12518,TC010069,LG7,III,60,,40,Low
iB_12519,TC010070,LG7,III,40,,40,Low
iB_12520,TC010082,LG7,III,40,,30,Low
iB_12521,TC010110,LG7,III,50,,30,Low
iB_12522,TC010137,LG7,III,60,,10,Low
iB_12523,TC010139,LG7,III,90,,50,High
iB_12524,TC010168,LG7,III,50,,20,Low
iB_12532,TC010337,LG3,III,50,,30,Low
iB_12533,TC010339,LG3,III,40,,70,Low
iB_12534,TC010355,LG3,III,40,,30,Low
iB_12535,TC010361,LG3,III,50,,30,Low
iB_12536,TC010362,LG3,III,50,,40,Low
iB_12537,TC010372,LG3,III,50,,50,Low
iB_12538,TC010389,LG3,III,70,,40,Low
iB_12539,TC010403,LG5,III,70,,20,Low
iB_12540,TC010413,LG5,III,100,,40,Yes
iB_12541,TC010414,LG5,III,80,,100,Low
iB_12542,TC010422,LG5,III,50,,30,Low
iB_12543,TC010425,LG5,III,50,,20,Low
iB_12544,TC010457,LG5,III,80,,50,Low
iB_12545,TC010471,LG5,III,60,,50,Low
iB_12548,TC010490,LG3,III,30,,20,Low
iB_12549,TC010506,LG3,III,60,,20,Low
iB_12550,TC010512,LG3,III,40,,40,Low
iB_12551,TC010521,LG3,III,30,,30,Low
iB_12552,TC010530,LG3,III,50,,40,Low
iB_12553,TC010559,LG3,III,50,,40,Low
iB_12556,TC010581,LG7,III,30,,10,Low
iB_12559,TC010648,LG9,III,70,,20,Low
iB_12560,TC010658,LG9,III,50,,20,Low
iB_12561,TC010678,LG9,III,90,,70,High
iB_12568,TC010770,LGX,III,80,,60,Low
iB_12569,TC010781,LGX,III,30,,10,Low
iB_12570,TC010795,LGX,III,40,,20,Low
iB_12571,TC010813,LGX,III,20,,20,Low
iB_12572,TC010814,LGX,III,80,,20,Low
iB_12573,TC010840,LGX,III,60,,10,Low
iB_12574,TC010844,LGX,III,80,,30,Low
iB_12575,TC010866,LGX,III,30,,40,Low
iB_12576,TC010873,LGX,III,30,,10,Low
iB_12577,TC010899,LG5,III,70,,10,Low
iB_12578,TC010921,LG5,III,60,,10,Low
iB_12579,TC010928,LG5,III,40,,20,Low
iB_12580,TC010932,LG5,III,30,,20,Low
iB_12581,TC010972,LG9,III,50,,40,Low
iB_12582,TC011000,LG10,III,60,,10,Low
iB_12583,TC011004,LG10,III,70,,10,Low
iB_12584,TC011006,LG10,III,90,,30,High
iB_12585,TC011011,LG10,III,50,,10,Low
iB_12586,TC011061,LG10,III,20,,20,Low
iB_12587,TC011086,LG10,III,30,,20,Low
iB_12588,TC011123,LG10,III,100,,20,Yes
iB_12589,TC011141,LG10,III,30,,10,Low
iB_12590,TC011145,LG10,III,40,,20,Low
iB_12591,TC011148,LG10,III,40,,10,Low
iB_12592,TC011149,LG10,III,60,,30,Low
iB_12593,TC011156,LG10,III,60,,50,Low
iB_12594,TC011162,LG10,III,30,,10,Low
iB_12595,TC011179,LG10,III,10,,20,Low
iB_12596,TC011232,LG10,III,40,,30,Low
iB_12597,TC011245,LG10,III,40,,30,Low
iB_12598,TC011259,LG10,III,40,,40,Low
iB_12599,TC011264,LG10,III,40,,20,Low
iB_12600,TC011280,LG10,III,40,,10,Low
iB_12601,TC011284,LG10,III,60,,0,Low
iB_12602,TC011320,LG10,III,60,,10,Low
iB_12603,TC011324,LG10,III,60,,30,Low
iB_12604,TC011353,LG10,III,100,,100,Yes
iB_12607,TC011410,LG10,III,30,,0,Low
iB_12608,TC011412,LG10,III,40,,20,Low
iB_12609,TC011420,LG10,III,20,,10,Low
iB_12610,TC011427,LG10,III,40,,30,Low
iB_12611,TC011449,LG10,III,60,,40,Low
iB_12612,TC011465,LG10,III,70,,10,Low
iB_12613,TC011467,LG10,III,60,,0,Low
iB_12614,TC011471,LG10,III,40,,10,Low
iB_12615,TC011483,LG7,III,70,,10,Low
iB_12617,TC011515,LG3,III,50,,30,Low
iB_12618,TC011528,LG3,III,70,,20,Low
iB_12625,TC011619,LG9,III,20,,50,Low
iB_12626,TC011668,LG9,III,40,,20,Low
iB_12627,TC011683,LG9,III,60,,10,Low
iB_12628,TC011696,LG9,III,40,,20,Low
iB_12629,TC011721,LG9,III,40,,20,Low
iB_12630,TC011723,LG9,III,70,,0,Low
iB_12631,TC011729,LG9,III,40,,20,Low
iB_12632,TC011736,LG9,III,40,,20,Low
iB_12633,TC011738,LG9,III,100,,20,Yes
iB_12634,TC011788,LG9,III,20,,10,Low
iB_12635,TC011789,LG9,III,50,,10,Low
iB_12636,TC011797,LG9,III,50,,10,Low
iB_12637,TC011806,LG9,III,100,,70,Yes
iB_12638,TC011824,LG9,III,30,,10,Low
iB_12639,TC011825,LG9,III,50,,10,Low
iB_12640,TC011830,LG9,III,70,,30,Low
iB_12641,TC011837,LG9,III,60,,30,Low
iB_12642,TC011849,LG9,III,30,,30,Low
iB_12643,TC011867,LG9,III,60,,20,Low
iB_12644,TC011914,LG9,III,80,,20,Low
iB_12645,TC011918,LG9,III,80,,20,Low
iB_12646,TC011926,LG9,III,50,,10,Low
iB_12647,TC011967,LG9,III,80,,70,Low
iB_12648,TC011993,LG9,III,60,,20,Low
iB_12649,TC011994,LG9,III,50,,10,Low
iB_12650,TC011997,LG9,III,50,,30,Low
iB_12651,TC012044,LG9,III,50,,30,Low
iB_12652,TC012056,LG9,III,60,,20,Low
iB_12653,TC012081,LG9,III,70,,20,Low
iB_12654,TC012082,LG9,III,30,,10,Low
iB_12655,TC012115,LG9,III,60,,80,Low
iB_12656,TC012118,LG9,III,60,,50,Low
iB_12657,TC012128,LG9,III,90,,60,High
iB_12658,TC012205,LG9,III,30,,20,Low
iB_12659,TC012215,LG9,III,50,,0,Low
iB_12660,TC012231,LG9,III,70,,20,Low
iB_12661,TC012232,LG9,III,40,,30,Low
iB_12662,TC012270,LG9,III,70,,30,Low
iB_12663,TC012283,LG9,III,50,,40,Low
iB_12664,TC012289,LG9,III,0,,50,Low
iB_12665,TC012363,LG9,III,100,,10,Yes
iB_12666,TC012391,LG9,III,40,,20,Low
iB_12667,TC012410,LG9,III,50,,0,Low
iB_12668,TC012448,LG9,III,20,,30,Low
iB_12669,TC012469,LG9,III,30,,20,Low
iB_12670,TC012482,LG9,III,40,,20,Low
iB_12671,TC012495,LG9,III,50,,20,Low
iB_12672,TC012498,LG9,III,30,,30,Low
iB_12673,TC012500,LG9,III,30,,30,Low
iB_12674,TC012501,LG9,III,40,,0,Low
iB_12675,TC012503,LG9,III,10,,20,Low
iB_12676,TC012504,LG9,III,0,,20,Low
iB_12677,TC012511,LG9,III,80,,100,Low
iB_12678,TC012538,LG9,III,10,,30,Low
iB_12679,TC012543,LG9,III,10,,50,Low
iB_12680,TC012547,LG9,III,30,,30,Low
iB_12681,TC012563,LG9,III,20,,20,Low
iB_12682,TC012576,LG9,III,30,,30,Low
iB_12683,TC012580,LG9,III,10,,10,Low
iB_12684,TC012593,LG9,III,20,,20,Low
iB_12685,TC012597,LG9,III,30,,30,Low
iB_12686,TC012598,LG9,III,50,,40,Low
iB_12687,TC012624,LG9,III,60,,40,Low
iB_12688,TC012626,LG9,III,30,,30,Low
iB_12689,TC012627,LG9,III,40,,20,Low
iB_12690,TC012628,LG9,III,60,,20,Low
iB_12691,TC012630,LG9,III,10,,40,Low
iB_12692,TC012631,LG9,III,20,,30,Low
iB_12693,TC012632,LG9,III,20,,10,Low
iB_12694,TC012638,LG9,III,50,,40,Low
iB_12695,TC012656,LG9,III,30,,40,Low
iB_12696,TC012674,LG9,III,30,,50,Low
iB_12697,TC012676,LG9,III,30,,0,Low
iB_12698,TC012677,LG9,III,40,,30,Low
iB_12699,TC012691,LG9,III,10,,30,Low
iB_12700,TC012708,LG9,III,80,,80,Low
iB_12701,TC012725,LG9,III,20,,60,Low
iB_12702,TC012729,LG9,III,30,,40,Low
iB_12703,TC012734,LG9,III,60,,20,Low
iB_12704,TC012749,LG9,III,20,,20,Low
iB_12705,TC012769,LG9,III,30,,20,Low
iB_12706,TC012770,LG9,III,10,,10,Low
iB_12707,TC012771,LG9,III,0,,0,Low
iB_12708,TC012773,LG9,III,10,,10,Low
iB_12709,TC012775,LG9,III,20,,40,Low
iB_12710,TC012778,LG9,III,20,,30,Low
iB_12711,TC012793,LG9,III,60,,30,Low
iB_12712,TC012814,LG9,III,30,,10,Low
iB_12713,TC012815,LG9,III,20,,10,Low
iB_12714,TC012844,LG9,III,30,,10,Low
iB_12715,TC012852,LG9,III,0,,20,Low
iB_12716,TC012855,LG9,III,10,,30,Low
iB_12717,TC012864,LG9,III,20,,20,Low
iB_12718,TC012876,LG9,III,50,,40,Low
iB_12719,TC012882,LG9,III,20,,0,Low
iB_12720,TC012894,LG3,III,30,,20,Low
iB_12724,TC012913,LG2,III,40,,10,Low
iB_12727,TC012990,LG5,III,40,,30,Low
iB_12728,TC013000,LG5,III,20,,20,Low
iB_12729,TC013001,LG5,III,50,,20,Low
iB_12730,TC013007,LG5,III,30,,30,Low
iB_12731,TC013008,LG5,III,20,,40,Low
iB_12732,TC013013,LG5,III,30,,10,Low
iB_12733,TC013019,LG5,III,20,,10,Low
iB_12734,TC013020,LG5,III,20,,30,Low
iB_12735,TC013031,LG5,III,40,,10,Low
iB_12736,TC013033,LG5,III,70,,20,Low
iB_12737,TC013034,LG5,III,60,,30,Low
iB_12738,TC013052,LG5,III,70,,10,Low
iB_12739,TC013056,LG5,III,10,,0,Low
iB_12740,TC013057,LG5,III,40,,10,Low
iB_12741,TC013061,LG5,III,50,,50,Low
iB_12742,TC013063,LG5,III,100,,80,Yes
iB_12743,TC013075,LG5,III,40,,20,Low
iB_12744,TC013076,LG5,III,80,,20,Low
iB_12745,TC013078,LG5,III,40,,10,Low
iB_12746,TC013079,LG5,III,60,,10,Low
iB_12747,TC013081,LG5,III,70,,20,Low
iB_12748,TC013087,LG5,III,30,,10,Low
iB_12749,TC013096,LG5,III,90,,20,High
iB_12750,TC013109,LG5,III,60,,20,Low
iB_12751,TC013112,LG5,III,30,,10,Low
iB_12752,TC013116,LG5,III,20,,30,Low
iB_12753,TC013125,LG5,III,30,,0,Low
iB_12754,TC013128,LG5,III,50,,30,Low
iB_12755,TC013129,LG5,III,40,,20,Low
iB_12756,TC013130,LG5,III,60,,20,Low
iB_12757,TC013131,LG5,III,40,,10,Low
iB_12758,TC013132,LG5,III,10,,10,Low
iB_12759,TC013133,LG5,III,20,,0,Low
iB_12760,TC013136,LG5,III,60,,0,Low
iB_12761,TC013137,LG5,III,10,,40,Low
iB_12762,TC013138,LG5,III,30,,20,Low
iB_12763,TC013142,LG5,III,50,,20,Low
iB_12764,TC013143,LG5,III,100,,20,Yes
iB_12765,TC013149,LG5,III,30,,10,Low
iB_12766,TC013150,LG5,III,40,,0,Low
iB_12767,TC013171,LG5,III,50,,10,Low
iB_12768,TC013175,LG5,III,50,,10,Low
iB_12769,TC013178,LG5,III,60,,40,Low
iB_12770,TC013179,LG5,III,60,,30,Low
iB_12771,TC013189,LG5,III,30,,50,Low
iB_12772,TC013192,LG5,III,40,,30,Low
iB_12773,TC013202,LG5,III,30,,10,Low
iB_12774,TC013213,LG5,III,40,,10,Low
iB_12775,TC013214,LG5,III,70,,30,Low
iB_12776,TC013218,LG5,III,70,,30,Low
iB_12777,TC013220,LG5,III,20,,10,Low
iB_12778,TC013241,LG5,III,60,,10,Low
iB_12779,TC013255,LG5,III,40,,10,Low
iB_12780,TC013256,LG5,III,70,,40,Low
iB_12781,TC013259,LG5,III,30,,40,Low
iB_12782,TC013295,LG5,III,40,,10,Low
iB_12783,TC013303,LG5,III,60,,10,Low
iB_12784,TC013307,LG5,III,60,,0,Low
iB_12785,TC013311,LG5,III,30,,10,Low
iB_12786,TC013312,LG5,III,50,,0,Low
iB_12787,TC013313,LG5,III,40,,0,Low
iB_12788,TC013314,LG5,III,50,,30,Low
iB_12789,TC013318,LG5,III,100,,40,Yes
iB_12790,TC013319,LG5,III,40,,10,Low
iB_12791,TC013320,LG5,III,62.5,,0,Low
iB_12792,TC013322,LG5,III,60,,0,Low
iB_12793,TC013323,LG5,III,60,,0,Low
iB_12794,TC013327,LG5,III,80,,0,Low
iB_12795,TC013328,LG5,III,50,,0,Low
iB_12796,TC013335,LG5,III,60,,10,Low
iB_12797,TC013346,LG5,III,70,,10,Low
iB_12798,TC013351,LG5,III,40,,20,Low
iB_12799,TC013356,LG5,III,10,,20,Low
iB_12800,TC013357,LG5,III,100,,60,Yes
iB_12801,TC013365,LG5,III,60,,30,Low
iB_12802,TC013370,LG5,III,50,,0,Low
iB_12803,TC013394,LG5,III,30,,0,Low
iB_12804,TC013401,LG5,III,50,,0,Low
iB_12805,TC013402,LG5,III,90,,30,High
iB_12806,TC013409,LG5,III,50,,20,Low
iB_12807,TC013414,LG5,III,90,,0,High
iB_12808,TC013415,LG5,III,40,,10,Low
iB_12809,TC013425,LG5,III,80,,0,Low
iB_12810,TC013427,LG5,III,50,,10,Low
iB_12811,TC013433,LG5,III,60,,40,Low
iB_12812,TC013449,LG5,III,80,,0,Low
iB_12813,TC013455,LG5,III,60,,30,Low
iB_12814,TC013457,LG5,III,50,,10,Low
iB_12815,TC013460,LG5,III,70,,0,Low
iB_12816,TC013479,LG5,III,40,,10,Low
iB_12817,TC013491,LG5,III,70,,0,Low
iB_12818,TC013492,LG5,III,50,,30,Low
iB_12819,TC013495,LG5,III,50,,30,Low
iB_12820,TC013507,LG5,III,20,,20,Low
iB_12821,TC013516,LG5,III,10,,20,Low
iB_12822,TC013517,LG5,III,30,,20,Low
iB_12823,TC013519,LG5,III,30,,30,Low
iB_12824,TC013521,LG5,III,70,,10,Low
iB_12825,TC013531,LG5,III,20,,0,Low
iB_12826,TC013542,LG5,III,30,,40,Low
iB_12827,TC013567,LG5,III,50,,10,Low
iB_12828,TC013570,LG5,III,60,,50,Low
iB_12829,TC013572,LG5,III,30,,20,Low
iB_12830,TC013574,LG5,III,60,,20,Low
iB_12831,TC013579,LG5,III,30,,20,Low
iB_12832,TC013592,LG5,III,30,,10,Low
iB_12833,TC013594,LG5,III,30,,20,Low
iB_12834,TC013598,LG5,III,30,,0,Low
iB_12835,TC013625,LG5,III,20,,10,Low
iB_12836,TC013629,LG5,III,70,,70,Low
iB_12837,TC013648,LG5,III,10,,50,Low
iB_12838,TC013652,LG5,III,20,,30,Low
iB_12839,TC013653,LG5,III,10,,0,Low
iB_12840,TC013662,LG5,III,40,,30,Low
iB_12841,TC013669,LG5,III,50,,10,Low
iB_12842,TC013679,LG5,III,40,,10,Low
iB_12843,TC013680,LG5,III,50,,0,Low
iB_12844,TC013681,LG5,III,30,,20,Low
iB_12845,TC013691,LG5,III,70,,10,Low
iB_12846,TC013712,LG5,III,50,,20,Low
iB_12847,TC013716,LG5,III,10,,20,Low
iB_12848,TC013724,LG5,III,60,,10,Low
iB_12849,TC013740,LG5,III,50,,10,Low
iB_12850,TC013742,LG5,III,70,,40,Low
iB_12851,TC013750,LG5,III,30,,10,Low
iB_12852,TC013756,LG5,III,30,,40,Low
iB_12853,TC013788,LG5,III,50,,40,Low
iB_12854,TC013809,LG5,III,20,,10,Low
iB_12855,TC013810,LG5,III,70,,10,Low
iB_12856,TC013811,LG5,III,40,,10,Low
iB_12857,TC013814,LG5,III,50,,10,Low
iB_12858,TC013818,LG5,III,50,,40,Low
iB_12859,TC013819,LG5,III,10,,10,Low
iB_12860,TC013820,LG5,III,40,,10,Low
iB_12861,TC013823,LG5,III,20,,10,Low
iB_12862,TC013825,LG5,III,30,,10,Low
iB_12863,TC013826,LG5,III,20,,0,Low
iB_12864,TC013828,LG5,III,30,,20,Low
iB_12865,TC013838,LG5,III,30,,20,Low
iB_12866,TC013873,LG5,III,30,,10,Low
iB_12867,TC013928,LG5,III,30,,30,Low
iB_12868,TC013948,LG5,III,30,,10,Low
iB_12869,TC013990,LG5,III,40,,20,Low
iB_12870,TC014006,LG5,III,20,,0,Low
iB_12871,TC014015,LG5,III,60,,10,Low
iB_12872,TC014021,LG5,III,40,,10,Low
iB_12873,TC014027,LG5,III,10,,20,Low
iB_12874,TC014052,LG5,III,60,,10,Low
iB_12875,TC014086,LG5,III,50,,10,Low
iB_12876,TC014090,LG5,III,10,,10,Low
iB_12877,TC014102,LG5,III,50,,0,Low
iB_12878,TC014103,LG5,III,10,,10,Low
iB_12879,TC014110,LG5,III,30,,80,Low
iB_12880,TC014150,LG5,III,30,,20,Low
iB_12881,TC014185,LGX,III,20,,10,Low
iB_12882,TC014229,LGX,III,30,,30,Low
iB_12883,TC014258,LG5,III,20,,20,Low
iB_12884,TC014293,LG5,III,10,,0,Low
iB_12885,TC014299,LG5,III,40,,10,Low
iB_12886,TC014343,LG5,III,30,,20,Low
iB_12887,TC014347,LG5,III,30,,10,Low
iB_12888,TC014382,LG5,III,40,,10,Low
iB_12889,TC014388,LG5,III,20,,10,Low
iB_12890,TC014405,LG5,III,100,,20,Yes
iB_12891,TC014408,LG5,III,10,,10,Low
iB_12892,TC014409,LG5,III,10,,0,Low
iB_12893,TC014428,LG5,III,80,,10,Low
iB_12894,TC014440,LG5,III,30,,30,Low
iB_12895,TC014460,LG5,III,40,,30,Low
iB_12896,TC014497,LG5,III,20,,20,Low
iB_12897,TC014499,LG5,III,40,,0,Low
iB_12898,TC014518,LG5,III,40,,10,Low
iB_12899,TC014537,LG5,III,50,,10,Low
iB_12900,TC014540,LG5,III,40,,10,Low
iB_12901,TC014547,LG5,III,40,,10,Low
iB_12902,TC014564,LG5,III,30,,20,Low
iB_12903,TC014566,LG5,III,30,,0,Low
iB_12904,TC014568,LG5,III,20,,10,Low
iB_12905,TC014574,LG5,III,30,,30,Low
iB_12906,TC014582,LG5,III,20,,30,Low
iB_12907,TC014589,LG5,III,20,,30,Low
iB_12908,TC014592,LG5,III,40,,10,Low
iB_12909,TC014595,LG5,III,30,,0,Low
iB_12910,TC014610,LG5,III,40,,50,Low
iB_12911,TC014611,LG5,III,40,,20,Low
iB_12912,TC014617,LG5,III,40,,40,Low
iB_12913,TC014636,LG5,III,0,,0,Low
iB_12914,TC014653,LG5,III,30,,10,Low
iB_12915,TC014673,LG5,III,30,,0,Low
iB_12916,TC014680,LG5,III,40,,30,Low
iB_12917,TC014690,LG5,III,40,,50,Low
iB_12918,TC014701,LG5,III,30,,40,Low
iB_12919,TC014720,LG5,III,100,,30,Yes
iB_12920,TC014749,LG5,III,40,,20,Low
iB_12921,TC014771,LG5,III,40,,20,Low
iB_12922,TC014789,LG5,III,20,,30,Low
iB_12924,TC014853,LG6,III,30,,20,Low
iB_12925,TC014872,LG6,III,50,,-1,Low
iB_12926,TC014888,LG6,III,20,,-1,Low
iB_12927,TC014895,LG6,III,20,,20,Low
iB_12928,TC014918,LG6,III,60,,20,Low
iB_12929,TC014944,LG6,III,20,,10,Low
iB_12930,TC014956,LG6,III,40,,10,Low
iB_12931,TC014960,LG6,III,50,,0,Low
iB_12932,TC014961,LG6,III,30,,-1,Low
iB_12933,TC014962,LG6,III,20,,-1,Low
iB_12934,TC014988,LG6,III,40,,10,Low
iB_12935,TC015013,LG6,III,100,,40,Yes
iB_12936,TC015028,LG6,III,40,,20,Low
iB_12937,TC015041,LG6,III,50,,20,Low
iB_12938,TC015042,LG6,III,60,,10,Low
iB_12939,TC015044,LG6,III,70,,20,Low
iB_12940,TC015069,LG6,III,70,,-1,Low
iB_12941,TC015101,LG6,III,60,,-1,Low
iB_12942,TC015103,LG6,III,40,,0,Low
iB_12943,TC015149,LG6,III,30,,10,Low
iB_12944,TC015158,LG6,III,70,,0,Low
iB_12945,TC015159,LG6,III,70,,0,Low
iB_12946,TC015183,LG6,III,60,,0,Low
iB_12947,TC015201,LG6,III,80,,10,Low
iB_12948,TC015216,LG6,III,20,,-1,Low
iB_12949,TC015273,LG6,III,40,,-1,Low
iB_12950,TC015275,LG6,III,50,,20,Low
iB_12951,TC015285,LG6,III,50,,20,Low
iB_12952,TC015291,LG6,III,70,,0,Low
iB_12953,TC015294,LG6,III,30,,10,Low
iB_12954,TC015296,LG6,III,60,,30,Low
iB_12955,TC015299,LG6,III,60,,-1,Low
iB_12956,TC015309,LG6,III,40,,-1,Low
iB_12957,TC015339,LG6,III,50,,0,Low
iB_12958,TC015340,LG6,III,70,,10,Low
iB_12959,TC015342,LG6,III,70,,0,Low
iB_12960,TC015343,LG6,III,60,,20,Low
iB_12961,TC015374,LG6,III,70,,20,Low
iB_12962,TC015376,LG6,III,70,,10,Low
iB_12963,TC015377,LG6,III,60,,-1,Low
iB_12964,TC015395,LG6,III,50,,-1,Low
iB_12965,TC015400,LG6,III,70,,10,Low
iB_12966,TC015418,LG6,III,60,,20,Low
iB_12967,TC015423,LG6,III,50,,0,Low
iB_12968,TC015428,LG6,III,70,,0,Low
iB_12969,TC015442,LG6,III,60,,0,Low
iB_12970,TC015443,LG6,III,70,,-1,Low
iB_12971,TC015463,LG6,III,90,,-1,High
iB_12972,TC015473,LG6,III,20,,10,Low
iB_12973,TC015474,LG6,III,40,,20,Low
iB_12974,TC015512,LG6,III,60,,0,Low
iB_12975,TC015520,LG6,III,50,,20,Low
iB_12976,TC015521,LG6,III,40,,0,Low
iB_12977,TC015538,LG6,III,30,,20,Low
iB_12978,TC015553,LG6,III,50,,-1,Low
iB_12979,TC015579,LG6,III,20,,-1,Low
iB_12980,TC015583,LG6,III,40,,10,Low
iB_12981,TC015609,LG6,III,40,,20,Low
iB_12982,TC015610,LG6,III,50,,10,Low
iB_12983,TC015633,LG6,III,40,,20,Low
iB_12984,TC015643,LG6,III,50,,10,Low
iB_12985,TC015654,LG6,III,100,,10,Yes
iB_12986,TC015657,LG6,III,70,,-1,Low
iB_12987,TC015691,LG6,III,20,,-1,Low
iB_12988,TC015711,LG6,III,30,,30,Low
iB_12989,TC015715,LG6,III,30,,10,Low
iB_12990,TC015720,LG6,III,60,,10,Low
iB_12991,TC015754,LG6,III,30,,10,Low
iB_12992,TC015757,LG6,III,30,,20,Low
iB_12993,TC015763,LG6,III,30,,20,Low
iB_12994,TC015780,LG6,III,60,,-1,Low
iB_12995,TC015806,LG6,III,70,,20,Low
iB_12996,TC015808,LG6,III,70,,20,Low
iB_12997,TC015826,LG6,III,50,,10,Low
iB_12998,TC015831,LG6,III,60,,0,Low
iB_12999,TC015856,LG6,III,60,,0,Low
iB_13000,TC015888,LG7,III,50,,0,Low
iB_13001,TC015901,LG7,III,20,,-1,Low
iB_13002,TC015908,LG7,III,50,,-1,Low
iB_13003,TC015910,LG7,III,100,,0,Yes
iB_13004,TC015928,LG7,III,30,,10,Low
iB_13006,TC015973,LG8,III,40,,10,Low
iB_13007,TC015977,LG8,III,70,,20,Low
iB_13008,TC015980,LG8,III,60,,-1,Low
iB_13009,TC015984,LG8,III,50,,-1,Low
iB_13010,TC015991,LG8,III,60,,30,Low
iB_13011,TC015996,LG8,III,50,,10,Low
iB_13012,TC015998,LG8,III,50,,10,Low
iB_13016,TC016070,LG10,III,10,,10,Low
iB_13017,TC016074,LG10,III,40,,30,Low
iB_13018,TC016078,LG10,III,30,,30,Low
iB_13019,TC016079,LG10,III,60,,-1,Low
iB_13023,TC016155,LG2,III,60,,30,Low
iB_13025,TC016258,LG9,III,40,,10,Low
iB_13026,TC016280,LG9,III,40,,-1,Low
iB_13027,TC016281,LG9,III,40,,-1,Low
iB_13028,TC016296,LG9,III,40,,50,Low
iB_13031,TC016340,LG7,III,40,,0,Low
iB_13032,TC016346,LG7,III,40,,10,Low
iB_13033,TC016347,LG7,III,90,,20,High
iB_13034,TC016366,LG7,III,100,,-1,Yes
iB_13039,TC030006,LG2,III,30,,0,Low
iB_13040,TC030022,LG5,III,50,,10,Low
iB_13041,TC030044,LG6,III,100,,20,Yes
iB_13042,TC030045,LG7,III,30,,-1,Low
iB_13043,TC030046,LG7,III,50,,10,Low
iB_13044,TC030047,LG7,III,70,,40,Low
iB_13045,TC030048,LG7,III,50,,30,Low
iB_13046,TC030049,LG7,III,40,,40,Low
iB_13047,TC030050,LG7,III,40,,30,Low
iB_13049,TC030105,LG5,III,60,,-1,Low
iB_13050,TC030109,LG5,III,40,,-1,Low
iB_13051,TC030121,LG6,III,40,,10,Low
iB_13053,TC030137,LG6,III,40,,40,Low
iB_13054,TC030139,LG6,III,40,,20,Low
iB_13055,TC030141,LG6,III,50,,30,Low
iB_13056,TC030142,LG6,III,50,,50,Low
iB_13057,TC030144,LG6,III,60,,-1,Low
iB_13058,TC030145,LG6,III,50,,-1,Low
iB_13059,TC030146,LG6,III,50,,20,Low
iB_13060,TC030147,LG6,III,20,,30,Low
iB_13061,TC030148,LG6,III,60,,20,Low
iB_13062,TC030149,LG6,III,50,,30,Low
iB_13063,TC030150,LG6,III,60,,0,Low
iB_13064,TC030155,LG7,III,60,,-1,Low
iB_13065,TC030157,LG7,III,40,,-1,Low
iB_13066,TC030158,LG7,III,50,,0,Low
iB_13069,TC030162,LG2,III,50,,20,Low
iB_13070,TC030163,LG8,III,60,,10,Low
iB_13071,TC030164,LG6,III,60,,30,Low
iB_13072,TC030166,LG6,III,60,,-1,Low
iB_13073,TC030167,LG6,III,60,,-1,Low
iB_13074,TC030168,LG2,III,30,,40,Low
iB_13075,TC030176,LG6,III,50,,10,Low
iB_13076,TC030177,LG6,III,60,,40,Low
iB_13077,TC030179,LG2,III,70,,20,Low
iB_13078,TC030180,LG2,III,60,,30,Low
iB_13079,TC030183,LG3,III,50,,10,Low
iB_13081,TC030190,LG4,III,70,,-1,Low
iB_13082,TC030193,LG4,III,70,,20,Low
iB_13083,TC030197,LG4,III,40,,30,Low
iB_13084,TC030198,LG7,III,20,,20,Low
iB_13085,TC030199,LG7,III,60,,10,Low
iB_13086,TC030200,LG7,III,50,,0,Low
iB_13087,TC030201,LG7,III,70,,-1,Low
iB_13088,TC030202,LG7,III,40,,-1,Low
iB_13089,TC030203,LG7,III,70,,50,Low
iB_13090,TC030204,LG7,III,90,,60,High
iB_13091,TC030205,LG7,III,60,,10,Low
iB_13092,TC030206,LG7,III,60,,10,Low
iB_13093,TC030208,LG7,III,50,,10,Low
iB_13094,TC030210,LG7,III,60,,20,Low
iB_13095,TC030214,LG7,III,60,,-1,Low
iB_13096,TC030215,LG7,III,70,,-1,Low
iB_13097,TC030216,LG7,III,40,,40,Low
iB_13098,TC030222,LG7,III,70,,20,Low
iB_13099,TC030225,LG7,III,80,,30,Low
iB_13100,TC030227,LG3,III,50,,10,Low
iB_13101,TC030228,LG3,III,60,,30,Low
iB_13106,TC030241,LG2,III,40,,0,Low
iB_13107,TC030244,LG7,III,80,,10,Low
iB_13108,TC030246,LG6,III,90,,0,High
iB_13110,TC030252,LG2,III,60,,30,Low
iB_13111,TC030253,LG2,III,50,,0,Low
iB_13112,TC030254,LG5,III,80,,20,Low
iB_13113,TC030255,LG2,III,80,,20,Low
iB_13114,TC030258,LG2,III,70,,20,Low
iB_13115,TC030259,LG2,III,80,,0,Low
iB_13116,TC030260,LG2,III,50,,10,Low
iB_13117,TC030261,LG2,III,60,,0,Low
iB_13118,TC030263,LG2,III,60,,20,Low
iB_13119,TC030264,LG2,III,50,,20,Low
iB_13120,TC030266,LG2,III,60,,10,Low
iB_13121,TC030271,LG7,III,60,,0,Low
iB_13122,TC030275,LG8,III,70,,20,Low
iB_13123,TC030276,LG5,III,70,,0,Low
iB_13124,TC030277,LG5,III,50,,20,Low
iB_13125,TC030279,LG3,III,70,,0,Low
iB_13126,TC030314,LG4,III,70,,0,Low
iB_13127,TC030315,LG2,III,70,,0,Low
iB_13128,TC030318,LG2,III,90,,0,High
iB_13129,TC030321,LG4,III,80,,20,Low
iB_13130,TC030334,LG2,III,80,,20,Low
iB_13131,TC030338,LG4,III,80,,10,Low
iB_13132,TC030349,LG4,III,50,,20,Low
iB_13133,TC030351,LG4,III,40,,0,Low
iB_13134,TC030352,LG4,III,40,,0,Low
iB_13135,TC030356,LG3,III,50,,10,Low
iB_13136,TC030357,LG3,III,80,,20,Low
iB_13137,TC030359,LG3,III,50,,30,Low
iB_13138,TC030360,LG3,III,50,,20,Low
iB_13139,TC030361,LG3,III,60,,20,Low
iB_13140,TC030368,LG3,III,70,,20,Low
iB_13141,TC030370,LG3,III,80,,20,Low
iB_13142,TC030372,LG3,III,60,,20,Low
iB_13143,TC030377,LG3,III,30,,0,Low
iB_13144,TC030384,LG3,III,40,,0,Low
iB_13145,TC030388,LG3,III,70,,0,Low
iB_13146,TC030390,LG6,III,50,,20,Low
iB_13150,TC030402,LG5,III,70,,0,Low
iB_13151,TC030408,LG3,III,40,,30,Low
iB_13152,TC030409,LG3,III,90,,20,High
iB_13153,TC030410,LG3,III,70,,10,Low
iB_13154,TC030411,LG3,III,60,,0,Low
iB_13155,TC030412,LG3,III,70,,30,Low
iB_13156,TC030413,LG3,III,50,,0,Low
iB_13157,TC030414,LG3,III,50,,10,Low
iB_13158,TC030415,LG3,III,60,,20,Low
iB_13159,TC030419,LG3,III,70,,30,Low
iB_13160,TC030423,LG3,III,70,,10,Low
iB_13161,TC030424,LG3,III,60,,0,Low
iB_13162,TC030425,LG10,III,60,,0,Low
iB_13163,TC030430,LG10,III,70,,20,Low
iB_13164,TC030431,LG2,III,60,,10,Low
iB_13165,TC030443,LG6,III,70,,10,Low
iB_13166,TC030445,LG4,III,70,,20,Low
iB_13167,TC030447,LG7,III,60,,0,Low
iB_13168,TC030448,LG10,III,70,,0,Low
iB_13169,TC030449,LG3,III,70,,0,Low
iB_13170,TC030450,LG9,III,70,,20,Low
iB_13171,TC030451,LG5,III,20,,30,Low
iB_13172,TC030463,LGX,III,30,,30,Low
iB_13173,TC030556,LG5,III,60,,0,Low
iB_13174,TC030562,LG2,III,60,,10,Low
iB_13175,TC030565,LG3,III,20,,10,Low
iB_13176,TC030568,LG3,III,40,,30,Low
iB_13177,TC030602,LG9,III,40,,0,Low
iB_13178,TC030606,LG4,III,20,,10,Low
iB_13179,TC030615,LG4,III,50,,0,Low
iB_13180,TC030617,LG9,III,50,,10,Low
iB_13181,TC030646,LG6,III,70,,10,Low
iB_13182,TC030665,LG5,III,50,,10,Low
iB_13183,TC030677,LG7,III,70,,50,Low
iB_13184,TC030678,LG5,III,100,,40,Yes
iB_13185,TC030692,LG7,III,50,,10,Low
iB_13186,TC030694,LG9,III,100,,40,Yes
iB_13187,TC030695,LG8,III,50,,10,Low
iB_13188,TC030697,LG3,III,90,,40,High
iB_13189,TC030737,LG10,III,60,,60,Low
iB_13190,TC030774,LG5,III,40,,30,Low
iB_13191,TC030878,LG6,III,50,,0,Low
iB_13192,TC030883,LGX,III,40,,30,Low
iB_13193,TC030891,LGX,III,40,,10,Low
iB_13194,TC030897,LG8,III,30,,10,Low
iB_13195,TC030909,LG6,III,80,,0,Low
iB_13196,TC030982,LG2,III,60,,0,Low
iB_13197,TC031005,LG2,III,60,,10,Low
iB_13198,TC031013,LG2,III,50,,10,Low
iB_13199,TC031030,LG3,III,60,,20,Low
iB_13200,TC031034,LG3,III,30,,0,Low
iB_13201,TC031057,LG3,III,50,,20,Low
iB_13203,TC031148,LG5,III,70,,20,Low
iB_13204,TC031149,LG5,III,40,,10,Low
iB_13205,TC031154,LG5,III,10,,30,Low
iB_13206,TC031155,LG5,III,0,,30,Low
iB_13209,TC031183,LG7,III,60,,10,Low
iB_13210,TC031204,LG7,III,60,,10,Low
iB_13211,TC031209,LG7,III,40,,30,Low
iB_13213,TC031234,LG8,III,60,,30,Low
iB_13214,TC031240,LG9,III,30,,20,Low
iB_13215,TC031253,LG9,III,80,,10,Low
iB_13216,TC031266,LG8,III,50,,10,Low
iB_13217,TC031269,LG8,III,40,,10,Low
iB_13218,TC031280,LG8,III,30,,30,Low
iB_13219,TC031297,LG8,III,60,,20,Low
iB_13220,TC031314,LG10,III,50,,10,Low
iB_13221,TC031328,LG10,III,50,,10,Low
iB_13222,TC031331,LG10,III,60,,10,Low
iB_13223,TC031350,LG10,III,20,,0,Low
iB_13224,TC031358,LG10,III,50,,30,Low
iB_13225,TC031368,LG10,III,50,,40,Low
iB_13226,TC031385,LG10,III,60,,0,Low
iB_13227,TC031390,LG10,III,60,,20,Low
iB_13228,TC031396,LG10,III,40,,20,Low
iB_13229,TC031403,LG10,III,40,,10,Low
iB_13230,TC031410,LG10,III,70,,0,Low
iB_13231,TC031422,LG10,III,60,,20,Low
iB_13232,TC031448,LG10,III,70,,10,Low
iB_13233,TC031449,LG10,III,50,,10,Low
iB_13234,TC031461,LGX,III,50,,10,Low
iB_13235,TC031465,LGX,III,60,,30,Low
iB_13236,TC031466,LGX,III,40,,0,Low
iB_13237,TC031503,LGX,III,100,,40,Yes
iB_13238,TC031506,LGX,III,60,,0,Low
iB_13239,TC031512,LGX,III,70,,0,Low
iB_13240,TC031525,LGX,III,50,,10,Low
iB_13241,TC031528,LGX,III,60,,20,Low
iB_13242,TC031546,LGX,III,40,,10,Low
iB_13243,TC031549,LGX,III,60,,10,Low
iB_13244,TC031579,LGX,III,70,,10,Low
iB_13245,TC031581,LGX,III,60,,0,Low
iB_13250,TC031634,LG10,III,50,,0,Low
iB_13251,TC031642,LG10,III,40,,40,Low
iB_13252,TC031646,LG10,III,20,,0,Low
iB_13276,TC031959,LG2,III,40,,60,Low
iB_13277,TC031978,LG2,III,40,,40,Low
iB_13278,TC031980,LG2,III,30,,10,Low
iB_13279,TC032002,LG2,III,40,,10,Low
iB_13280,TC032024,LG2,III,70,,10,Low
iB_13281,TC032032,LG2,III,20,,40,Low
iB_13282,TC032033,LG2,III,70,,0,Low
iB_13283,TC032052,LG2,III,50,,20,Low
iB_13284,TC032053,LG2,III,60,,0,Low
iB_13285,TC032057,LG2,III,40,,10,Low
iB_13286,TC032059,LG2,III,70,,0,Low
iB_13287,TC032061,LG2,III,30,,0,Low
iB_13288,TC032072,LG2,III,40,,30,Low
iB_13289,TC032075,LG2,III,20,,0,Low
iB_13290,TC032076,LG2,III,20,,10,Low
iB_13291,TC032092,LG2,III,40,,10,Low
iB_13292,TC032098,LG2,III,40,,10,Low
iB_13293,TC032113,LG2,III,10,,30,Low
iB_13294,TC032125,LG2,III,10,,0,Low
iB_13295,TC032130,LG2,III,10,,20,Low
iB_13296,TC032136,LG2,III,20,,30,Low
iB_13297,TC032143,LG2,III,50,,20,Low
iB_13298,TC032152,LG2,III,20,,10,Low
iB_13299,TC032156,LG2,III,30,,30,Low
iB_13300,TC032170,LG2,III,10,,10,Low
iB_13301,TC032181,LG2,III,30,,0,Low
iB_13302,TC032189,LG2,III,40,,30,Low
iB_13303,TC032204,LG2,III,20,,40,Low
iB_13304,TC032206,LG2,III,30,,10,Low
iB_13305,TC032216,LG2,III,100,,50,Yes
iB_13306,TC032256,LG2,III,100,,10,Yes
iB_13307,TC032263,LG2,III,20,,20,Low
iB_13308,TC032265,LG2,III,50,,40,Low
iB_13309,TC032283,LG2,III,0,,20,Low
iB_13310,TC032284,LG2,III,10,,30,Low
iB_13311,TC032296,LG2,III,50,,60,Low
iB_13312,TC032297,LG2,III,20,,40,Low
iB_13313,TC032304,LG3,III,10,,30,Low
iB_13314,TC032305,LG3,III,60,,10,Low
iB_13315,TC032323,LG3,III,50,,10,Low
iB_13316,TC032328,LG3,III,50,,0,Low
iB_13317,TC032330,LG3,III,10,,30,Low
iB_13318,TC032337,LG3,III,10,,20,Low
iB_13319,TC032346,LG3,III,30,,10,Low
iB_13320,TC032374,LG3,III,40,,10,Low
iB_13321,TC032420,LG3,III,0,,0,Low
iB_13322,TC032430,LG3,III,40,,10,Low
iB_13323,TC032439,LG3,III,20,,40,Low
iB_13324,TC032466,LG3,III,30,,10,Low
iB_13325,TC032503,LG3,III,20,,30,Low
iB_13326,TC032504,LG3,III,40,,10,Low
iB_13327,TC032509,LG3,III,80,,10,Low
iB_13328,TC032536,LG3,III,80,,10,Low
iB_13329,TC032538,LG3,III,70,,10,Low
iB_13330,TC032557,LG3,III,80,,30,Low
iB_13331,TC032558,LG3,III,90,,10,High
iB_13332,TC032568,LG3,III,20,,20,Low
iB_13333,TC032576,LG3,III,30,,20,Low
iB_13334,TC032578,LG3,III,50,,10,Low
iB_13335,TC032603,LG3,III,50,,10,Low
iB_13336,TC032611,LG3,III,30,,40,Low
iB_13337,TC032619,LG3,III,60,,20,Low
iB_13338,TC032622,LG3,III,50,,20,Low
iB_13339,TC032653,LG3,III,20,,10,Low
iB_13340,TC032655,LG3,III,60,,10,Low
iB_13341,TC032657,LG3,III,60,,20,Low
iB_13342,TC032675,LG3,III,40,,30,Low
iB_13343,TC032685,LG3,III,30,,10,Low
iB_13344,TC032723,LG4,III,70,,20,Low
iB_13345,TC032731,LG4,III,70,,20,Low
iB_13346,TC032732,LG4,III,80,,40,Low
iB_13347,TC032734,LG4,III,40,,30,Low
iB_13348,TC032736,LG4,III,40,,30,Low
iB_13349,TC032740,LG4,III,70,,20,Low
iB_13350,TC032751,LG4,III,60,,10,Low
iB_13351,TC032759,LG4,III,60,,10,Low
iB_13352,TC032772,LG4,III,70,,0,Low
iB_13353,TC032777,LG4,III,80,,30,Low
iB_13354,TC032785,LG4,III,60,,10,Low
iB_13355,TC032788,LG4,III,60,,0,Low
iB_13356,TC032796,LG4,III,60,,40,Low
iB_13357,TC032806,LG4,III,60,,0,Low
iB_13358,TC032811,LG4,III,40,,20,Low
iB_13359,TC032823,LG4,III,70,,0,Low
iB_13360,TC032827,LG4,III,70,,30,Low
iB_13361,TC032833,LG4,III,70,,10,Low
iB_13362,TC032835,LG4,III,60,,10,Low
iB_13363,TC032872,LG4,III,80,,40,Low
iB_13364,TC032874,LG4,III,30,,0,Low
iB_13365,TC032904,LG4,III,40,,10,Low
iB_13366,TC032905,LG4,III,20,,0,Low
iB_13367,TC032932,LG4,III,80,,10,Low
iB_13368,TC032937,LG4,III,70,,40,Low
iB_13369,TC032945,LG4,III,50,,30,Low
iB_13370,TC032957,LG4,III,70,,20,Low
iB_13372,TC032968,LG2,III,50,,30,Low
iB_13374,TC033005,LG5,III,100,,10,Yes
iB_13375,TC033015,LG5,III,60,,20,Low
iB_13376,TC033037,LG5,III,100,,60,Yes
iB_13377,TC033044,LG5,III,70,,40,Low
iB_13378,TC033063,LG5,III,50,,50,Low
iB_13379,TC033064,LG5,III,40,,20,Low
iB_13380,TC033093,LG5,III,20,,10,Low
iB_13381,TC033098,LG5,III,60,,0,Low
iB_13382,TC033119,LG5,III,60,,40,Low
iB_13383,TC033125,LG5,III,40,,10,Low
iB_13384,TC033142,LG5,III,50,,10,Low
iB_13385,TC033143,LG5,III,50,,10,Low
iB_13386,TC033146,LG5,III,40,,10,Low
iB_13387,TC033151,LG5,III,60,,-1,Low
iB_13388,TC033176,LG5,III,30,,-1,Low
iB_13389,TC033199,LG5,III,40,,10,Low
iB_13390,TC033207,LG5,III,70,,10,Low
iB_13391,TC033210,LG5,III,40,,50,Low
iB_13392,TC033226,LG5,III,50,,20,Low
iB_13393,TC033231,LG5,III,50,,10,Low
iB_13394,TC033234,LG5,III,40,,-1,Low
iB_13395,TC033238,LG5,III,40,,-1,Low
iB_13396,TC033240,LG5,III,60,,10,Low
iB_13397,TC033244,LG5,III,70,,10,Low
iB_13398,TC033245,LG5,III,50,,20,Low
iB_13399,TC033250,LG5,III,60,,30,Low
iB_13400,TC033252,LG5,III,10,,30,Low
iB_13401,TC033255,LG5,III,40,,30,Low
iB_13402,TC033257,LG5,III,40,,-1,Low
iB_13405,TC033301,LG6,III,20,,0,Low
iB_13406,TC033302,LG6,III,60,,10,Low
iB_13407,TC033305,LG6,III,30,,0,Low
iB_13408,TC033315,LG6,III,40,,10,Low
iB_13409,TC033319,LG6,III,20,,10,Low
iB_13410,TC033327,LG6,III,50,,-1,Low
iB_13411,TC033342,LG8,III,70,,10,Low
iB_13412,TC033348,LG8,III,20,,30,Low
iB_13413,TC033387,LG6,III,40,,10,Low
iB_13414,TC033390,LG6,III,30,,10,Low
iB_13415,TC033397,LG6,III,30,,30,Low
iB_13416,TC033407,LG6,III,40,,20,Low
iB_13417,TC033408,LG6,III,60,,-1,Low
iB_13418,TC033437,LG6,III,40,,-1,Low
iB_13419,TC033440,LG6,III,50,,10,Low
iB_13420,TC033443,LG6,III,60,,0,Low
iB_13421,TC033453,LG6,III,20,,20,Low
iB_13423,TC033495,LG8,III,10,,30,Low
iB_13424,TC033496,LG8,III,10,,50,Low
iB_13425,TC033498,LG8,III,60,,-1,Low
iB_13426,TC033506,LG7,III,20,,-1,Low
iB_13427,TC033511,LG7,III,40,,10,Low
iB_13428,TC033512,LG7,III,30,,40,Low
iB_13429,TC033513,LG7,III,40,,10,Low
iB_13430,TC033517,LG7,III,40,,10,Low
iB_13431,TC033531,LG7,III,20,,50,Low
iB_13432,TC033532,LG7,III,10,,-1,Low
iB_13433,TC033546,LG7,III,40,,-1,Low
iB_13434,TC033556,LG7,III,70,,30,Low
iB_13435,TC033564,LG7,III,10,,30,Low
iB_13436,TC033565,LG7,III,50,,20,Low
iB_13437,TC033571,LG7,III,20,,30,Low
iB_13438,TC033583,LG7,III,60,,20,Low
iB_13439,TC033607,LG7,III,10,,20,Low
iB_13440,TC033612,LG7,III,40,,-1,Low
iB_13441,TC033616,LG7,III,30,,-1,Low
iB_13442,TC033617,LG7,III,40,,10,Low
iB_13443,TC033629,LG7,III,40,,30,Low
iB_13444,TC033633,LG7,III,50,,50,Low
iB_13445,TC033650,LG7,III,40,,0,Low
iB_13446,TC033680,LG7,III,60,,20,Low
iB_13447,TC033682,LG7,III,40,,20,Low
iB_13448,TC033689,LG7,III,50,,-1,Low
iB_13449,TC033701,LG7,III,30,,-1,Low
iB_13450,TC033704,LG7,III,20,,20,Low
iB_13451,TC033709,LG7,III,40,,0,Low
iB_13452,TC033710,LG7,III,30,,10,Low
iB_13453,TC033732,LG7,III,50,,10,Low
iB_13454,TC033733,LG7,III,40,,0,Low
iB_13455,TC033734,LG7,III,30,,-1,Low
iB_13456,TC033739,LG7,III,40,,-1,Low
iB_13457,TC033748,LG7,III,20,,30,Low
iB_13458,TC033750,LG7,III,60,,50,Low
iB_13459,TC033772,LG7,III,70,,0,Low
iB_13460,TC033775,LG7,III,40,,10,Low
iB_13461,TC033792,LG7,III,50,,0,Low
iB_13462,TC033825,LG7,III,60,,10,Low
iB_13463,TC033830,LG7,III,50,,-1,Low
iB_13464,TC033834,LG7,III,60,,-1,Low
iB_13465,TC033845,LG7,III,40,,50,Low
iB_13466,TC033847,LG7,III,60,,30,Low
iB_13467,TC033866,LG7,III,30,,30,Low
iB_13468,TC033872,LG7,III,50,,0,Low
iB_13469,TC033879,LG7,III,30,,30,Low
iB_13470,TC033891,LG7,III,50,,-1,Low
iB_13471,TC033894,LG7,III,0,,-1,Low
iB_13473,TC033920,LG8,III,40,,-1,Low
iB_13474,TC033927,LG8,III,50,,-1,Low
iB_13475,TC033951,LG8,III,60,,10,Low
iB_13476,TC033970,LG8,III,40,,10,Low
iB_13477,TC033973,LG8,III,70,,20,Low
iB_13478,TC034010,LG8,III,10,,30,Low
iB_13479,TC034016,LG8,III,50,,30,Low
iB_13480,TC034021,LG8,III,0,,30,Low
iB_13481,TC034049,LG8,III,50,,-1,Low
iB_13482,TC034056,LG8,III,60,,-1,Low
iB_13483,TC034084,LG8,III,30,,0,Low
iB_13484,TC034089,LG8,III,30,,50,Low
iB_13485,TC034092,LG8,III,10,,30,Low
iB_13486,TC034098,LG8,III,30,,30,Low
iB_13487,TC034106,LG8,III,40,,30,Low
iB_13488,TC034126,LG8,III,40,,-1,Low
iB_13489,TC034137,LG8,III,40,,-1,Low
iB_13490,TC034143,LG8,III,30,,10,Low
iB_13491,TC034184,LG8,III,20,,50,Low
iB_13492,TC034186,LG8,III,50,,10,Low
iB_13493,TC034194,LG8,III,40,,50,Low
iB_13496,TC034216,LGX,III,40,,-1,Low
iB_13497,TC034217,LGX,III,80,,-1,Low
iB_13498,TC034222,LG9,III,40,,20,Low
iB_13499,TC034240,LG9,III,60,,20,Low
iB_13500,TC034241,LG9,III,30,,10,Low
iB_13501,TC034244,LG9,III,40,,50,Low
iB_13502,TC034247,LG9,III,50,,40,Low
iB_13503,TC034249,LG9,III,30,,-1,Low
iB_13504,TC034251,LG9,III,70,,-1,Low
iB_13505,TC034283,LG9,III,50,,30,Low
iB_13506,TC034292,LG9,III,40,,30,Low
iB_13507,TC034300,LG9,III,50,,10,Low
iB_13508,TC034326,LG9,III,80,,30,Low
iB_13509,TC034333,LG9,III,60,,30,Low
iB_13510,TC034352,LG9,III,60,,20,Low
iB_13511,TC034360,LG9,III,10,,-1,Low
iB_13512,TC034373,LG9,III,60,,-1,Low
iB_13513,TC034378,LG9,III,50,,20,Low
iB_13514,TC034393,LG9,III,40,,40,Low
iB_13515,TC034397,LG9,III,50,,20,Low
iB_13516,TC034404,LG9,III,40,,10,Low
iB_13517,TC034407,LG9,III,90,,100,High
iB_13518,TC034413,LG9,III,40,,70,Low
iB_13519,TC034416,LG9,III,80,,-1,Low
iB_13520,TC034418,LG9,III,10,,30,Low
iB_13521,TC034419,LG9,III,50,,10,Low
iB_13522,TC034424,LG9,III,0,,20,Low
iB_13523,TC034433,LG9,III,10,,10,Low
iB_13524,TC034440,LG9,III,20,,50,Low
iB_13525,TC034455,LG9,III,10,,20,Low
iB_13526,TC034459,LG9,III,20,,-1,Low
iB_13527,TC034461,LG9,III,10,,-1,Low
iB_13528,TC034464,LG9,III,30,,20,Low
iB_13529,TC034472,LG9,III,10,,20,Low
iB_13530,TC034475,LG9,III,40,,10,Low
iB_13531,TC034478,LG9,III,20,,30,Low
iB_13532,TC034483,LG9,III,10,,50,Low
iB_13535,TC034504,LG5,III,30,,-1,Low
iB_13536,TC034529,LGX,III,40,,30,Low
iB_13537,TC034547,LG2,III,30,,30,Low
iB_13538,TC034552,LG2,III,20,,30,Low
iB_13539,TC034560,LG2,III,10,,30,Low
iB_13540,TC034564,LG2,III,30,,40,Low
iB_13541,TC034598,LG2,III,10,,30,Low
iB_13542,TC034606,LG3,III,20,,-1,Low
iB_13543,TC034607,LG3,III,30,,-1,Low
iB_13544,TC034620,LG3,III,10,,0,Low
iB_13545,TC034624,LG3,III,20,,40,Low
iB_13546,TC034629,LG3,III,100,,30,Yes
iB_13547,TC034640,LG3,III,0,,20,Low
iB_13548,TC034641,LG4,III,20,,20,Low
iB_13549,TC034642,LG4,III,30,,-1,Low
iB_13550,TC034643,LG4,III,10,,-1,Low
iB_13551,TC034645,LG4,III,60,,30,Low
iB_13552,TC034655,LG4,III,10,,50,Low
iB_13553,TC034656,LG4,III,40,,30,Low
iB_13554,TC034662,LG4,III,20,,50,Low
iB_13555,TC034666,LG4,III,30,,10,Low
iB_13556,TC034670,LG4,III,40,,20,Low
iB_13557,TC034671,LG4,III,10,,-1,Low
iB_13558,TC034684,LG5,III,20,,20,Low
iB_13559,TC034685,LG5,III,50,,20,Low
iB_13560,TC034694,LG5,III,20,,10,Low
iB_13561,TC034701,LG5,III,40,,20,Low
iB_13562,TC034704,LG5,III,20,,30,Low
iB_13563,TC034717,LG6,III,30,,30,Low
iB_13564,TC034723,LG6,III,40,,40,Low
iB_13565,TC034733,LG6,III,20,,10,Low
iB_13566,TC034745,LG6,III,40,,40,Low
iB_13567,TC034751,LG7,III,30,,10,Low
iB_13568,TC034761,LG7,III,30,,10,Low
iB_13569,TC034771,LG7,III,40,,30,Low
iB_13570,TC034779,LG7,III,20,,10,Low
iB_13571,TC034786,LG7,III,20,,10,Low
iB_13572,TC034796,LG7,III,50,,10,Low
iB_13573,TC034803,LG7,III,50,,50,Low
iB_13574,TC034827,LG8,III,30,,40,Low
iB_13575,TC034829,LG8,III,50,,10,Low
iB_13576,TC034847,LG8,III,60,,10,Low
iB_13577,TC034895,LG9,III,30,,20,Low
iB_13578,TC034897,LG10,III,50,,0,Low
iB_13587,TC035050,LG7,III,60,,20,Low
iB_13588,TC035053,LG9,III,60,,30,Low
iB_13590,TC000074,LG3,III,30,,30,Low
iB_13591,TC000075,LG3,III,80,,30,Low
iB_13592,TC000268,LG2,III,100,,100,Yes
iB_13593,TC000374,LG2,III,20,,20,Low
iB_13594,TC000638,LG2,III,20,,20,Low
iB_13595,TC000679,LG2,III,50,,30,Low
iB_13596,TC000680,LG2,III,40,,0,Low
iB_13597,TC000717,LG2,III,10,,10,Low
iB_13598,TC000987,LG2,III,40,,30,Low
iB_13599,TC001149,LG2,III,50,,30,Low
iB_13600,TC001314,LG2,III,0,,10,Low
iB_13601,TC001564,LG3,III,20,,0,Low
iB_13602,TC001666,LG9,III,40,,0,Low
iB_13603,TC001700,LGX,III,40,,10,Low
iB_13609,TC002661,LG3,III,30,,0,Low
iB_13610,TC002716,LG3,III,40,,10,Low
iB_13611,TC002918,LG3,III,30,,10,Low
iB_13612,TC003080,LG3,III,10,,40,Low
iB_13616,TC004361,LG10,III,50,,0,Low
iB_13617,TC004540,LG2,III,40,,0,Low
iB_13618,TC004744,LGX,III,50,,10,Low
iB_13619,TC005085,LG8,III,70,,10,Low
iB_13620,TC005176,LGX,III,40,,20,Low
iB_13621,TC005226,LG2,III,50,,10,Low
iB_13622,TC005230,LG2,III,40,,20,Low
iB_13623,TC005386,LG8,III,20,,10,Low
iB_13624,TC005412,LG8,III,30,,20,Low
iB_13625,TC005413,LG8,III,40,,0,Low
iB_13626,TC005432,LG8,III,20,,30,Low
iB_13627,TC005442,LG8,III,50,,30,Low
iB_13628,TC005475,LG8,III,40,,10,Low
iB_13629,TC005476,LG8,III,50,,10,Low
iB_13630,TC005482,LG8,III,20,,10,Low
iB_13631,TC005534,LG8,III,30,,20,Low
iB_13632,TC005557,LG8,III,80,,20,Low
iB_13633,TC005953,LG8,III,50,,10,Low
iB_13634,TC006044,LG8,III,40,,10,Low
iB_13635,TC006110,LG8,III,80,,20,Low
iB_13636,TC006131,LG8,III,40,,0,Low
iB_13637,TC006157,LG8,III,70,,20,Low
iB_13638,TC006567,LG8,III,100,,10,Yes
iB_13639,TC006626,LG8,III,60,,20,Low
iB_13641,TC007003,LG4,III,50,,30,Low
iB_13642,TC007478,LG4,III,70,,30,Low
iB_13643,TC007508,LG4,III,30,,20,Low
iB_13644,TC007860,LG4,III,40,,0,Low
iB_13645,TC007941,LG4,III,70,,30,Low
iB_13646,TC008769,LG7,III,60,,20,Low
iB_13647,TC009071,LG7,III,40,,10,Low
iB_13648,TC009171,LG7,III,80,,20,Low
iB_13649,TC010054,LG3,III,60,,20,Low
iB_13650,TC010057,LG3,III,70,,10,Low
iB_13651,TC010096,LG3,III,40,,0,Low
iB_13652,TC010554,LG3,III,50,,30,Low
iB_13655,TC011307,LG9,III,70,,20,Low
iB_13656,TC011350,LG10,III,50,,30,Low
iB_13657,TC011882,LG9,III,50,,20,Low
iB_13658,TC012109,LG9,III,50,,0,Low
iB_13659,TC012281,LG9,III,50,,20,Low
iB_13660,TC012397,LG9,III,80,,10,Low
iB_13661,TC012537,LG9,III,80,,30,Low
iB_13662,TC012546,LG9,III,80,,-1,Low
iB_13663,TC012566,LG9,III,50,,0,Low
iB_13664,TC012575,LG9,III,60,,10,Low
iB_13665,TC012625,LG9,III,70,,10,Low
iB_13666,TC012634,LG9,III,70,,20,Low
iB_13667,TC012635,LG9,III,80,,40,Low
iB_13668,TC012757,LG9,III,50,,40,Low
iB_13669,TC012766,LG9,III,40,,-1,Low
iB_13670,TC012951,LG10,III,30,,20,Low
iB_13671,TC013045,LG5,III,80,,0,Low
iB_13672,TC013090,LG5,III,40,,20,Low
iB_13673,TC013464,LG5,III,60,,0,Low
iB_13674,TC013582,LGX,III,50,,30,Low
iB_13675,TC013602,LGX,III,30,,20,Low
iB_13676,TC013684,LG5,III,20,,-1,Low
iB_13677,TC013821,LG5,III,40,,10,Low
iB_13678,TC013988,LG5,III,30,,10,Low
iB_13679,TC013992,LG5,III,60,,0,Low
iB_13680,TC014087,LG5,III,60,,10,Low
iB_13681,TC014091,LG5,III,70,,20,Low
iB_13682,TC014500,LG5,III,50,,40,Low
iB_13683,TC014826,LG5,III,40,,50,Low
iB_13684,TC015043,LG6,III,20,,-1,Low
iB_13685,TC015490,LG6,III,40,,20,Low
iB_13687,TC016300,LG9,III,60,,10,Low
iB_13689,TC030187,LG4,III,90,,10,High
iB_13690,TC030188,LG10,III,40,,30,Low
iB_13691,TC030262,LG2,III,30,,-1,Low
iB_13692,TC030268,LG6,III,30,,30,Low
iB_13693,TC030340,LG4,III,30,,20,Low
iB_13694,TC030367,LG4,III,50,,30,Low
iB_13695,TC030426,LG4,III,40,,0,Low
iB_13696,TC030542,LG7,III,30,,30,Low
iB_13697,TC030736,LG7,III,50,,30,Low
iB_13700,TC031334,LG10,III,50,,30,Low
iB_13701,TC031342,LG10,III,60,,20,Low
iB_13703,TC032060,LG2,III,30,,30,Low
iB_13704,TC032134,LG2,III,30,,10,Low
iB_13705,TC032228,LG2,III,80,,40,Low
iB_13706,TC032356,LG3,III,60,,40,Low
iB_13707,TC032365,LG3,III,30,,10,Low
iB_13708,TC032403,LG3,III,30,,0,Low
iB_13709,TC032444,LG3,III,0,,40,Low
iB_13710,TC032662,LG3,III,50,,20,Low
iB_13711,TC032724,LG4,III,30,,30,Low
iB_13712,TC032843,LG4,III,40,,0,Low
iB_13713,TC033048,LG5,III,40,,10,Low
iB_13714,TC033153,LG5,III,50,,10,Low
iB_13715,TC033334,LG6,III,20,,0,Low
iB_13716,TC033430,LG6,III,60,,20,Low
iB_13717,TC033582,LG7,III,60,,0,Low
iB_13718,TC033614,LG7,III,40,,20,Low
iB_13719,TC033690,LG7,III,20,,30,Low
iB_13720,TC033714,LG7,III,20,,20,Low
iB_13721,TC033717,LG7,III,30,,40,Low
iB_13722,TC033935,LG8,III,20,,0,Low
iB_13723,TC033974,LG8,III,20,,0,Low
iB_13724,TC034025,LG8,III,80,,10,Low
iB_13725,TC034136,LG8,III,10,,10,Low
iB_13726,TC034145,LG8,III,20,,20,Low
iB_13727,TC034361,LG9,III,30,,20,Low
iB_13728,TC034657,LG4,III,20,,20,Low
iB_13729,TC034795,LG7,III,60,,0,Low
iB_13730,TC034797,LG7,III,0,,10,Low
iB_13731,TC034875,LG9,III,50,,20,Low
iB_13732,TC034910,LG10,III,20,,10,Low
iB_13737,TC011016,LG10,III,30,,60,Low
iB_13738,TC031437,LG10,III,20,,10,Low
iB_13739,TC034703,LG5,III,20,,20,Low
iB_13743,TC008119,LG4,III,40,,40,Low
iB_13744,TC034546,LG2,III,40,,20,Low
iB_13749,TC000046,LG3,III,50,,-1,Low
iB_13750,TC000066,LG3,III,50,,-1,Low
iB_13751,TC000115,LG3,III,50,,20,Low
iB_13752,TC000116,LG3,III,50,,30,Low
iB_13753,TC000120,LG3,III,50,,10,Low
iB_13756,TC000163,LG2,III,60,,-1,Low
iB_13757,TC000168,LG2,III,50,,-1,Low
iB_13758,TC000171,LG2,III,50,,30,Low
iB_13759,TC000215,LG2,III,90,,20,High
iB_13760,TC000232,LG2,III,30,,20,Low
iB_13761,TC000233,LG2,III,40,,20,Low
iB_13762,TC000280,LG2,III,80,,40,Low
iB_13763,TC000288,LG2,III,60,,10,Low
iB_13764,TC000289,LG2,III,80,,-1,Low
iB_13765,TC000290,LG2,III,30,,-1,Low
iB_13766,TC000293,LG2,III,60,,20,Low
iB_13767,TC000323,LG2,III,10,,10,Low
iB_13768,TC000327,LG2,III,40,,30,Low
iB_13769,TC000333,LG2,III,60,,30,Low
iB_13770,TC000342,LG2,III,70,,70,Low
iB_13771,TC000351,LG2,III,60,,10,Low
iB_13772,TC000355,LG2,III,60,,-1,Low
iB_13773,TC000358,LG2,III,30,,-1,Low
iB_13774,TC000369,LG2,III,80,,50,Low
iB_13775,TC000375,LG2,III,80,,30,Low
iB_13776,TC000376,LG2,III,40,,20,Low
iB_13777,TC000397,LG2,III,50,,30,Low
iB_13778,TC000425,LG2,III,80,,30,Low
iB_13779,TC000428,LG2,III,40,,-1,Low
iB_13780,TC000432,LG2,III,80,,-1,Low
iB_13781,TC000433,LG2,III,60,,10,Low
iB_13782,TC000445,LG2,III,80,,0,Low
iB_13783,TC000453,LG2,III,90,,20,High
iB_13784,TC000465,LG2,III,100,,20,Yes
iB_13785,TC000477,LG2,III,60,,0,Low
iB_13786,TC000479,LG2,III,60,,0,Low
iB_13787,TC000491,LG2,III,70,,-1,Low
iB_13788,TC000500,LG2,III,60,,-1,Low
iB_13789,TC000538,LG2,III,90,,10,High
iB_13790,TC000552,LG2,III,70,,50,Low
iB_13791,TC000556,LG2,III,80,,10,Low
iB_13792,TC000576,LG2,III,80,,30,Low
iB_13793,TC000593,LG2,III,60,,0,Low
iB_13794,TC000675,LG2,III,40,,-1,Low
iB_13795,TC000700,LG2,III,60,,-1,Low
iB_13796,TC000727,LG2,III,90,,0,High
iB_13797,TC000736,LG2,III,50,,30,Low
iB_13798,TC000738,LG2,III,20,,0,Low
iB_13799,TC000768,LG2,III,80,,0,Low
iB_13800,TC000783,LG2,III,60,,60,Low
iB_13801,TC000806,LG2,III,40,,10,Low
iB_13802,TC000879,LG2,III,80,,-1,Low
iB_13803,TC000900,LG2,III,80,,-1,Low
iB_13804,TC000923,LG2,III,20,,10,Low
iB_13805,TC000959,LG2,III,90,,30,High
iB_13806,TC000966,LG2,III,60,,10,Low
iB_13807,TC000982,LG2,III,60,,20,Low
iB_13808,TC000985,LG2,III,60,,30,Low
iB_13809,TC001011,LG2,III,60,,10,Low
iB_13810,TC001090,LG2,III,30,,-1,Low
iB_13811,TC001097,LG2,III,60,,-1,Low
iB_13812,TC001107,LG2,III,100,,30,Yes
iB_13813,TC001114,LG2,III,70,,30,Low
iB_13814,TC001140,LG2,III,30,,10,Low
iB_13815,TC001141,LG2,III,30,,20,Low
iB_13816,TC001177,LG2,III,40,,20,Low
iB_13817,TC001237,LG2,III,60,,10,Low
iB_13818,TC001238,LG2,III,40,,-1,Low
iB_13819,TC001246,LG2,III,80,,20,Low
iB_13820,TC001266,LG2,III,70,,50,Low
iB_13821,TC001282,LG2,III,50,,10,Low
iB_13822,TC001303,LG2,III,50,,10,Low
iB_13823,TC001312,LG2,III,100,,30,Yes
iB_13824,TC001324,LG2,III,50,,50,Low
iB_13825,TC001325,LG2,III,20,,-1,Low
iB_13826,TC001331,LG2,III,40,,-1,Low
iB_13827,TC001334,LG2,III,50,,10,Low
iB_13828,TC001337,LG2,III,20,,20,Low
iB_13829,TC001359,LG2,III,60,,0,Low
iB_13830,TC001361,LG2,III,40,,40,Low
iB_13831,TC001378,LG2,III,50,,20,Low
iB_13836,TC001441,LGX,III,40,,30,Low
iB_13837,TC001469,LGX,III,30,,30,Low
iB_13838,TC001518,LG10,III,20,,20,Low
iB_13839,TC001519,LG10,III,20,,50,Low
iB_13840,TC001544,LG10,III,50,,30,Low
iB_13841,TC001646,LG9,III,40,,60,Low
iB_13842,TC001654,LG9,III,20,,30,Low
iB_13843,TC001675,LG9,III,30,,10,Low
iB_13844,TC001732,LGX,III,10,,20,Low
iB_13845,TC001780,LGX,III,20,,0,Low
iB_13854,TC001883,LGX,III,40,,10,Low
iB_13855,TC001886,LGX,III,30,,20,Low
iB_13856,TC001948,LG9,III,30,,10,Low
iB_13857,TC001959,LG3,III,30,,10,Low
iB_13858,TC001961,LG3,III,10,,10,Low
iB_13867,TC002055,LG10,III,20,,10,Low
iB_13871,TC002129,LG3,III,70,,10,Low
iB_13872,TC002145,LG3,III,80,,40,Low
iB_13875,TC002198,LG8,III,20,,10,Low
iB_13876,TC002210,LG8,III,50,,40,Low
iB_13877,TC002243,LG8,III,90,,70,High
iB_13878,TC002255,LG5,III,30,,40,Low
iB_13879,TC002266,LG5,III,40,,40,Low
iB_13885,TC002404,LG3,III,50,,30,Low
iB_13886,TC002430,LG3,III,60,,30,Low
iB_13887,TC002440,LG3,III,50,,30,Low
iB_13888,TC002489,LG3,III,50,,20,Low
iB_13889,TC002514,LG3,III,90,,20,High
iB_13890,TC002531,LG3,III,90,,20,High
iB_13891,TC002570,LG3,III,30,,10,Low
iB_13892,TC002576,LG3,III,50,,30,Low
iB_13893,TC002578,LG3,III,60,,30,Low
iB_13894,TC002579,LG3,III,50,,70,Low
iB_13895,TC002580,LG3,III,20,,20,Low
iB_13896,TC002581,LG3,III,50,,30,Low
iB_13897,TC002582,LG3,III,50,,20,Low
iB_13898,TC002634,LG3,III,90,,10,High
iB_13899,TC002642,LG3,III,30,,10,Low
iB_13900,TC002656,LG3,III,60,,40,Low
iB_13901,TC002682,LG3,III,50,,40,Low
iB_13902,TC002701,LG3,III,30,,10,Low
iB_13903,TC002746,LG3,III,20,,40,Low
iB_13904,TC002753,LG3,III,10,,30,Low
iB_13905,TC002755,LG3,III,40,,20,Low
iB_13906,TC002764,LG3,III,50,,10,Low
iB_13907,TC002782,LG3,III,0,,0,Low
iB_13908,TC002812,LG3,III,60,,20,Low
iB_13909,TC002831,LG3,III,60,,0,Low
iB_13910,TC002836,LG3,III,10,,20,Low
iB_13911,TC002837,LG3,III,30,,10,Low
iB_13912,TC002841,LG3,III,50,,20,Low
iB_13913,TC002888,LG3,III,20,,20,Low
iB_13914,TC002896,LG3,III,50,,0,Low
iB_13915,TC002937,LG3,III,60,,20,Low
iB_13916,TC003005,LG3,III,30,,20,Low
iB_13917,TC003026,LG3,III,30,,30,Low
iB_13918,TC003036,LG3,III,50,,20,Low
iB_13919,TC003037,LG3,III,60,,10,Low
iB_13920,TC003038,LG3,III,60,,20,Low
iB_13921,TC003039,LG3,III,40,,10,Low
iB_13922,TC003040,LG3,III,50,,20,Low
iB_13923,TC003041,LG3,III,40,,60,Low
iB_13924,TC003042,LG3,III,50,,50,Low
iB_13925,TC003043,LG3,III,60,,30,Low
iB_13926,TC003044,LG3,III,50,,30,Low
iB_13927,TC003045,LG3,III,50,,0,Low
iB_13928,TC003046,LG3,III,50,,50,Low
iB_13929,TC003047,LG3,III,40,,10,Low
iB_13930,TC003048,LG3,III,40,,40,Low
iB_13931,TC003053,LG3,III,50,,-1,Low
iB_13932,TC003055,LG3,III,60,,-1,Low
iB_13933,TC003056,LG3,III,70,,-1,Low
iB_13934,TC003058,LG3,III,60,,-1,Low
iB_13935,TC003059,LG3,III,30,,-1,Low
iB_13936,TC003060,LG3,III,50,,-1,Low
iB_13937,TC003066,LG3,III,60,,50,Low
iB_13938,TC003077,LG3,III,60,,20,Low
iB_13939,TC003085,LG3,III,50,,-1,Low
iB_13940,TC003089,LG3,III,20,,-1,Low
iB_13941,TC003111,LG3,III,70,,-1,Low
iB_13942,TC003126,LG3,III,70,,-1,Low
iB_13943,TC003131,LG3,III,50,,-1,Low
iB_13944,TC003139,LG3,III,40,,20,Low
iB_13945,TC003153,LG3,III,70,,10,Low
iB_13946,TC003156,LG3,III,40,,-1,Low
iB_13947,TC003166,LG3,III,100,,-1,Yes
iB_13948,TC003168,LG3,III,90,,-1,High
iB_13949,TC003176,LG3,III,90,,-1,High
iB_13950,TC003177,LG3,III,70,,-1,Low
iB_13951,TC003195,LG3,III,70,,-1,Low
iB_13952,TC003210,LG3,III,50,,30,Low
iB_13953,TC003227,LG3,III,60,,50,Low
iB_13954,TC003230,LG3,III,40,,-1,Low
iB_13955,TC003269,LG3,III,40,,-1,Low
iB_13956,TC003271,LG3,III,50,,-1,Low
iB_13957,TC003277,LG3,III,50,,-1,Low
iB_13958,TC003278,LG3,III,70,,-1,Low
iB_13959,TC003299,LG3,III,70,,40,Low
iB_13960,TC003305,LG3,III,60,,20,Low
iB_13961,TC003311,LG3,III,40,,-1,Low
iB_13962,TC003326,LG3,III,50,,-1,Low
iB_13963,TC003372,LG3,III,40,,-1,Low
iB_13964,TC003374,LG3,III,40,,-1,Low
iB_13965,TC003376,LG3,III,70,,-1,Low
iB_13966,TC003379,LG3,III,80,,-1,Low
iB_13967,TC003382,LG3,III,60,,60,Low
iB_13968,TC003383,LG3,III,80,,50,Low
iB_13969,TC003386,LG3,III,50,,-1,Low
iB_13970,TC003387,LG3,III,50,,-1,Low
iB_13971,TC003399,LG3,III,60,,-1,Low
iB_13972,TC003406,LG3,III,60,,-1,Low
iB_13973,TC003410,LG3,III,90,,-1,High
iB_13974,TC003489,LG3,III,100,,-1,Yes
iB_13975,TC003500,LG3,III,100,,80,Yes
iB_13976,TC003521,LG3,III,60,,-1,Low
iB_13977,TC003522,LG3,III,60,,-1,Low
iB_13978,TC003546,LG3,III,60,,-1,Low
iB_13979,TC003590,LG3,III,40,,-1,Low
iB_13980,TC003592,LG3,III,50,,-1,Low
iB_13981,TC003670,LG3,III,70,,-1,Low
iB_13982,TC003708,LG3,III,30,,30,Low
iB_13983,TC003766,LG3,III,20,,10,Low
iB_13984,TC003837,LG3,III,30,,-1,Low
iB_13985,TC003884,LG3,III,60,,-1,Low
iB_13986,TC003887,LG3,III,40,,-1,Low
iB_13987,TC003913,LG3,III,30,,-1,Low
iB_13988,TC003933,LG3,III,30,,-1,Low
iB_13989,TC003962,LG3,III,40,,-1,Low
iB_13990,TC003963,LG3,III,50,,20,Low
iB_13991,TC003981,LG3,III,80,,30,Low
iB_13992,TC003992,LG3,III,40,,-1,Low
iB_13993,TC003997,LG3,III,50,,-1,Low
iB_13994,TC004024,LG3,III,10,,-1,Low
iB_13995,TC004025,LG3,III,50,,-1,Low
iB_13996,TC004039,LG7,III,60,,-1,Low
iB_13997,TC004044,LG7,III,40,,-1,Low
iB_13998,TC004046,LG7,III,60,,60,Low
iB_14003,TC004112,LGX,III,30,,-1,Low
iB_14004,TC004123,LGX,III,50,,-1,Low
iB_14005,TC004128,LGX,III,40,,30,Low
iB_14016,TC004360,LG10,III,50,,-1,Low
iB_14017,TC004430,LG2,III,0,,-1,Low
iB_14018,TC004481,LG2,III,50,,-1,Low
iB_14019,TC004505,LG2,III,50,,-1,Low
iB_14020,TC004509,LG2,III,60,,-1,Low
iB_14021,TC004549,LG2,III,50,,-1,Low
iB_14022,TC004649,LGX,III,60,,-1,Low
iB_14023,TC004652,LGX,III,100,,50,Yes
iB_14024,TC004655,LGX,III,30,,10,Low
iB_14025,TC004688,LGX,III,40,,20,Low
iB_14026,TC004689,LGX,III,30,,30,Low
iB_14027,TC004699,LGX,III,40,,30,Low
iB_14028,TC004755,LGX,III,60,,20,Low
iB_14029,TC004786,LGX,III,70,,-1,Low
iB_14030,TC004848,LG2,III,50,,-1,Low
iB_14031,TC004851,LG2,III,70,,30,Low
iB_14032,TC004963,LG2,III,70,,0,Low
iB_14033,TC004991,LG2,III,90,,20,High
iB_14040,TC005092,LG8,III,60,,30,Low
iB_14041,TC005095,LG8,III,80,,40,Low
iB_14042,TC005098,LG8,III,30,,0,Low
iB_14050,TC005213,LG9,III,60,,20,Low
iB_14051,TC005234,LG2,III,40,,-1,Low
iB_14052,TC005238,LG2,III,90,,-1,High
iB_14058,TC005312,LG8,III,70,,40,Low
iB_14059,TC005321,LG8,III,60,,-1,Low
iB_14060,TC005329,LG8,III,80,,-1,Low
iB_14061,TC005376,LG8,III,60,,30,Low
iB_14062,TC005379,LG8,III,30,,0,Low
iB_14063,TC005397,LG8,III,70,,40,Low
iB_14064,TC005428,LG8,III,40,,30,Low
iB_14065,TC005450,LG8,III,60,,10,Low
iB_14066,TC005452,LG8,III,60,,20,Low
iB_14067,TC005472,LG8,III,50,,-1,Low
iB_14068,TC005494,LG8,III,30,,10,Low
iB_14069,TC005497,LG8,III,80,,20,Low
iB_14070,TC005522,LG8,III,40,,10,Low
iB_14071,TC005527,LG8,III,70,,0,Low
iB_14072,TC005528,LG8,III,70,,20,Low
iB_14073,TC005536,LG8,III,90,,20,High
iB_14074,TC005602,LG8,III,70,,-1,Low
iB_14075,TC005607,LG8,III,70,,-1,Low
iB_14076,TC005621,LG8,III,70,,10,Low
iB_14077,TC005628,LG8,III,100,,30,Yes
iB_14078,TC005633,LG8,III,90,,20,High
iB_14079,TC005654,LG8,III,40,,10,Low
iB_14080,TC005655,LG8,III,60,,20,Low
iB_14081,TC005660,LG8,III,100,,0,Yes
iB_14082,TC005695,LG8,III,50,,-1,Low
iB_14083,TC005730,LG8,III,70,,-1,Low
iB_14084,TC005731,LG8,III,80,,0,Low
iB_14085,TC005739,LG8,III,70,,30,Low
iB_14086,TC005750,LG8,III,70,,30,Low
iB_14087,TC005751,LG8,III,50,,30,Low
iB_14088,TC005778,LG8,III,50,,20,Low
iB_14089,TC005826,LG8,III,90,,20,High
iB_14090,TC005853,LG8,III,70,,-1,Low
iB_14091,TC005902,LG8,III,50,,-1,Low
iB_14092,TC005927,LG8,III,80,,20,Low
iB_14093,TC005929,LG8,III,90,,30,High
iB_14094,TC005957,LG8,III,60,,30,Low
iB_14095,TC005962,LG8,III,50,,40,Low
iB_14096,TC005971,LG8,III,70,,10,Low
iB_14097,TC005997,LG8,III,80,,-1,Low
iB_14098,TC005998,LG8,III,40,,-1,Low
iB_14099,TC006003,LG8,III,0,,10,Low
iB_14100,TC006008,LG8,III,20,,30,Low
iB_14101,TC006056,LG8,III,50,,10,Low
iB_14102,TC006059,LG8,III,30,,50,Low
iB_14103,TC006060,LG8,III,30,,40,Low
iB_14104,TC006074,LG8,III,30,,20,Low
iB_14105,TC006083,LG8,III,50,,-1,Low
iB_14106,TC006088,LG8,III,40,,20,Low
iB_14107,TC006091,LG8,III,10,,20,Low
iB_14108,TC006113,LG8,III,70,,0,Low
iB_14109,TC006119,LG8,III,50,,0,Low
iB_14110,TC006137,LG8,III,10,,0,Low
iB_14111,TC006148,LG8,III,80,,10,Low
iB_14112,TC006155,LG8,III,60,,40,Low
iB_14113,TC006158,LG8,III,60,,80,Low
iB_14114,TC006165,LG8,III,80,,-1,Low
iB_14115,TC006190,LG8,III,20,,20,Low
iB_14116,TC006207,LG8,III,10,,20,Low
iB_14117,TC006225,LG8,III,40,,0,Low
iB_14118,TC006234,LG8,III,30,,30,Low
iB_14119,TC006262,LG8,III,60,,0,Low
iB_14120,TC006265,LG8,III,80,,50,Low
iB_14121,TC006272,LG8,III,70,,30,Low
iB_14122,TC006280,LG8,III,40,,-1,Low
iB_14123,TC006296,LG8,III,100,,100,Yes
iB_14124,TC006315,LG8,III,30,,0,Low
iB_14125,TC006316,LG8,III,20,,20,Low
iB_14126,TC006326,LG8,III,40,,30,Low
iB_14127,TC006341,LG8,III,20,,30,Low
iB_14128,TC006342,LG8,III,50,,10,Low
iB_14129,TC006345,LG8,III,30,,20,Low
iB_14130,TC006358,LG8,III,30,,20,Low
iB_14131,TC006376,LG8,III,60,,0,Low
iB_14132,TC006381,LG8,III,60,,10,Low
iB_14133,TC006383,LG8,III,30,,30,Low
iB_14134,TC006394,LG8,III,70,,10,Low
iB_14135,TC006400,LG8,III,40,,30,Low
iB_14136,TC006427,LG8,III,30,,30,Low
iB_14137,TC006430,LG8,III,30,,20,Low
iB_14138,TC006446,LG8,III,10,,20,Low
iB_14139,TC006452,LG8,III,50,,20,Low
iB_14140,TC006464,LG8,III,10,,10,Low
iB_14141,TC006489,LG8,III,50,,20,Low
iB_14142,TC006497,LG8,III,40,,40,Low
iB_14143,TC006515,LG8,III,40,,30,Low
iB_14144,TC006518,LG8,III,20,,20,Low
iB_14145,TC006582,LG8,III,20,,30,Low
iB_14146,TC006592,LG8,III,10,,30,Low
iB_14147,TC006594,LG8,III,20,,60,Low
iB_14148,TC006596,LG8,III,50,,0,Low
iB_14149,TC006597,LG8,III,50,,20,Low
iB_14150,TC006610,LG8,III,40,,-1,Low
iB_14151,TC006618,LG8,III,30,,10,Low
iB_14152,TC006647,LG8,III,60,,10,Low
iB_14153,TC006671,LG8,III,30,,20,Low
iB_14154,TC006674,LG8,III,100,,20,Yes
iB_14155,TC006684,LG8,III,30,,30,Low
iB_14156,TC006687,LG8,III,40,,20,Low
iB_14157,TC006691,LG8,III,40,,40,Low
iB_14158,TC006733,LG8,III,30,,60,Low
iB_14159,TC006734,LG8,III,30,,50,Low
iB_14160,TC006744,LG8,III,30,,20,Low
iB_14161,TC006752,LG8,III,30,,10,Low
iB_14166,TC006949,LG8,III,30,,0,Low
iB_14168,TC007004,LG4,III,40,,30,Low
iB_14169,TC007079,LG4,III,40,,30,Low
iB_14170,TC007088,LG4,III,50,,20,Low
iB_14171,TC007100,LG4,III,40,,30,Low
iB_14172,TC007237,LG4,III,30,,10,Low
iB_14173,TC007239,LG4,III,50,,0,Low
iB_14174,TC007242,LG4,III,80,,20,Low
iB_14175,TC007262,LG4,III,20,,30,Low
iB_14176,TC007265,LG4,III,20,,60,Low
iB_14177,TC007266,LG4,III,20,,10,Low
iB_14178,TC007267,LG4,III,10,,10,Low
iB_14179,TC007268,LG4,III,40,,40,Low
iB_14180,TC007269,LG4,III,10,,20,Low
iB_14181,TC007270,LG4,III,20,,30,Low
iB_14182,TC007273,LG4,III,10,,10,Low
iB_14183,TC007274,LG4,III,50,,20,Low
iB_14184,TC007275,LG4,III,30,,20,Low
iB_14185,TC007296,LG4,III,0,,20,Low
iB_14186,TC007309,LG4,III,40,,10,Low
iB_14187,TC007323,LG4,III,10,,40,Low
iB_14188,TC007326,LG4,III,20,,40,Low
iB_14189,TC007377,LG4,III,20,,30,Low
iB_14190,TC007400,LG4,III,20,,30,Low
iB_14191,TC007401,LG4,III,30,,70,Low
iB_14192,TC007411,LG4,III,20,,20,Low
iB_14193,TC007437,LG4,III,0,,50,Low
iB_14194,TC007454,LG4,III,30,,10,Low
iB_14195,TC007516,LG4,III,20,,10,Low
iB_14196,TC007533,LG4,III,30,,30,Low
iB_14197,TC007555,LG4,III,0,,60,Low
iB_14198,TC007564,LG4,III,20,,20,Low
iB_14199,TC007582,LG4,III,10,,30,Low
iB_14200,TC007587,LG4,III,20,,20,Low
iB_14201,TC007588,LG4,III,70,,10,Low
iB_14202,TC007597,LG4,III,20,,20,Low
iB_14203,TC007599,LG4,III,20,,20,Low
iB_14204,TC007625,LG4,III,20,,30,Low
iB_14205,TC007649,LG4,III,60,,30,Low
iB_14206,TC007663,LG4,III,30,,0,Low
iB_14207,TC007670,LG4,III,20,,30,Low
iB_14208,TC007699,LG4,III,30,,10,Low
iB_14209,TC007722,LG4,III,40,,30,Low
iB_14210,TC007730,LG4,III,30,,20,Low
iB_14211,TC007763,LG4,III,60,,30,Low
iB_14212,TC007764,LG4,III,30,,30,Low
iB_14213,TC007767,LG4,III,30,,30,Low
iB_14214,TC007774,LG4,III,0,,30,Low
iB_14215,TC007798,LG4,III,40,,40,Low
iB_14216,TC007813,LG4,III,50,,70,Low
iB_14217,TC007827,LG4,III,10,,50,Low
iB_14218,TC007833,LG4,III,10,,30,Low
iB_14219,TC007852,LG4,III,20,,10,Low
iB_14220,TC007871,LG4,III,30,,10,Low
iB_14221,TC007875,LG4,III,10,,20,Low
iB_14222,TC007915,LG4,III,10,,10,Low
iB_14223,TC007926,LG4,III,10,,40,Low
iB_14224,TC007933,LG4,III,30,,10,Low
iB_14225,TC007956,LG4,III,0,,40,Low
iB_14226,TC007996,LG4,III,20,,60,Low
iB_14227,TC008003,LG4,III,20,,10,Low
iB_14228,TC008004,LG4,III,30,,20,Low
iB_14229,TC008032,LG4,III,0,,30,Low
iB_14230,TC008048,LG4,III,30,,40,Low
iB_14231,TC008053,LG4,III,30,,20,Low
iB_14232,TC008068,LG4,III,30,,10,Low
iB_14233,TC008071,LG4,III,20,,20,Low
iB_14234,TC008075,LG4,III,0,,60,Low
iB_14235,TC008098,LG4,III,40,,20,Low
iB_14236,TC008106,LG4,III,50,,30,Low
iB_14237,TC008112,LG4,III,40,,40,Low
iB_14238,TC008117,LG4,III,40,,20,Low
iB_14239,TC008127,LG4,III,20,,50,Low
iB_14240,TC008128,LG4,III,20,,20,Low
iB_14241,TC008150,LG4,III,50,,0,Low
iB_14242,TC008157,LG4,III,30,,20,Low
iB_14243,TC008165,LG4,III,40,,20,Low
iB_14244,TC008170,LG4,III,30,,10,Low
iB_14245,TC008196,LG4,III,30,,20,Low
iB_14246,TC008203,LG4,III,40,,0,Low
iB_14247,TC008208,LG4,III,20,,30,Low
iB_14248,TC008229,LG4,III,10,,20,Low
iB_14249,TC008232,LG4,III,20,,40,Low
iB_14250,TC008234,LG4,III,20,,20,Low
iB_14251,TC008268,LG4,III,20,,0,Low
iB_14252,TC008364,LG4,III,10,,10,Low
iB_14253,TC008370,LG4,III,0,,40,Low
iB_14254,TC008373,LG4,III,20,,10,Low
iB_14255,TC008392,LG4,III,20,,10,Low
iB_14256,TC008404,LG4,III,70,,40,Low
iB_14257,TC008416,LG4,III,50,,70,Low
iB_14258,TC008456,LG4,III,30,,10,Low
iB_14259,TC008463,LG4,III,40,,30,Low
iB_14260,TC008480,LG4,III,60,,40,Low
iB_14261,TC008483,LG4,III,50,,40,Low
iB_14262,TC008492,LG4,III,50,,40,Low
iB_14263,TC008497,LG4,III,20,,40,Low
iB_14264,TC008503,LG4,III,0,,30,Low
iB_14265,TC008527,LG4,III,60,,10,Low
iB_14268,TC008552,LG3,III,60,,50,Low
iB_14269,TC008553,LG3,III,10,,40,Low
iB_14270,TC008564,LG2,III,50,,0,Low
iB_14271,TC008568,LG2,III,50,,30,Low
iB_14272,TC008586,LG2,III,60,,20,Low
iB_14273,TC008605,LG7,III,40,,10,Low
iB_14274,TC008625,LG7,III,40,,0,Low
iB_14275,TC008645,LG7,III,40,,30,Low
iB_14276,TC008650,LG7,III,10,,20,Low
iB_14277,TC008656,LG7,III,40,,60,Low
iB_14278,TC008674,LG7,III,40,,30,Low
iB_14279,TC008676,LG7,III,30,,30,Low
iB_14280,TC008677,LG7,III,40,,40,Low
iB_14281,TC008678,LG7,III,40,,40,Low
iB_14282,TC008679,LG7,III,50,,40,Low
iB_14283,TC008680,LG7,III,40,,40,Low
iB_14284,TC008681,LG7,III,30,,40,Low
iB_14285,TC008682,LG7,III,70,,20,Low
iB_14286,TC008705,LG7,III,40,,0,Low
iB_14287,TC008716,LG7,III,50,,70,Low
iB_14288,TC008718,LG7,III,40,,10,Low
iB_14289,TC008730,LG7,III,30,,20,Low
iB_14290,TC008735,LG7,III,50,,10,Low
iB_14291,TC008736,LG7,III,60,,30,Low
iB_14292,TC008737,LG7,III,80,,10,Low
iB_14293,TC008764,LG7,III,50,,20,Low
iB_14294,TC008789,LG7,III,50,,50,Low
iB_14295,TC008790,LG7,III,70,,40,Low
iB_14296,TC008797,LG7,III,100,,70,Yes
iB_14297,TC008806,LG7,III,20,,10,Low
iB_14298,TC008887,LG7,III,40,,50,Low
iB_14299,TC008888,LG7,III,60,,30,Low
iB_14300,TC008890,LG7,III,40,,10,Low
iB_14301,TC008891,LG7,III,60,,20,Low
iB_14302,TC008902,LG7,III,60,,40,Low
iB_14303,TC008949,LG7,III,40,,20,Low
iB_14304,TC008968,LG7,III,40,,10,Low
iB_14305,TC009005,LG7,III,50,,40,Low
iB_14306,TC009006,LG7,III,60,,30,Low
iB_14307,TC009007,LG7,III,50,,40,Low
iB_14308,TC009009,LG7,III,60,,20,Low
iB_14309,TC009032,LG7,III,40,,20,Low
iB_14310,TC009126,LG7,III,60,,60,Low
iB_14311,TC009128,LG7,III,70,,50,Low
iB_14312,TC009130,LG7,III,60,,40,Low
iB_14313,TC009156,LG7,III,30,,30,Low
iB_14314,TC009187,LG7,III,40,,60,Low
iB_14315,TC009190,LG7,III,100,,30,Yes
iB_14316,TC009197,LG7,III,60,,10,Low
iB_14317,TC009199,LG7,III,70,,10,Low
iB_14318,TC009221,LG7,III,70,,40,Low
iB_14319,TC009233,LG7,III,50,,60,Low
iB_14320,TC009266,LG7,III,80,,20,Low
iB_14321,TC009273,LG7,III,70,,40,Low
iB_14322,TC009285,LG7,III,70,,50,Low
iB_14323,TC009307,LG7,III,70,,20,Low
iB_14324,TC009313,LG7,III,70,,30,Low
iB_14325,TC009334,LG7,III,60,,10,Low
iB_14326,TC009335,LG7,III,60,,10,Low
iB_14327,TC009348,LG7,III,80,,20,Low
iB_14328,TC009366,LG7,III,40,,50,Low
iB_14329,TC009377,LG7,III,90,,50,High
iB_14330,TC009442,LG7,III,80,,50,Low
iB_14331,TC009477,LG7,III,70,,10,Low
iB_14332,TC009518,LG7,III,40,,10,Low
iB_14333,TC009554,LG7,III,70,,30,Low
iB_14334,TC009558,LG7,III,50,,0,Low
iB_14335,TC009578,LG7,III,40,,60,Low
iB_14336,TC009579,LG7,III,40,,30,Low
iB_14337,TC009585,LG7,III,60,,60,Low
iB_14338,TC009610,LG7,III,60,,20,Low
iB_14339,TC009618,LG7,III,70,,10,Low
iB_14340,TC009621,LG7,III,60,,10,Low
iB_14341,TC009637,LG7,III,50,,50,Low
iB_14342,TC009639,LG7,III,40,,0,Low
iB_14343,TC009652,LG7,III,60,,50,Low
iB_14344,TC009655,LG7,III,70,,40,Low
iB_14345,TC009656,LG7,III,50,,30,Low
iB_14346,TC009658,LG7,III,50,,10,Low
iB_14347,TC009691,LG7,III,20,,10,Low
iB_14348,TC009698,LG7,III,80,,30,Low
iB_14349,TC009713,LG7,III,50,,10,Low
iB_14350,TC009734,LG7,III,50,,40,Low
iB_14351,TC009745,LG7,III,70,,50,Low
iB_14352,TC009867,LG7,III,30,,40,Low
iB_14353,TC009908,LG7,III,20,,20,Low
iB_14354,TC009913,LG7,III,70,,0,Low
iB_14355,TC009922,LG7,III,60,,0,Low
iB_14356,TC009955,LG7,III,40,,50,Low
iB_14357,TC009956,LG7,III,50,,10,Low
iB_14358,TC009958,LG7,III,70,,50,Low
iB_14359,TC009959,LG7,III,70,,20,Low
iB_14360,TC009969,LG7,III,50,,60,Low
iB_14361,TC009983,LG7,III,60,,50,Low
iB_14362,TC010023,LG7,III,30,,10,Low
iB_14363,TC010024,LG7,III,30,,20,Low
iB_14364,TC010065,LG7,III,50,,50,Low
iB_14365,TC010105,LG7,III,50,,30,Low
iB_14366,TC010151,LG7,III,40,,10,Low
iB_14367,TC010173,LG7,III,60,,50,Low
iB_14368,TC010175,LG7,III,70,,40,Low
iB_14369,TC010219,LG7,III,70,,30,Low
iB_14377,TC010325,LG3,III,60,,20,Low
iB_14378,TC010340,LG3,III,30,,20,Low
iB_14379,TC010365,LG3,III,40,,30,Low
iB_14380,TC010409,LG5,III,20,,50,Low
iB_14381,TC010416,LG5,III,20,,0,Low
iB_14382,TC010430,LG5,III,30,,10,Low
iB_14383,TC010441,LG5,III,30,,20,Low
iB_14384,TC010456,LG5,III,70,,40,Low
iB_14385,TC010462,LG5,III,60,,20,Low
iB_14389,TC010497,LG3,III,30,,40,Low
iB_14390,TC010499,LG3,III,40,,0,Low
iB_14391,TC010513,LG3,III,50,,10,Low
iB_14392,TC010529,LG3,III,50,,30,Low
iB_14393,TC010541,LG3,III,50,,10,Low
iB_14394,TC010544,LG3,III,40,,20,Low
iB_14395,TC010546,LG3,III,40,,30,Low
iB_14396,TC010551,LG3,III,50,,20,Low
iB_14397,TC010589,LG7,III,100,,30,Yes
iB_14398,TC010598,LG7,III,40,,10,Low
iB_14406,TC010790,LGX,III,60,,30,Low
iB_14407,TC010819,LGX,III,40,,20,Low
iB_14408,TC010843,LGX,III,50,,20,Low
iB_14409,TC010887,LGX,III,40,,30,Low
iB_14410,TC010943,LG5,III,40,,40,Low
iB_14411,TC010946,LG5,III,20,,30,Low
iB_14412,TC010954,LG5,III,60,,0,Low
iB_14413,TC010957,LG5,III,30,,10,Low
iB_14414,TC010979,LG9,III,50,,10,Low
iB_14415,TC010985,LG9,III,30,,20,Low
iB_14416,TC011018,LG10,III,40,,30,Low
iB_14417,TC011020,LG10,III,30,,30,Low
iB_14420,TC011199,LG3,III,50,,20,Low
iB_14421,TC011213,LG10,III,50,,30,Low
iB_14422,TC011221,LG10,III,20,,40,Low
iB_14423,TC011266,LG10,III,40,,10,Low
iB_14424,TC011303,LG3,III,80,,40,Low
iB_14425,TC011308,LG10,III,50,,40,Low
iB_14426,TC011331,LG10,III,20,,30,Low
iB_14427,TC011332,LG10,III,80,,0,Low
iB_14428,TC011432,LG10,III,50,,0,Low
iB_14429,TC011434,LG10,III,20,,20,Low
iB_14430,TC011442,LG10,III,50,,30,Low
iB_14431,TC011443,LG10,III,50,,30,Low
iB_14432,TC011444,LG10,III,40,,30,Low
iB_14433,TC011445,LG10,III,60,,10,Low
iB_14434,TC011481,LG10,III,80,,10,Low
iB_14437,TC011509,LG3,III,70,,30,Low
iB_14443,TC011602,LG9,III,40,,10,Low
iB_14444,TC011617,LG9,III,40,,20,Low
iB_14445,TC011622,LG9,III,30,,30,Low
iB_14446,TC011623,LG9,III,70,,10,Low
iB_14447,TC011627,LG9,III,40,,30,Low
iB_14448,TC011659,LG9,III,70,,0,Low
iB_14449,TC011663,LG9,III,40,,10,Low
iB_14450,TC011664,LG9,III,50,,40,Low
iB_14451,TC011684,LG9,III,50,,10,Low
iB_14452,TC011688,LG9,III,50,,10,Low
iB_14453,TC011707,LG9,III,70,,70,Low
iB_14454,TC011719,LG9,III,50,,10,Low
iB_14455,TC011740,LG9,III,50,,20,Low
iB_14456,TC011750,LG9,III,40,,10,Low
iB_14457,TC011761,LG9,III,80,,20,Low
iB_14458,TC011783,LG9,III,50,,30,Low
iB_14459,TC011809,LG9,III,50,,0,Low
iB_14460,TC011813,LG9,III,30,,30,Low
iB_14461,TC011821,LG9,III,40,,30,Low
iB_14462,TC011846,LG9,III,60,,0,Low
iB_14463,TC011852,LG9,III,40,,20,Low
iB_14464,TC011890,LG9,III,70,,0,Low
iB_14465,TC011903,LG9,III,60,,30,Low
iB_14466,TC011906,LG9,III,40,,50,Low
iB_14467,TC011916,LG9,III,60,,20,Low
iB_14468,TC011925,LG9,III,30,,10,Low
iB_14469,TC011941,LG9,III,60,,50,Low
iB_14470,TC011995,LG9,III,60,,30,Low
iB_14471,TC012036,LG9,III,70,,30,Low
iB_14472,TC012038,LG9,III,40,,20,Low
iB_14473,TC012040,LG9,III,70,,10,Low
iB_14474,TC012047,LG9,III,40,,20,Low
iB_14475,TC012057,LG9,III,40,,0,Low
iB_14476,TC012066,LG9,III,40,,30,Low
iB_14477,TC012092,LG9,III,50,,30,Low
iB_14478,TC012103,LG9,III,40,,40,Low
iB_14479,TC012159,LG9,III,60,,10,Low
iB_14480,TC012163,LG9,III,60,,-1,Low
iB_14481,TC012173,LG9,III,70,,-1,Low
iB_14482,TC012190,LG9,III,70,,-1,Low
iB_14483,TC012206,LG9,III,90,,30,High
iB_14484,TC012208,LG9,III,40,,30,Low
iB_14485,TC012217,LG9,III,90,,40,High
iB_14486,TC012223,LG9,III,50,,30,Low
iB_14487,TC012224,LG9,III,70,,50,Low
iB_14488,TC012324,LG9,III,70,,30,Low
iB_14489,TC012325,LG9,III,60,,-1,Low
iB_14490,TC012337,LG9,III,60,,-1,Low
iB_14491,TC012338,LG9,III,60,,20,Low
iB_14492,TC012370,LG9,III,70,,30,Low
iB_14493,TC012371,LG9,III,80,,20,Low
iB_14494,TC012409,LG9,III,50,,50,Low
iB_14495,TC012492,LG9,III,50,,30,Low
iB_14496,TC012525,LG9,III,40,,-1,Low
iB_14497,TC012556,LG9,III,70,,-1,Low
iB_14498,TC012564,LG9,III,70,,20,Low
iB_14499,TC012585,LG9,III,80,,40,Low
iB_14500,TC012620,LG9,III,80,,40,Low
iB_14501,TC012645,LG9,III,60,,50,Low
iB_14502,TC012663,LG9,III,100,,50,Yes
iB_14503,TC012669,LG9,III,50,,0,Low
iB_14504,TC012675,LG9,III,60,,-1,Low
iB_14505,TC012679,LG9,III,50,,-1,Low
iB_14506,TC012680,LG9,III,30,,60,Low
iB_14507,TC012681,LG9,III,40,,30,Low
iB_14508,TC012690,LG9,III,80,,20,Low
iB_14509,TC012707,LG9,III,90,,10,High
iB_14510,TC012721,LG9,III,50,,40,Low
iB_14511,TC012724,LG9,III,70,,-1,Low
iB_14512,TC012761,LG9,III,70,,-1,Low
iB_14513,TC012767,LG9,III,70,,50,Low
iB_14514,TC012774,LG9,III,70,,20,Low
iB_14515,TC012777,LG9,III,70,,30,Low
iB_14516,TC012820,LG9,III,30,,20,Low
iB_14517,TC012826,LG9,III,70,,10,Low
iB_14518,TC012831,LG9,III,70,,20,Low
iB_14519,TC012832,LG9,III,70,,-1,Low
iB_14520,TC012845,LG9,III,60,,-1,Low
iB_14522,TC012900,LG3,III,60,,50,Low
iB_14523,TC012915,LG2,III,40,,50,Low
iB_14524,TC012916,LG2,III,80,,30,Low
iB_14525,TC012923,LG2,III,80,,20,Low
iB_14526,TC012924,LG2,III,40,,20,Low
iB_14527,TC012928,LG2,III,20,,-1,Low
iB_14528,TC012932,LG2,III,40,,50,Low
iB_14529,TC012938,LG3,III,50,,20,Low
iB_14530,TC012949,LG10,III,70,,20,Low
iB_14534,TC012992,LG5,III,30,,-1,Low
iB_14535,TC012999,LG5,III,50,,-1,Low
iB_14536,TC013005,LG5,III,40,,20,Low
iB_14537,TC013022,LG5,III,50,,40,Low
iB_14538,TC013024,LG5,III,70,,40,Low
iB_14539,TC013025,LG5,III,30,,40,Low
iB_14540,TC013046,LG5,III,60,,10,Low
iB_14541,TC013053,LG5,III,70,,10,Low
iB_14542,TC013055,LG5,III,100,,-1,Yes
iB_14543,TC013059,LG5,III,60,,-1,Low
iB_14544,TC013062,LG5,III,50,,30,Low
iB_14545,TC013110,LG5,III,10,,20,Low
iB_14546,TC013148,LG5,III,50,,20,Low
iB_14547,TC013169,LG5,III,60,,10,Low
iB_14548,TC013183,LG5,III,30,,40,Low
iB_14549,TC013195,LG5,III,50,,30,Low
iB_14550,TC013201,LG5,III,100,,-1,Yes
iB_14551,TC013209,LG5,III,90,,-1,High
iB_14552,TC013211,LG5,III,30,,70,Low
iB_14553,TC013219,LG5,III,40,,20,Low
iB_14554,TC013224,LG5,III,60,,10,Low
iB_14555,TC013228,LG5,III,50,,40,Low
iB_14556,TC013232,LG5,III,60,,10,Low
iB_14557,TC013236,LG5,III,20,,-1,Low
iB_14558,TC013253,LG5,III,50,,-1,Low
iB_14559,TC013261,LG5,III,30,,70,Low
iB_14560,TC013271,LG7,III,40,,10,Low
iB_14561,TC013310,LG5,III,40,,10,Low
iB_14562,TC013316,LG5,III,60,,10,Low
iB_14563,TC013317,LG5,III,30,,20,Low
iB_14564,TC013325,LG5,III,60,,0,Low
iB_14565,TC013336,LG5,III,60,,-1,Low
iB_14566,TC013353,LG5,III,60,,30,Low
iB_14567,TC013364,LG5,III,10,,30,Low
iB_14568,TC013366,LG5,III,40,,20,Low
iB_14569,TC013379,LG5,III,60,,0,Low
iB_14570,TC013384,LG5,III,40,,40,Low
iB_14571,TC013386,LG5,III,40,,30,Low
iB_14572,TC013389,LG5,III,30,,50,Low
iB_14573,TC013392,LG5,III,50,,60,Low
iB_14574,TC013395,LG5,III,50,,20,Low
iB_14575,TC013412,LG5,III,40,,10,Low
iB_14576,TC013413,LG5,III,40,,20,Low
iB_14577,TC013423,LG5,III,60,,0,Low
iB_14578,TC013424,LG5,III,80,,37.5,Low
iB_14579,TC013434,LG5,III,50,,20,Low
iB_14580,TC013448,LG5,III,20,,10,Low
iB_14581,TC013466,LG5,III,40,,30,Low
iB_14582,TC013470,LG5,III,50,,20,Low
iB_14583,TC013496,LG5,III,20,,40,Low
iB_14584,TC013524,LG5,III,30,,0,Low
iB_14585,TC013525,LG5,III,60,,0,Low
iB_14586,TC013537,LG5,III,50,,20,Low
iB_14587,TC013556,LG5,III,20,,10,Low
iB_14588,TC013558,LG5,III,50,,40,Low
iB_14589,TC013577,LGX,III,70,,10,Low
iB_14590,TC013581,LGX,III,40,,60,Low
iB_14591,TC013588,LGX,III,50,,30,Low
iB_14592,TC013624,LGX,III,30,,0,Low
iB_14593,TC013636,LGX,III,60,,14.29,Low
iB_14594,TC013644,LG5,III,90,,30,High
iB_14595,TC013657,LG5,III,60,,20,Low
iB_14596,TC013658,LG5,III,70,,20,Low
iB_14597,TC013664,LG5,III,60,,40,Low
iB_14598,TC013671,LG5,III,70,,10,Low
iB_14599,TC013677,LG5,III,20,,30,Low
iB_14600,TC013705,LG5,III,40,,0,Low
iB_14601,TC013714,LG5,III,60,,0,Low
iB_14602,TC013757,LG5,III,50,,20,Low
iB_14603,TC013761,LG5,III,60,,30,Low
iB_14604,TC013763,LG5,III,60,,50,Low
iB_14605,TC013774,LG5,III,30,,20,Low
iB_14606,TC013840,LG5,III,40,,70,Low
iB_14607,TC013846,LG5,III,70,,0,Low
iB_14608,TC013864,LG5,III,70,,0,Low
iB_14609,TC013936,LG5,III,70,,40,Low
iB_14610,TC013941,LG5,III,80,,20,Low
iB_14611,TC013943,LG5,III,50,,10,Low
iB_14612,TC013958,LG5,III,70,,20,Low
iB_14613,TC013973,LG5,III,80,,30,Low
iB_14614,TC013985,LG5,III,60,,10,Low
iB_14615,TC014013,LG5,III,60,,0,Low
iB_14616,TC014044,LG5,III,40,,0,Low
iB_14617,TC014053,LG5,III,80,,10,Low
iB_14618,TC014063,LG5,III,70,,30,Low
iB_14619,TC014068,LG5,III,50,,30,Low
iB_14620,TC014077,LG5,III,80,,0,Low
iB_14621,TC014080,LG5,III,70,,20,Low
iB_14622,TC014108,LG5,III,70,,0,Low
iB_14623,TC014112,LG5,III,70,,0,Low
iB_14624,TC014138,LG5,III,80,,10,Low
iB_14625,TC014176,LGX,III,90,,50,High
iB_14626,TC014180,LGX,III,70,,10,Low
iB_14627,TC014188,LGX,III,50,,10,Low
iB_14628,TC014198,LGX,III,90,,10,High
iB_14629,TC014216,LGX,III,70,,20,Low
iB_14630,TC014240,LGX,III,90,,0,High
iB_14631,TC014242,LGX,III,70,,0,Low
iB_14632,TC014285,LG5,III,70,,0,Low
iB_14633,TC014307,LG5,III,60,,30,Low
iB_14634,TC014315,LG5,III,60,,30,Low
iB_14635,TC014316,LG5,III,50,,30,Low
iB_14636,TC014342,LG5,III,70,,30,Low
iB_14637,TC014358,LG5,III,60,,50,Low
iB_14638,TC014367,LG5,III,70,,0,Low
iB_14639,TC014390,LG5,III,50,,0,Low
iB_14640,TC014411,LG5,III,70,,0,Low
iB_14641,TC014448,LG5,III,60,,30,Low
iB_14642,TC014457,LG5,III,70,,20,Low
iB_14643,TC014481,LG5,III,50,,10,Low
iB_14644,TC014495,LG5,III,70,,40,Low
iB_14645,TC014521,LG7,III,40,,20,Low
iB_14646,TC014529,LG7,III,30,,0,Low
iB_14647,TC014530,LG7,III,70,,10,Low
iB_14648,TC014531,LG7,III,40,,0,Low
iB_14649,TC014532,LG7,III,60,,30,Low
iB_14650,TC014534,LG7,III,70,,40,Low
iB_14651,TC014535,LG7,III,60,,20,Low
iB_14652,TC014567,LG5,III,50,,50,Low
iB_14653,TC014576,LG5,III,60,,0,Low
iB_14654,TC014585,LG5,III,30,,0,Low
iB_14655,TC014597,LG5,III,50,,20,Low
iB_14656,TC014608,LG5,III,60,,10,Low
iB_14657,TC014619,LG5,III,60,,40,Low
iB_14658,TC014644,LG5,III,50,,10,Low
iB_14659,TC014665,LG5,III,50,,20,Low
iB_14660,TC014688,LG5,III,60,,0,Low
iB_14661,TC014709,LG5,III,20,,0,Low
iB_14662,TC014761,LG5,III,40,,20,Low
iB_14663,TC014764,LG5,III,30,,30,Low
iB_14664,TC014768,LG5,III,20,,30,Low
iB_14665,TC014792,LG5,III,40,,30,Low
iB_14666,TC014799,LG5,III,30,,20,Low
iB_14667,TC014810,LG5,III,50,,30,Low
iB_14668,TC014832,LG6,III,40,,40,Low
iB_14669,TC014834,LG6,III,40,,10,Low
iB_14670,TC014854,LG6,III,40,,0,Low
iB_14671,TC014855,LG6,III,20,,40,Low
iB_14672,TC014858,LG6,III,20,,20,Low
iB_14673,TC014871,LG6,III,50,,20,Low
iB_14674,TC014881,LG6,III,70,,0,Low
iB_14675,TC014898,LG6,III,60,,30,Low
iB_14676,TC014916,LG6,III,60,,30,Low
iB_14677,TC014928,LG6,III,50,,0,Low
iB_14678,TC014941,LG6,III,60,,0,Low
iB_14679,TC014959,LG6,III,70,,40,Low
iB_14680,TC014964,LG6,III,50,,30,Low
iB_14681,TC014965,LG6,III,50,,0,Low
iB_14682,TC014970,LG6,III,70,,30,Low
iB_14683,TC014976,LG6,III,20,,30,Low
iB_14684,TC014977,LG6,III,40,,10,Low
iB_14685,TC015005,LG6,III,30,,10,Low
iB_14686,TC015007,LG6,III,30,,40,Low
iB_14687,TC015008,LG6,III,40,,30,Low
iB_14688,TC015011,LG6,III,20,,20,Low
iB_14689,TC015027,LG6,III,10,,20,Low
iB_14690,TC015039,LG6,III,30,,40,Low
iB_14691,TC015047,LG6,III,50,,30,Low
iB_14692,TC015056,LG6,III,40,,0,Low
iB_14693,TC015067,LG6,III,40,,20,Low
iB_14694,TC015115,LG6,III,50,,40,Low
iB_14695,TC015123,LG6,III,30,,10,Low
iB_14696,TC015137,LG6,III,60,,10,Low
iB_14697,TC015147,LG6,III,40,,20,Low
iB_14698,TC015169,LG6,III,30,,20,Low
iB_14699,TC015190,LG6,III,50,,20,Low
iB_14700,TC015206,LG6,III,80,,10,Low
iB_14701,TC015212,LG6,III,30,,0,Low
iB_14702,TC015242,LG8,III,0,,10,Low
iB_14703,TC015262,LG8,III,30,,10,Low
iB_14704,TC015267,LG8,III,10,,40,Low
iB_14705,TC015281,LG6,III,10,,30,Low
iB_14706,TC015352,LG6,III,30,,40,Low
iB_14707,TC015372,LG6,III,30,,20,Low
iB_14708,TC015401,LG6,III,10,,10,Low
iB_14709,TC015415,LG6,III,20,,40,Low
iB_14710,TC015451,LG8,III,10,,10,Low
iB_14711,TC015483,LG8,III,20,,10,Low
iB_14712,TC015486,LG8,III,50,,20,Low
iB_14713,TC015504,LG6,III,20,,50,Low
iB_14714,TC015549,LG6,III,30,,50,Low
iB_14715,TC015555,LG6,III,20,,40,Low
iB_14716,TC015556,LG6,III,90,,60,High
iB_14717,TC015558,LG6,III,50,,70,Low
iB_14718,TC015586,LG6,III,30,,0,Low
iB_14719,TC015592,LG6,III,40,,10,Low
iB_14720,TC015624,LG6,III,10,,30,Low
iB_14721,TC015625,LG6,III,40,,40,Low
iB_14722,TC015638,LG6,III,40,,20,Low
iB_14723,TC015664,LG6,III,30,,30,Low
iB_14724,TC015679,LG6,III,40,,20,Low
iB_14725,TC015682,LG6,III,20,,10,Low
iB_14726,TC015733,LG6,III,50,,0,Low
iB_14727,TC015736,LG6,III,40,,50,Low
iB_14728,TC015737,LG6,III,40,,40,Low
iB_14729,TC015738,LG6,III,20,,20,Low
iB_14730,TC015786,LG6,III,90,,20,High
iB_14731,TC015787,LG6,III,30,,10,Low
iB_14732,TC015813,LG6,III,20,,20,Low
iB_14733,TC015828,LG6,III,50,,0,Low
iB_14734,TC015845,LG6,III,20,,10,Low
iB_14735,TC015860,LG6,III,40,,10,Low
iB_14736,TC015861,LG6,III,40,,30,Low
iB_14737,TC015862,LG6,III,40,,10,Low
iB_14738,TC015881,LG9,III,40,,10,Low
iB_14739,TC015894,LG7,III,40,,50,Low
iB_14740,TC015902,LG7,III,30,,10,Low
iB_14741,TC015906,LG7,III,30,,10,Low
iB_14742,TC015941,LG7,III,30,,10,Low
iB_14743,TC015950,LG7,III,30,,60,Low
iB_14747,TC015988,LG8,III,30,,10,Low
iB_14749,TC016056,LGX,III,30,,20,Low
iB_14755,TC016147,LG2,III,10,,50,Low
iB_14756,TC016156,LG2,III,50,,-1,Low
iB_14757,TC016162,LG2,III,70,,-1,Low
iB_14760,TC016229,LG10,III,40,,-1,Low
iB_14761,TC016262,LG9,III,20,,-1,Low
iB_14763,TC016336,LG7,III,30,,10,Low
iB_14764,TC016354,LG7,III,0,,10,Low
iB_14765,TC016369,LG7,III,20,,-1,Low
iB_14766,TC016371,LG7,III,30,,-1,Low
iB_14768,TC016395,LG3,III,10,,-1,Low
iB_14773,TC030085,LG5,III,50,,-1,Low
iB_14774,TC030131,LG6,III,40,,-1,Low
iB_14775,TC030175,LG8,III,40,,-1,Low
iB_14776,TC030270,LG3,III,10,,-1,Low
iB_14777,TC030369,LG10,III,20,,-1,Low
iB_14778,TC030371,LG3,III,20,,20,Low
iB_14779,TC030373,LG3,III,40,,20,Low
iB_14780,TC030375,LG3,III,40,,-1,Low
iB_14781,TC030378,LG3,III,50,,-1,Low
iB_14782,TC030379,LG3,III,30,,-1,Low
iB_14783,TC030380,LG3,III,10,,-1,Low
iB_14784,TC030382,LG3,III,40,,-1,Low
iB_14785,TC030383,LG3,III,20,,-1,Low
iB_14786,TC030387,LG3,III,20,,30,Low
iB_14787,TC030393,LG3,III,50,,-1,Low
iB_14788,TC030394,LG3,III,50,,-1,Low
iB_14791,TC030400,LG2,III,30,,-1,Low
iB_14792,TC030404,LG4,III,20,,-1,Low
iB_14793,TC030405,LG4,III,30,,30,Low
iB_14794,TC030416,LG8,III,50,,40,Low
iB_14795,TC030421,LG10,III,50,,-1,Low
iB_14796,TC030435,LG5,III,50,,-1,Low
iB_14797,TC030436,LG5,III,50,,-1,Low
iB_14798,TC030438,LG5,III,40,,-1,Low
iB_14799,TC030439,LG5,III,20,,-1,Low
iB_14800,TC030440,LG5,III,60,,-1,Low
iB_14801,TC030441,LG5,III,30,,30,Low
iB_14802,TC030442,LG9,III,30,,20,Low
iB_14803,TC030446,LG2,III,40,,-1,Low
iB_14804,TC030482,LG2,III,50,,-1,Low
iB_14805,TC030550,LG7,III,40,,-1,Low
iB_14806,TC030554,LG9,III,60,,-1,Low
iB_14807,TC030555,LG3,III,70,,-1,Low
iB_14808,TC030583,LG7,III,60,,20,Low
iB_14809,TC030670,LG4,III,50,,10,Low
iB_14810,TC030687,LG8,III,50,,-1,Low
iB_14811,TC030688,LG6,III,60,,-1,Low
iB_14812,TC030690,LG9,III,80,,-1,Low
iB_14813,TC030700,LG7,III,60,,-1,Low
iB_14814,TC030761,LG7,III,50,,-1,Low
iB_14815,TC030887,LGX,III,10,,-1,Low
iB_14816,TC030901,LG6,III,50,,30,Low
iB_14824,TC030993,LG2,III,20,,10,Low
iB_14825,TC031002,LG2,III,70,,30,Low
iB_14828,TC031026,LG3,III,70,,-1,Low
iB_14829,TC031035,LG3,III,50,,-1,Low
iB_14830,TC031044,LG3,III,20,,-1,Low
iB_14831,TC031049,LG9,III,30,,30,Low
iB_14832,TC031051,LG3,III,60,,20,Low
iB_14833,TC031072,LG3,III,40,,-1,Low
iB_14839,TC031097,LG4,III,60,,30,Low
iB_14840,TC031104,LG4,III,20,,20,Low
iB_14841,TC031106,LG4,III,30,,-1,Low
iB_14842,TC031110,LG4,III,50,,-1,Low
iB_14843,TC031116,LG4,III,20,,-1,Low
iB_14846,TC031130,LG5,III,40,,10,Low
iB_14847,TC031136,LG5,III,90,,10,High
iB_14848,TC031137,LG5,III,20,,10,Low
iB_14849,TC031152,LG5,III,40,,10,Low
iB_14850,TC031153,LG5,III,40,,60,Low
iB_14851,TC031156,LG5,III,50,,60,Low
iB_14852,TC031160,LG5,III,80,,40,Low
iB_14854,TC031168,LG5,III,70,,10,Low
iB_14855,TC031179,LG7,III,50,,10,Low
iB_14856,TC031181,LG7,III,50,,20,Low
iB_14857,TC031182,LG7,III,20,,20,Low
iB_14858,TC031187,LG7,III,50,,30,Low
iB_14859,TC031188,LG7,III,60,,60,Low
iB_14860,TC031195,LG7,III,60,,40,Low
iB_14861,TC031201,LG7,III,40,,30,Low
iB_14862,TC031211,LG7,III,60,,0,Low
iB_14863,TC031228,LG9,III,30,,40,Low
iB_14864,TC031249,LG9,III,50,,40,Low
iB_14865,TC031251,LG9,III,40,,50,Low
iB_14867,TC031265,LG8,III,20,,20,Low
iB_14868,TC031268,LG8,III,50,,20,Low
iB_14869,TC031271,LG8,III,40,,30,Low
iB_14870,TC031272,LG8,III,40,,30,Low
iB_14871,TC031274,LG8,III,30,,50,Low
iB_14872,TC031275,LG8,III,30,,10,Low
iB_14873,TC031291,LG8,III,60,,20,Low
iB_14877,TC031305,LG10,III,40,,30,Low
iB_14878,TC031308,LG10,III,60,,20,Low
iB_14879,TC031313,LG10,III,60,,30,Low
iB_14881,TC031327,LG10,III,40,,40,Low
iB_14882,TC031330,LG10,III,40,,30,Low
iB_14883,TC031333,LG10,III,60,,20,Low
iB_14884,TC031336,LG10,III,60,,20,Low
iB_14885,TC031352,LG10,III,60,,20,Low
iB_14886,TC031363,LG3,III,60,,50,Low
iB_14887,TC031370,LG10,III,60,,0,Low
iB_14888,TC031372,LG10,III,70,,30,Low
iB_14889,TC031379,LG10,III,70,,40,Low
iB_14890,TC031412,LG10,III,0,,30,Low
iB_14891,TC031419,LG10,III,30,,30,Low
iB_14892,TC031423,LG10,III,60,,30,Low
iB_14893,TC031428,LG10,III,30,,50,Low
iB_14894,TC031435,LG10,III,40,,30,Low
iB_14895,TC031442,LG10,III,50,,30,Low
iB_14896,TC031450,LG10,III,60,,20,Low
iB_14897,TC031451,LG10,III,30,,60,Low
iB_14898,TC031453,LG10,III,40,,30,Low
iB_14899,TC031458,LG10,III,40,,10,Low
iB_14900,TC031477,LGX,III,60,,20,Low
iB_14901,TC031480,LGX,III,60,,30,Low
iB_14902,TC031488,LGX,III,80,,60,Low
iB_14903,TC031491,LGX,III,30,,10,Low
iB_14904,TC031504,LGX,III,60,,50,Low
iB_14905,TC031521,LGX,III,30,,40,Low
iB_14906,TC031530,LGX,III,70,,30,Low
iB_14907,TC031531,LGX,III,50,,20,Low
iB_14908,TC031540,LGX,III,60,,30,Low
iB_14909,TC031548,LGX,III,60,,40,Low
iB_14910,TC031552,LGX,III,80,,30,Low
iB_14911,TC031553,LGX,III,30,,0,Low
iB_14912,TC031563,LGX,III,30,,30,Low
iB_14913,TC031576,LGX,III,60,,20,Low
iB_14914,TC031580,LGX,III,30,,0,Low
iB_14915,TC031582,LGX,III,20,,30,Low
iB_14916,TC031584,LGX,III,20,,40,Low
iB_14922,TC031630,LG10,III,60,,30,Low
iB_14923,TC031639,LG10,III,20,,20,Low
iB_14924,TC031643,LG10,III,20,,0,Low
iB_14925,TC031645,LG10,III,30,,0,Low
iB_14930,TC031706,LG3,III,20,,20,Low
iB_14944,TC031770,LGX,III,20,,-1,Low
iB_14968,TC031994,LG2,III,10,,40,Low
iB_14969,TC031998,LG2,III,20,,30,Low
iB_14970,TC032005,LG2,III,70,,30,Low
iB_14971,TC032043,LG2,III,30,,-1,Low
iB_14972,TC032044,LG2,III,20,,-1,Low
iB_14973,TC032047,LG2,III,30,,-1,Low
iB_14974,TC032055,LG2,III,20,,-1,Low
iB_14975,TC032083,LG2,III,10,,40,Low
iB_14976,TC032101,LG2,III,40,,60,Low
iB_14977,TC032119,LG2,III,20,,20,Low
iB_14978,TC032122,LG2,III,20,,30,Low
iB_14979,TC032135,LG2,III,20,,-1,Low
iB_14980,TC032137,LG2,III,30,,-1,Low
iB_14981,TC032138,LG2,III,30,,-1,Low
iB_14982,TC032149,LG2,III,30,,-1,Low
iB_14983,TC032151,LG2,III,40,,50,Low
iB_14984,TC032175,LG2,III,0,,40,Low
iB_14985,TC032180,LG2,III,20,,30,Low
iB_14986,TC032182,LG2,III,30,,30,Low
iB_14987,TC032185,LG2,III,10,,-1,Low
iB_14988,TC032211,LG2,III,20,,-1,Low
iB_14989,TC032217,LG2,III,10,,-1,Low
iB_14990,TC032229,LG2,III,20,,50,Low
iB_14991,TC032230,LG2,III,40,,40,Low
iB_14992,TC032231,LG2,III,30,,30,Low
iB_14993,TC032239,LG2,III,40,,20,Low
iB_14994,TC032240,LG2,III,0,,-1,Low
iB_14995,TC032246,LG2,III,30,,-1,Low
iB_14996,TC032247,LG2,III,30,,-1,Low
iB_14997,TC032255,LG2,III,30,,-1,Low
iB_14998,TC032268,LG2,III,20,,30,Low
iB_14999,TC032270,LG2,III,50,,50,Low
iB_15001,TC032299,LG3,III,20,,40,Low
iB_15002,TC032300,LG3,III,10,,-1,Low
iB_15003,TC032301,LG3,III,30,,-1,Low
iB_15004,TC032311,LG3,III,50,,-1,Low
iB_15005,TC032312,LG3,III,30,,-1,Low
iB_15006,TC032317,LG3,III,20,,30,Low
iB_15007,TC032325,LG3,III,20,,60,Low
iB_15008,TC032345,LG3,III,40,,10,Low
iB_15009,TC032351,LG3,III,20,,30,Low
iB_15010,TC032358,LG3,III,40,,-1,Low
iB_15011,TC032363,LG3,III,10,,-1,Low
iB_15012,TC032366,LG3,III,60,,-1,Low
iB_15013,TC032370,LG3,III,70,,-1,Low
iB_15014,TC032376,LG3,III,10,,50,Low
iB_15015,TC032395,LG3,III,70,,20,Low
iB_15016,TC032406,LG3,III,40,,40,Low
iB_15017,TC032411,LG3,III,60,,-1,Low
iB_15018,TC032413,LG3,III,20,,-1,Low
iB_15019,TC032425,LG3,III,60,,-1,Low
iB_15020,TC032428,LG3,III,30,,-1,Low
iB_15021,TC032436,LG3,III,50,,60,Low
iB_15022,TC032442,LG3,III,20,,10,Low
iB_15023,TC032455,LG3,III,50,,20,Low
iB_15024,TC032456,LG3,III,30,,20,Low
iB_15025,TC032465,LG3,III,50,,-1,Low
iB_15026,TC032469,LG3,III,50,,-1,Low
iB_15027,TC032476,LG3,III,40,,-1,Low
iB_15028,TC032480,LG3,III,30,,50,Low
iB_15029,TC032489,LG3,III,50,,50,Low
iB_15030,TC032507,LG3,III,50,,30,Low
iB_15031,TC032510,LG3,III,60,,10,Low
iB_15032,TC032512,LG3,III,30,,-1,Low
iB_15033,TC032523,LG3,III,30,,-1,Low
iB_15034,TC032529,LG9,III,40,,-1,Low
iB_15035,TC032548,LG3,III,30,,-1,Low
iB_15036,TC032562,LG3,III,20,,-1,Low
iB_15037,TC032569,LG3,III,30,,-1,Low
iB_15038,TC032571,LG3,III,30,,-1,Low
iB_15039,TC032575,LG3,III,30,,-1,Low
iB_15040,TC032602,LG3,III,40,,-1,Low
iB_15041,TC032623,LG3,III,60,,-1,Low
iB_15042,TC032629,LG3,III,30,,-1,Low
iB_15043,TC032631,LG3,III,60,,-1,Low
iB_15044,TC032638,LG3,III,70,,-1,Low
iB_15045,TC032641,LG3,III,30,,-1,Low
iB_15046,TC032670,LG3,III,40,,-1,Low
iB_15047,TC032680,LG3,III,20,,-1,Low
iB_15048,TC032684,LG3,III,70,,-1,Low
iB_15049,TC032687,LG3,III,50,,-1,Low
iB_15050,TC032697,LG3,III,40,,-1,Low
iB_15051,TC032701,LG3,III,50,,-1,Low
iB_15052,TC032702,LG3,III,50,,-1,Low
iB_15054,TC032720,LG4,III,60,,-1,Low
iB_15055,TC032722,LG4,III,70,,-1,Low
iB_15056,TC032727,LG4,III,60,,-1,Low
iB_15057,TC032742,LG4,III,20,,-1,Low
iB_15058,TC032774,LG4,III,60,,-1,Low
iB_15059,TC032778,LG4,III,60,,-1,Low
iB_15060,TC032782,LG4,III,40,,-1,Low
iB_15061,TC032808,LG4,III,50,,-1,Low
iB_15062,TC032816,LG4,III,100,,-1,Yes
iB_15063,TC032818,LG4,III,60,,-1,Low
iB_15064,TC032820,LG4,III,50,,-1,Low
iB_15065,TC032824,LG4,III,40,,-1,Low
iB_15066,TC032826,LG4,III,60,,-1,Low
iB_15067,TC032854,LG4,III,40,,-1,Low
iB_15068,TC032856,LG4,III,60,,-1,Low
iB_15069,TC032861,LG4,III,60,,-1,Low
iB_15070,TC032867,LG4,III,60,,-1,Low
iB_15071,TC032880,LG4,III,50,,-1,Low
iB_15072,TC032881,LG4,III,50,,-1,Low
iB_15073,TC032884,LG4,III,50,,-1,Low
iB_15074,TC032886,LG4,III,30,,-1,Low
iB_15075,TC032890,LG4,III,40,,-1,Low
iB_15076,TC032891,LG4,III,50,,-1,Low
iB_15077,TC032896,LG4,III,30,,-1,Low
iB_15078,TC032898,LG4,III,40,,-1,Low
iB_15079,TC032901,LG4,III,50,,-1,Low
iB_15080,TC032907,LG4,III,70,,-1,Low
iB_15081,TC032908,LG4,III,40,,-1,Low
iB_15082,TC032910,LG4,III,60,,-1,Low
iB_15083,TC032915,LG4,III,50,,-1,Low
iB_15084,TC032916,LG4,III,80,,-1,Low
iB_15085,TC032917,LG4,III,60,,-1,Low
iB_15086,TC032919,LG4,III,40,,-1,Low
iB_15087,TC032924,LG4,III,60,,-1,Low
iB_15088,TC032934,LG4,III,40,,-1,Low
iB_15089,TC032935,LG4,III,0,,-1,Low
iB_15090,TC032939,LG4,III,60,,-1,Low
iB_15091,TC032942,LG4,III,10,,-1,Low
iB_15092,TC032948,LG4,III,40,,-1,Low
iB_15093,TC032998,LG5,III,50,,-1,Low
iB_15094,TC032999,LG5,III,40,,-1,Low
iB_15095,TC033001,LG5,III,60,,-1,Low
iB_15096,TC033003,LG5,III,60,,-1,Low
iB_15097,TC033013,LG5,III,20,,-1,Low
iB_15098,TC033033,LG5,III,60,,-1,Low
iB_15099,TC033038,LG5,III,40,,-1,Low
iB_15100,TC033039,LG5,III,20,,-1,Low
iB_15101,TC033043,LG5,III,60,,-1,Low
iB_15102,TC033045,LG5,III,40,,-1,Low
iB_15103,TC033054,LG5,III,40,,-1,Low
iB_15104,TC033067,LG5,III,40,,-1,Low
iB_15105,TC033068,LG5,III,50,,-1,Low
iB_15106,TC033087,LG5,III,40,,-1,Low
iB_15107,TC033091,LG5,III,60,,-1,Low
iB_15108,TC033099,LG5,III,10,,-1,Low
iB_15109,TC033112,LG5,III,40,,-1,Low
iB_15110,TC033116,LG5,III,70,,-1,Low
iB_15111,TC033118,LG5,III,50,,-1,Low
iB_15112,TC033138,LG5,III,70,,-1,Low
iB_15113,TC033144,LG5,III,40,,-1,Low
iB_15114,TC033145,LG5,III,60,,-1,Low
iB_15115,TC033154,LG5,III,70,,-1,Low
iB_15116,TC033156,LG5,III,40,,-1,Low
iB_15117,TC033157,LG5,III,50,,-1,Low
iB_15118,TC033163,LG5,III,40,,-1,Low
iB_15119,TC033166,LG5,III,70,,-1,Low
iB_15120,TC033168,LG5,III,50,,-1,Low
iB_15121,TC033172,LG5,III,30,,-1,Low
iB_15122,TC033178,LG5,III,50,,-1,Low
iB_15123,TC033190,LG5,III,70,,-1,Low
iB_15124,TC033209,LG5,III,30,,30,Low
iB_15125,TC033219,LG5,III,50,,70,Low
iB_15126,TC033236,LG5,III,70,,50,Low
iB_15127,TC033260,LG5,III,30,,40,Low
iB_15128,TC033262,LG5,III,70,,30,Low
iB_15129,TC033274,LG5,III,50,,40,Low
iB_15133,TC033337,LG8,III,30,,70,Low
iB_15134,TC033355,LG6,III,40,,20,Low
iB_15135,TC033356,LG6,III,30,,30,Low
iB_15136,TC033371,LG6,III,60,,30,Low
iB_15137,TC033381,LG6,III,40,,30,Low
iB_15138,TC033395,LG6,III,60,,40,Low
iB_15139,TC033404,LG6,III,20,,30,Low
iB_15140,TC033420,LG6,III,60,,60,Low
iB_15141,TC033428,LG6,III,30,,0,Low
iB_15142,TC033433,LG6,III,60,,30,Low
iB_15143,TC033436,LG6,III,30,,0,Low
iB_15144,TC033456,LG6,III,30,,30,Low
iB_15145,TC033457,LG6,III,60,,40,Low
iB_15146,TC033461,LG6,III,40,,10,Low
iB_15147,TC033462,LG6,III,60,,40,Low
iB_15151,TC033508,LG7,III,30,,30,Low
iB_15152,TC033518,LG7,III,40,,50,Low
iB_15153,TC033524,LG7,III,40,,50,Low
iB_15154,TC033537,LG7,III,30,,30,Low
iB_15155,TC033540,LG7,III,50,,40,Low
iB_15156,TC033541,LG7,III,60,,50,Low
iB_15157,TC033544,LG7,III,40,,20,Low
iB_15158,TC033545,LG7,III,50,,10,Low
iB_15159,TC033547,LG7,III,10,,10,Low
iB_15160,TC033548,LG7,III,60,,50,Low
iB_15161,TC033549,LG7,III,50,,30,Low
iB_15162,TC033551,LG7,III,80,,30,Low
iB_15163,TC033561,LG7,III,40,,40,Low
iB_15164,TC033566,LG7,III,20,,50,Low
iB_15165,TC033572,LG7,III,40,,50,Low
iB_15166,TC033573,LG7,III,50,,60,Low
iB_15167,TC033598,LG7,III,40,,60,Low
iB_15168,TC033606,LG7,III,80,,30,Low
iB_15169,TC033618,LG7,III,60,,40,Low
iB_15170,TC033619,LG7,III,40,,40,Low
iB_15171,TC033621,LG7,III,100,,40,Yes
iB_15172,TC033625,LG7,III,50,,60,Low
iB_15173,TC033627,LG7,III,20,,40,Low
iB_15174,TC033652,LG7,III,30,,30,Low
iB_15175,TC033669,LG7,III,10,,30,Low
iB_15176,TC033674,LG7,III,90,,40,High
iB_15177,TC033688,LG7,III,40,,40,Low
iB_15178,TC033692,LG7,III,50,,50,Low
iB_15179,TC033697,LG7,III,60,,40,Low
iB_15180,TC033702,LG7,III,20,,20,Low
iB_15181,TC033706,LG7,III,30,,20,Low
iB_15182,TC033707,LG7,III,60,,50,Low
iB_15183,TC033718,LG7,III,80,,10,Low
iB_15184,TC033723,LG7,III,50,,20,Low
iB_15185,TC033727,LG7,III,80,,50,Low
iB_15186,TC033735,LG7,III,40,,10,Low
iB_15187,TC033737,LG7,III,50,,40,Low
iB_15188,TC033743,LG7,III,50,,30,Low
iB_15189,TC033754,LG7,III,40,,30,Low
iB_15190,TC033758,LG7,III,30,,40,Low
iB_15191,TC033764,LG7,III,20,,40,Low
iB_15192,TC033766,LG7,III,30,,40,Low
iB_15193,TC033767,LG7,III,20,,60,Low
iB_15194,TC033773,LG7,III,40,,20,Low
iB_15195,TC033774,LG7,III,20,,0,Low
iB_15196,TC033780,LG7,III,30,,20,Low
iB_15197,TC033781,LG7,III,50,,40,Low
iB_15198,TC033782,LG7,III,10,,10,Low
iB_15199,TC033786,LG7,III,10,,10,Low
iB_15200,TC033788,LG7,III,50,,20,Low
iB_15201,TC033789,LG7,III,40,,20,Low
iB_15202,TC033795,LG7,III,30,,80,Low
iB_15203,TC033803,LG7,III,0,,10,Low
iB_15204,TC033806,LG7,III,20,,10,Low
iB_15205,TC033808,LG7,III,20,,50,Low
iB_15206,TC033809,LG7,III,10,,60,Low
iB_15207,TC033811,LG7,III,20,,30,Low
iB_15208,TC033812,LG7,III,50,,20,Low
iB_15209,TC033815,LG7,III,20,,30,Low
iB_15210,TC033823,LG7,III,60,,70,Low
iB_15211,TC033824,LG7,III,50,,30,Low
iB_15212,TC033826,LG7,III,80,,40,Low
iB_15213,TC033828,LG7,III,30,,30,Low
iB_15214,TC033842,LG7,III,40,,20,Low
iB_15215,TC033848,LG7,III,10,,30,Low
iB_15216,TC033849,LG7,III,20,,-1,Low
iB_15217,TC033850,LG7,III,50,,-1,Low
iB_15218,TC033852,LG7,III,70,,-1,Low
iB_15219,TC033853,LG7,III,20,,-1,Low
iB_15220,TC033861,LG7,III,70,,-1,Low
iB_15221,TC033862,LG7,III,40,,40,Low
iB_15222,TC033863,LG7,III,50,,0,Low
iB_15223,TC033876,LG7,III,40,,30,Low
iB_15224,TC033881,LG7,III,70,,20,Low
iB_15225,TC033888,LG7,III,30,,-1,Low
iB_15229,TC033925,LG8,III,20,,30,Low
iB_15230,TC033932,LG8,III,40,,20,Low
iB_15231,TC033936,LG8,III,20,,50,Low
iB_15232,TC033938,LG8,III,30,,-1,Low
iB_15233,TC033939,LG8,III,40,,-1,Low
iB_15234,TC033942,LG8,III,40,,-1,Low
iB_15235,TC033945,LG8,III,30,,-1,Low
iB_15236,TC033946,LG8,III,20,,30,Low
iB_15237,TC033947,LG8,III,20,,40,Low
iB_15238,TC033948,LG8,III,30,,40,Low
iB_15239,TC033949,LG8,III,60,,10,Low
iB_15240,TC033956,LG8,III,60,,-1,Low
iB_15241,TC033962,LG8,III,50,,-1,Low
iB_15242,TC033965,LG8,III,40,,-1,Low
iB_15243,TC033966,LG8,III,50,,-1,Low
iB_15244,TC033967,LG8,III,50,,20,Low
iB_15245,TC033969,LG8,III,20,,10,Low
iB_15246,TC033979,LG8,III,20,,10,Low
iB_15247,TC033988,LG8,III,30,,-1,Low
iB_15248,TC033989,LG8,III,50,,-1,Low
iB_15249,TC033991,LG8,III,20,,-1,Low
iB_15250,TC033992,LG8,III,30,,-1,Low
iB_15251,TC033997,LG8,III,20,,60,Low
iB_15252,TC033999,LG8,III,30,,40,Low
iB_15253,TC034000,LG8,III,50,,20,Low
iB_15254,TC034005,LG8,III,40,,0,Low
iB_15255,TC034008,LG8,III,50,,-1,Low
iB_15256,TC034014,LG8,III,20,,-1,Low
iB_15257,TC034018,LG8,III,40,,-1,Low
iB_15258,TC034032,LG8,III,20,,-1,Low
iB_15259,TC034037,LG8,III,40,,20,Low
iB_15260,TC034043,LG8,III,10,,10,Low
iB_15261,TC034054,LG8,III,20,,20,Low
iB_15262,TC034057,LG8,III,30,,0,Low
iB_15263,TC034058,LG8,III,50,,-1,Low
iB_15264,TC034059,LG8,III,30,,-1,Low
iB_15265,TC034062,LG8,III,20,,-1,Low
iB_15266,TC034064,LG8,III,20,,20,Low
iB_15267,TC034065,LG8,III,60,,30,Low
iB_15268,TC034066,LG8,III,60,,30,Low
iB_15269,TC034067,LG8,III,70,,0,Low
iB_15270,TC034068,LG8,III,70,,-1,Low
iB_15271,TC034069,LG8,III,50,,-1,Low
iB_15272,TC034070,LG8,III,50,,-1,Low
iB_15273,TC034071,LG8,III,70,,-1,Low
iB_15274,TC034073,LG8,III,50,,10,Low
iB_15275,TC034090,LG8,III,50,,20,Low
iB_15276,TC034097,LG8,III,50,,40,Low
iB_15277,TC034101,LG8,III,60,,10,Low
iB_15278,TC034113,LG8,III,40,,-1,Low
iB_15279,TC034114,LG8,III,70,,-1,Low
iB_15280,TC034115,LG8,III,60,,-1,Low
iB_15281,TC034120,LG8,III,50,,-1,Low
iB_15282,TC034128,LG8,III,70,,40,Low
iB_15283,TC034129,LG8,III,40,,40,Low
iB_15284,TC034134,LG8,III,60,,20,Low
iB_15285,TC034148,LG8,III,80,,40,Low
iB_15286,TC034149,LG8,III,40,,-1,Low
iB_15287,TC034164,LG8,III,60,,-1,Low
iB_15288,TC034174,LG8,III,40,,-1,Low
iB_15289,TC034196,LG8,III,80,,-1,Low
iB_15292,TC034214,LGX,III,80,,0,Low
iB_15293,TC034219,LGX,III,50,,-1,Low
iB_15294,TC034223,LG9,III,50,,-1,Low
iB_15295,TC034245,LG9,III,20,,-1,Low
iB_15296,TC034267,LG9,III,50,,-1,Low
iB_15297,TC034268,LG9,III,30,,0,Low
iB_15298,TC034324,LG9,III,70,,0,Low
iB_15299,TC034327,LG9,III,50,,20,Low
iB_15300,TC034330,LG9,III,80,,0,Low
iB_15301,TC034366,LG9,III,50,,-1,Low
iB_15302,TC034368,LG9,III,80,,-1,Low
iB_15303,TC034372,LG9,III,70,,-1,Low
iB_15304,TC034384,LG9,III,60,,60,Low
iB_15305,TC034386,LG9,III,40,,10,Low
iB_15306,TC034387,LG9,III,50,,50,Low
iB_15307,TC034388,LG9,III,20,,20,Low
iB_15308,TC034389,LG9,III,30,,-1,Low
iB_15309,TC034390,LG9,III,50,,-1,Low
iB_15310,TC034391,LG9,III,40,,-1,Low
iB_15311,TC034402,LG9,III,50,,50,Low
iB_15312,TC034406,LG9,III,40,,30,Low
iB_15313,TC034415,LG9,III,50,,20,Low
iB_15314,TC034450,LG9,III,50,,60,Low
iB_15315,TC034454,LG9,III,40,,30,Low
iB_15316,TC034466,LG9,III,70,,40,Low
iB_15317,TC034468,LG9,III,60,,-1,Low
iB_15318,TC034471,LG9,III,30,,-1,Low
iB_15319,TC034474,LG9,III,50,,20,Low
iB_15320,TC034476,LG9,III,30,,50,Low
iB_15321,TC034480,LG9,III,70,,30,Low
iB_15322,TC034484,LG9,III,50,,10,Low
iB_15323,TC034517,LGX,III,10,,10,Low
iB_15324,TC034538,LG2,III,30,,-1,Low
iB_15325,TC034540,LG2,III,50,,-1,Low
iB_15326,TC034541,LG2,III,20,,40,Low
iB_15327,TC034551,LG2,III,20,,30,Low
iB_15328,TC034553,LG2,III,40,,50,Low
iB_15329,TC034555,LG2,III,40,,20,Low
iB_15330,TC034556,LG2,III,40,,20,Low
iB_15331,TC034562,LG2,III,50,,40,Low
iB_15332,TC034569,LG2,III,50,,-1,Low
iB_15333,TC034572,LG3,III,30,,-1,Low
iB_15334,TC034575,LG3,III,30,,20,Low
iB_15335,TC034576,LG3,III,30,,30,Low
iB_15336,TC034581,LG3,III,80,,30,Low
iB_15337,TC034584,LG3,III,60,,20,Low
iB_15338,TC034594,LG3,III,20,,70,Low
iB_15339,TC034597,LG3,III,40,,-1,Low
iB_15340,TC034600,LG3,III,40,,-1,Low
iB_15341,TC034604,LG3,III,30,,60,Low
iB_15342,TC034611,LG3,III,30,,20,Low
iB_15343,TC034621,LG3,III,50,,80,Low
iB_15344,TC034644,LG4,III,30,,30,Low
iB_15345,TC034646,LG4,III,30,,20,Low
iB_15346,TC034650,LG4,III,20,,40,Low
iB_15347,TC034658,LG4,III,30,,-1,Low
iB_15348,TC034659,LG4,III,50,,-1,Low
iB_15349,TC034660,LG4,III,20,,-1,Low
iB_15350,TC034664,LG4,III,60,,10,Low
iB_15351,TC034667,LG4,III,0,,70,Low
iB_15352,TC034668,LG4,III,20,,30,Low
iB_15353,TC034672,LG4,III,0,,30,Low
iB_15354,TC034673,LG4,III,40,,20,Low
iB_15355,TC034681,LG5,III,60,,-1,Low
iB_15356,TC034683,LG5,III,60,,20,Low
iB_15357,TC034688,LG5,III,20,,10,Low
iB_15358,TC034690,LG5,III,20,,40,Low
iB_15359,TC034691,LG5,III,40,,0,Low
iB_15360,TC034692,LG5,III,40,,20,Low
iB_15361,TC034699,LG5,III,40,,30,Low
iB_15362,TC034700,LG5,III,50,,-1,Low
iB_15363,TC034706,LG5,III,30,,-1,Low
iB_15364,TC034707,LG5,III,30,,0,Low
iB_15365,TC034715,LG6,III,50,,10,Low
iB_15366,TC034718,LG6,III,30,,20,Low
iB_15367,TC034730,LG6,III,30,,30,Low
iB_15368,TC034737,LG6,III,30,,40,Low
iB_15369,TC034746,LG6,III,30,,40,Low
iB_15370,TC034749,LG6,III,20,,-1,Low
iB_15371,TC034753,LG7,III,50,,-1,Low
iB_15372,TC034755,LG7,III,20,,40,Low
iB_15373,TC034756,LG7,III,50,,20,Low
iB_15374,TC034760,LG7,III,40,,10,Low
iB_15375,TC034770,LG7,III,60,,10,Low
iB_15376,TC034775,LG7,III,10,,20,Low
iB_15377,TC034778,LG7,III,20,,60,Low
iB_15378,TC034792,LG7,III,60,,-1,Low
iB_15379,TC034800,LG7,III,40,,-1,Low
iB_15380,TC034805,LG7,III,50,,-1,Low
iB_15381,TC034807,LG7,III,60,,40,Low
iB_15382,TC034810,LG7,III,0,,20,Low
iB_15383,TC034814,LG7,III,50,,40,Low
iB_15384,TC034820,LG8,III,30,,40,Low
iB_15385,TC034821,LG8,III,70,,-1,Low
iB_15386,TC034823,LG8,III,80,,-1,Low
iB_15387,TC034836,LG8,III,70,,0,Low
iB_15388,TC034841,LG8,III,60,,30,Low
iB_15389,TC034849,LG8,III,40,,60,Low
iB_15390,TC034851,LG8,III,20,,50,Low
iB_15391,TC034860,LG9,III,50,,70,Low
iB_15392,TC034876,LG9,III,30,,30,Low
iB_15393,TC034878,LG9,III,50,,-1,Low
iB_15394,TC034890,LG9,III,40,,20,Low
iB_15395,TC034894,LG9,III,60,,20,Low
iB_15396,TC034899,LG10,III,70,,20,Low
iB_15397,TC034902,LG10,III,60,,10,Low
iB_15398,TC034904,LG10,III,40,,40,Low
iB_15421,TC035049,LG7,III,50,,30,Low
iB_15422,TC035052,LG6,III,50,,50,Low
iB_15424,TC009703,LG7,III,0,,40,Low
iB_15427,TC030567,LG5,III,70,,10,Low
iB_15430,TC032267,LG2,III,70,,40,Low
iB_15435,TC012138,LG9,III,20,,40,Low
iB_15436,TC012776,LG9,III,80,,20,Low
iB_15437,TC008591,LG2,III,50,,30,Low
iB_15439,TC034853,LG9,III,60,,40,Low
iB_15442,TC007241,LG4,III,80,,20,Low
iB_15446,TC007240,LG4,III,50,,-1,Low
iB_15447,TC001176,LG2,III,50,,-1,Low
iB_15449,TC034739,LG6,III,40,,30,Low
iB_15450,TC008207,LG4,III,50,,40,Low
iB_15453,TC030773,LG5,III,90,,-1,High
iB_15454,TC033661,LG7,III,70,,-1,Low
iB_15455,TC034785,LG7,III,70,,-1,Low
iB_15457,TC006107,LG8,III,90,,0,High
iB_15458,TC007238,LG4,III,70,,-1,Low
iB_15459,TC033528,LG7,III,90,,-1,High
iB_15461,TC031177,LG7,III,80,,-1,Low
iB_15462,TC033055,LG5,III,60,,-1,Low
iB_15463,TC004988,LG2,III,90,,-1,High
iB_15464,TC033347,LG8,III,60,,0,Low
iB_15465,TC033664,LG7,III,50,,20,Low
iB_15466,TC000791,LG2,III,50,,-1,Low
iB_15467,TC000227,LG2,III,80,,-1,Low
iB_15468,TC033527,LG7,III,80,,-1,Low
iB_15470,TC032857,LG4,III,50,,-1,Low
iB_15471,TC034602,LG3,III,80,,10,Low
iB_15472,TC033578,LG7,III,70,,20,Low
iB_15473,TC034758,LG7,III,20,,-1,Low
iB_15474,TC033089,LG5,III,30,,-1,Low
iB_15475,TC034872,LG9,III,70,,-1,Low
iB_15476,TC007783,LG4,III,60,,-1,Low
iB_15477,TC033526,LG7,III,60,,-1,Low
iB_15478,TC031429,LG10,III,40,,-1,Low
iB_15479,TC034165,LG8,III,60,,0,Low
iB_15480,TC014070,LG5,III,60,,20,Low
iB_15481,TC003380,LG3,III,60,,-1,Low
iB_15482,TC030990,LG2,III,40,,-1,Low
iB_15483,TC033273,LG5,III,30,,-1,Low
iB_15484,TC005958,LG8,III,10,,-1,Low
iB_15485,TC034526,LGX,III,20,,-1,Low
iB_15486,TC031991,LG2,III,40,,-1,Low
iB_15487,TC002840,LG3,III,50,,0,Low
iB_15488,TC033062,LG5,III,20,,-1,Low
iB_15489,TC002180,LG8,III,70,,-1,Low
iB_15490,TC032467,LG3,III,20,,-1,Low
iB_15491,TC034523,LGX,III,60,,-1,Low
iB_15492,TC032591,LG3,III,50,,-1,Low
iB_15493,TC032672,LG3,III,30,,-1,Low
iB_15494,TC006277,LG8,III,70,,20,Low
iB_15495,TC012562,LG9,III,50,,10,Low
iB_15496,TC013597,LGX,III,20,,-1,Low
iB_15497,TC034147,LG8,III,50,,-1,Low
iB_15498,TC003440,LG3,III,60,,-1,Low
iB_15499,TC009953,LG7,III,40,,-1,Low
iB_15500,TC007513,LG4,III,60,,-1,Low
iB_15501,TC015166,LG6,III,40,,-1,Low
iB_15503,TC005766,LG8,III,40,,10,Low
iB_15504,TC007493,LG4,III,80,,-1,Low
iB_15505,TC032373,LG3,III,60,,-1,Low
iB_15506,TC032791,LG4,III,60,,-1,Low
iB_15507,TC012372,LG9,III,70,,-1,Low
iB_15508,TC004750,LGX,III,60,,-1,Low
iB_15509,TC033239,LG5,III,30,,-1,Low
iB_15510,TC002964,LG3,III,50,,10,Low
iB_15511,TC034286,LG9,III,70,,20,Low
iB_15512,TC031456,LG10,III,40,,-1,Low
iB_15513,TC032409,LG3,III,10,,-1,Low
iB_15514,TC032377,LG3,III,30,,-1,Low
iB_15516,TC003982,LG3,III,40,,-1,Low
iB_15517,TC011814,LG9,III,50,,50,Low
iB_15518,TC004272,LG7,III,10,,30,Low
iB_15519,TC032661,LG3,III,40,,-1,Low
iB_15520,TC032514,LG3,III,30,,-1,Low
iB_15521,TC015421,LG6,III,10,,-1,Low
iB_15522,TC034304,LG9,III,20,,-1,Low
iB_15523,TC000139,LG3,III,40,,-1,Low
iB_15524,TC034568,LG2,III,40,,-1,Low
iB_15525,TC031985,LG2,III,70,,50,Low
iB_15526,TC034221,LGX,III,60,,-1,Low
iB_15527,TC034285,LG9,III,20,,-1,Low
iB_15528,TC032900,LG4,III,80,,-1,Low
iB_15529,TC032009,LG2,III,50,,-1,Low
iB_15530,TC007983,LG4,III,50,,-1,Low
iB_15531,TC000135,LG3,III,40,,-1,Low
iB_15532,TC032164,LG2,III,40,,50,Low
iB_15533,TC005881,LG8,III,70,,60,Low
iB_15534,TC007614,LG4,III,40,,10,Low
iB_15535,TC013333,LG5,III,70,,10,Low
iB_15536,TC034124,LG8,III,50,,10,Low
iB_15537,TC034152,LG8,III,40,,30,Low
iB_15540,TC001602,LGX,III,30,,20,Low
iB_15542,TC033860,LG7,III,80,,10,Low
iB_15544,TC001221,LG2,III,60,,40,Low
iB_15546,TC015196,LG6,III,50,,30,Low
iB_15547,TC034511,LG6,III,60,,0,Low
iB_15550,TC034710,LG5,III,50,,40,Low
iB_15551,TC033557,LG7,III,70,,60,Low
iB_15552,TC031440,LG10,III,50,,20,Low
iB_15554,TC001168,LG2,III,60,,20,Low
iB_15555,TC005671,LG8,III,60,,40,Low
iB_15556,TC034034,LG8,III,30,,10,Low
iB_15557,TC031047,LG3,III,40,,70,Low
iB_15558,TC008248,LG4,III,50,,20,Low
iB_15559,TC034638,LG3,III,40,,10,Low
iB_15560,TC015489,LG6,III,50,,30,Low
iB_15561,TC005619,LG8,III,40,,20,Low
iB_15562,TC007085,LG4,III,30,,30,Low
iB_15563,TC000370,LG2,III,60,,10,Low
iB_15564,TC006645,LG8,III,50,,20,Low
iB_15565,TC015097,LG6,III,40,,40,Low
iB_15566,TC034328,LG9,III,40,,30,Low
iB_15567,TC033353,LG6,III,40,,40,Low
iB_15568,TC032564,LG3,III,90,,20,High
iB_15572,TC031069,LG3,III,50,,80,Low
iB_15574,TC000435,LG2,III,40,,20,Low
iB_15575,TC015012,LG6,III,60,,10,Low
iB_15576,TC032669,LG3,III,70,,10,Low
iB_15577,TC034888,LG9,III,60,,20,Low
iB_15578,TC032445,LG3,III,80,,60,Low
iB_15579,TC004528,LG2,III,90,,10,High
iB_15580,TC002856,LG3,III,80,,60,Low
iB_15582,TC032173,LG2,III,60,,20,Low
iB_15583,TC033396,LG6,III,40,,20,Low
iB_15584,TC032199,LG2,III,50,,20,Low
iB_15585,TC014906,LG6,III,40,,20,Low
iB_15586,TC003939,LG3,III,60,,70,Low
iB_15588,TC011876,LG9,III,50,,30,Low
iB_15589,TC007084,LG4,III,60,,10,Low
iB_15590,TC032123,LG2,III,20,,30,Low
iB_15592,TC006279,LG8,III,80,,50,Low
iB_15593,TC013373,LG5,III,70,,20,Low
iB_15594,TC001133,LG2,III,60,,40,Low
iB_15597,TC002222,LG8,III,40,,30,Low
iB_15598,TC014628,LG5,III,50,,0,Low
iB_15599,TC033357,LG6,III,30,,30,Low
iB_15600,TC007704,LG4,III,50,,30,Low
iB_15601,TC034157,LG8,III,60,,40,Low
iB_15604,TC034893,LG9,III,50,,10,Low
iB_15605,TC031996,LG2,III,40,,0,Low
iB_15606,TC031534,LGX,III,70,,50,Low
iB_15607,TC034724,LG6,III,60,,20,Low
iB_15608,TC033560,LG7,III,60,,10,Low
iB_15609,TC003617,LG3,III,40,,60,Low
iB_15610,TC012550,LG9,III,40,,10,Low
iB_15611,TC031273,LG8,III,70,,20,Low
iB_15612,TC032025,LG2,III,90,,-1,High
iB_15613,TC034839,LG8,III,60,,20,Low
iB_15615,TC031510,LGX,III,60,,30,Low
iB_15617,TC031940,LG10,III,70,,40,Low
iB_15619,TC034314,LG9,III,60,,40,Low
iB_15620,TC010984,LG9,III,60,,60,Low
iB_15621,TC034438,LG9,III,20,,20,Low
iB_15622,TC032812,LG4,III,50,,50,Low
iB_15623,TC034548,LG2,III,50,,20,Low
iB_15624,TC033986,LG8,III,60,,40,Low
iB_15625,TC032864,LG4,III,50,,0,Low
iB_15626,TC013964,LG5,III,90,,20,High
iB_15627,TC032766,LG4,III,70,,30,Low
iB_15628,TC032994,LG5,III,90,,30,High
iB_15631,TC034862,LG9,III,80,,20,Low
iB_15632,TC002615,LG3,III,50,,40,Low
iB_15633,TC034765,LG7,III,60,,0,Low
iB_15634,TC032167,LG2,III,60,,40,Low
iB_15636,TC014751,LG5,III,50,,20,Low
iB_15638,TC014914,LG6,III,50,,30,Low
iB_15639,TC011074,LG10,III,30,,10,Low
iB_15640,TC032515,LG3,III,50,,50,Low
iB_15641,TC032259,LG2,III,60,,-1,Low
iB_15642,TC033111,LG5,III,50,,30,Low
iB_15644,TC033080,LG5,III,70,,10,Low
iB_15645,TC033189,LG5,III,40,,50,Low
iB_15646,TC034192,LG8,III,80,,30,Low
iB_15647,TC007803,LG4,III,40,,30,Low
iB_15648,TC034226,LG9,III,40,,20,Low
iB_15649,TC033229,LG5,III,80,,-1,Low
iB_15651,TC032718,LG4,III,70,,20,Low
iB_15652,TC034881,LG9,III,20,,50,Low
iB_15654,TC032928,LG4,III,70,,10,Low
iB_15655,TC013077,LG5,III,40,,30,Low
iB_15656,TC013257,LG5,III,30,,60,Low
iB_15657,TC032615,LG3,III,30,,10,Low
iB_15658,TC013502,LG5,III,50,,20,Low
iB_15659,TC034417,LG9,III,60,,40,Low
iB_15660,TC034078,LG8,III,40,,10,Low
iB_15661,TC033124,LG5,III,80,,10,Low
iB_15662,TC034213,LGX,III,80,,20,Low
iB_15663,TC034220,LGX,III,50,,20,Low
iB_15664,TC008442,LG4,III,80,,10,Low
iB_15665,TC032213,LG2,III,70,,50,Low
iB_15666,TC034398,LG9,III,20,,20,Low
iB_15667,TC033084,LG5,III,60,,20,Low
iB_15669,TC010800,LGX,III,50,,40,Low
iB_15671,TC001684,LGX,III,50,,30,Low
iB_15672,TC012078,LG9,III,40,,50,Low
iB_15673,TC033114,LG5,III,10,,30,Low
iB_15674,TC009843,LG7,III,30,,20,Low
iB_15675,TC004847,LG2,III,30,,80,Low
iB_15676,TC014148,LG5,III,70,,10,Low
iB_15678,TC034697,LG5,III,40,,30,Low
iB_15681,TC012692,LG9,III,60,,40,Low
iB_15682,TC015485,LG8,III,50,,10,Low
iB_15683,TC033568,LG7,III,40,,20,Low
iB_15684,TC012897,LG3,III,80,,10,Low
iB_15685,TC032200,LG2,III,40,,20,Low
iB_15686,TC034319,LG9,III,10,,30,Low
iB_15687,TC033886,LG7,III,40,,40,Low
iB_15688,TC033034,LG5,III,30,,50,Low
iB_15689,TC007277,LG4,III,50,,40,Low
iB_15690,TC006369,LG8,III,0,,40,Low
iB_15692,TC034608,LG3,III,20,,40,Low
iB_15695,TC034649,LG4,III,40,,40,Low
iB_15696,TC014504,LG5,III,70,,20,Low
iB_15697,TC005693,LG8,III,30,,30,Low
iB_15699,TC031575,LGX,III,20,,20,Low
iB_15700,TC004912,LG2,III,40,,20,Low
iB_15701,TC006639,LG8,III,20,,10,Low
iB_15702,TC031108,LG4,III,40,,40,Low
iB_15703,TC034887,LG9,III,30,,30,Low
iB_15705,TC009811,LG7,III,20,,50,Low
iB_15706,TC010920,LG5,III,40,,50,Low
iB_15707,TC011327,LG10,III,40,,50,Low
iB_15708,TC012317,LG9,III,20,,30,Low
iB_15709,TC032599,LG3,III,30,,20,Low
iB_15710,TC034654,LG4,III,50,,30,Low
iB_15711,TC008715,LG7,III,30,,10,Low
iB_15712,TC033762,LG7,III,30,,10,Low
iB_15713,TC002737,LG3,III,40,,30,Low
iB_15715,TC034235,LG9,III,40,,20,Low
iB_15716,TC011041,LG10,III,60,,60,Low
iB_15717,TC005939,LG8,III,40,,40,Low
iB_15718,TC006617,LG8,III,30,,100,Low
iB_15720,TC015883,LG9,III,20,,50,Low
iB_15721,TC032741,LG4,III,10,,50,Low
iB_15722,TC033623,LG7,III,60,,10,Low
iB_15723,TC032681,LG3,III,30,,-1,Low
iB_15724,TC032590,LG3,III,50,,-1,Low
iB_15725,TC032408,LG3,III,40,,70,Low
iB_15726,TC014943,LG6,III,60,,60,Low
iB_15727,TC032104,LG2,III,40,,50,Low
iB_15728,TC031377,LG10,III,90,,40,High
iB_15729,TC003454,LG3,III,30,,0,Low
iB_15730,TC034747,LG6,III,50,,-1,Low
iB_15733,TC012420,LG9,III,50,,40,Low
iB_15734,TC031286,LG8,III,20,,20,Low
iB_15736,TC008143,LG4,III,10,,40,Low
iB_15739,TC033695,LG7,III,30,,-1,Low
iB_15740,TC015498,LG6,III,80,,40,Low
iB_15741,TC032401,LG3,III,70,,20,Low
iB_15742,TC033359,LG6,III,60,,20,Low
iB_15743,TC000523,LG2,III,60,,50,Low
iB_15744,TC034027,LG8,III,20,,40,Low
iB_15745,TC014615,LG5,III,20,,40,Low
iB_15746,TC014071,LG5,III,40,,-1,Low
iB_15747,TC033203,LG5,III,60,,40,Low
iB_15748,TC004417,LG2,III,60,,40,Low
iB_15749,TC032183,LG2,III,40,,20,Low
iB_15750,TC032168,LG2,III,60,,50,Low
iB_15751,TC003049,LG3,III,50,,60,Low
iB_15752,TC031471,LG3,III,30,,30,Low
iB_15753,TC034767,LG7,III,50,,-1,Low
iB_15754,TC032410,LG3,III,70,,-1,Low
iB_15755,TC032458,LG3,III,30,,50,Low
iB_15757,TC010880,LGX,III,50,,30,Low
iB_15758,TC031031,LG3,III,60,,50,Low
iB_15759,TC004914,LG2,III,30,,60,Low
iB_15760,TC034865,LG9,III,40,,0,Low
iB_15761,TC033593,LG7,III,60,,-1,Low
iB_15762,TC033422,LG6,III,40,,-1,Low
iB_15763,TC012165,LG9,III,50,,40,Low
iB_15764,TC032049,LG2,III,60,,30,Low
iB_15765,TC005942,LG8,III,40,,90,Low
iB_15766,TC034880,LG9,III,40,,50,Low
iB_15767,TC032768,LG4,III,50,,40,Low
iB_15768,TC032459,LG3,III,60,,-1,Low
iB_15769,TC002839,LG3,III,60,,-1,Low
iB_15771,TC033601,LG7,III,30,,30,Low
iB_15772,TC032036,LG2,III,60,,10,Low
iB_15773,TC034051,LG8,III,30,,60,Low
iB_15775,TC032532,LG3,III,70,,50,Low
iB_15776,TC033644,LG7,III,60,,-1,Low
iB_15777,TC010535,LG3,III,50,,-1,Low
iB_15778,TC033330,LG6,III,70,,60,Low
iB_15779,TC032899,LG4,III,20,,10,Low
iB_15780,TC003508,LG3,III,30,,40,Low
iB_15781,TC014778,LG5,III,10,,30,Low
iB_15782,TC010144,LG7,III,50,,50,Low
iB_15783,TC001540,LG10,III,50,,30,Low
iB_15784,TC003813,LG3,III,20,,-1,Low
iB_15785,TC034648,LG4,III,70,,-1,Low
iB_15787,TC031570,LGX,III,40,,10,Low
iB_15789,TC011799,LG9,III,70,,20,Low
iB_15790,TC033088,LG5,III,80,,40,Low
iB_15791,TC031559,LGX,III,70,,-1,Low
iB_15792,TC001019,LG2,III,60,,-1,Low
iB_15793,TC031490,LGX,III,60,,60,Low
iB_15795,TC006373,LG8,III,60,,40,Low
iB_15796,TC034168,LG8,III,60,,30,Low
iB_15797,TC033167,LG5,III,90,,40,High
iB_15798,TC016343,LG7,III,40,,50,Low
iB_15799,TC013035,LG5,III,40,,-1,Low
iB_15800,TC011239,LG10,III,50,,-1,Low
iB_15801,TC001468,LGX,III,70,,20,Low
iB_15802,TC015053,LG6,III,70,,50,Low
iB_15803,TC033535,LG7,III,90,,10,High
iB_15804,TC032735,LG4,III,60,,50,Low
iB_15805,TC003456,LG3,III,70,,-1,Low
iB_15806,TC033216,LG5,III,80,,-1,Low
iB_15807,TC031773,LGX,III,70,,-1,Low
iB_15808,TC033759,LG7,III,90,,-1,High
iB_15809,TC013901,LG5,III,50,,-1,Low
iB_15810,TC000256,LG2,III,60,,-1,Low
iB_15811,TC013584,LGX,III,70,,-1,Low
iB_15812,TC034080,LG8,III,50,,-1,Low
iB_15813,TC033479,LG6,III,90,,-1,High
iB_15814,TC034400,LG9,III,60,,-1,Low
iB_15815,TC033885,LG7,III,80,,-1,Low
iB_15816,TC014320,LG5,III,90,,-1,High
iB_15817,TC015612,LG6,III,50,,-1,Low
iB_15818,TC012419,LG9,III,30,,-1,Low
iB_15819,TC031039,LG3,III,30,,-1,Low
iB_15820,TC000950,LG2,III,70,,-1,Low
iB_15821,TC034121,LG8,III,80,,-1,Low
iB_15822,TC034345,LG9,III,70,,-1,Low
iB_15823,TC032064,LG2,III,70,,-1,Low
iB_15824,TC032017,LG2,III,40,,-1,Low
iB_15825,TC008683,LG7,III,60,,-1,Low
iB_15826,TC004870,LG2,III,30,,-1,Low
iB_15829,TC031028,LG3,III,30,,-1,Low
iB_15830,TC033982,LG8,III,50,,-1,Low
iB_15831,TC033392,LG6,III,40,,-1,Low
iB_15834,TC005931,LG8,III,60,,-1,Low
iB_15835,TC030905,LG3,III,30,,-1,Low
iB_15836,TC003932,LG3,III,70,,-1,Low
iB_15837,TC032310,LG3,III,60,,-1,Low
iB_15838,TC011314,LG10,III,50,,-1,Low
iB_15840,TC005467,LG8,III,40,,-1,Low
iB_15841,TC031315,LG10,III,70,,-1,Low
iB_15843,TC031475,LG3,III,70,,-1,Low
iB_15844,TC002708,LG3,III,70,,-1,Low
iB_15845,TC033752,LG7,III,70,,-1,Low
iB_15846,TC011544,LG3,III,60,,-1,Low
iB_15847,TC009276,LG7,III,50,,-1,Low
iB_15848,TC001435,LGX,III,70,,-1,Low
iB_15849,TC013263,LG5,III,50,,-1,Low
iB_15850,TC034567,LG2,III,50,,-1,Low
iB_15851,TC032244,LG2,III,60,,-1,Low
iB_15852,TC008352,LG4,III,60,,-1,Low
iB_15853,TC033438,LG6,III,70,,-1,Low
iB_15854,TC032678,LG3,III,70,,-1,Low
iB_15855,TC033007,LG5,III,50,,-1,Low
iB_15858,TC012405,LG9,III,60,,-1,Low
iB_15860,TC034447,LG9,III,70,,-1,Low
iB_15861,TC006525,LG8,III,80,,-1,Low
iB_15862,TC033874,LG7,III,60,,-1,Low
iB_15863,TC031975,LG2,III,20,,-1,Low
iB_15864,TC032698,LG3,III,20,,-1,Low
iB_15866,TC010180,LG7,III,60,,-1,Low
iB_15867,TC034445,LG9,III,40,,-1,Low
iB_15868,TC014406,LG5,III,100,,-1,Yes
iB_15869,TC014722,LG5,III,60,,-1,Low
iB_15870,TC032087,LG2,III,50,,-1,Low
iB_15871,TC030894,LG6,III,60,,-1,Low
iB_15872,TC012813,LG9,III,70,,-1,Low
iB_15873,TC015128,LG6,III,50,,-1,Low
iB_15874,TC032903,LG4,III,90,,-1,High
iB_15875,TC031987,LG2,III,40,,-1,Low
iB_15876,TC034850,LG8,III,80,,-1,Low
iB_15877,TC032440,LG3,III,50,,-1,Low
iB_15878,TC034443,LG9,III,70,,-1,Low
iB_15880,TC013233,LG5,III,50,,-1,Low
iB_15882,TC013836,LG5,III,80,,-1,Low
iB_15883,TC033779,LG7,III,30,,-1,Low
iB_15884,TC004890,LG2,III,70,,-1,Low
iB_15886,TC033024,LG5,III,50,,-1,Low
iB_15887,TC032594,LG3,III,90,,-1,High
iB_15888,TC032128,LG2,III,70,,-1,Low
iB_15889,TC031837,LG5,III,80,,-1,Low
iB_15890,TC032834,LG4,III,100,,-1,Yes
iB_15891,TC033470,LG6,III,70,,-1,Low
iB_15892,TC012359,LG9,III,40,,-1,Low
iB_15893,TC034793,LG7,III,60,,-1,Low
iB_15894,TC007245,LG4,III,80,,-1,Low
iB_15895,TC012617,LG9,III,60,,-1,Low
iB_15896,TC033915,LG8,III,70,,-1,Low
iB_15897,TC031045,LG3,III,80,,-1,Low
iB_15899,TC033051,LG5,III,50,,-1,Low
iB_15900,TC033402,LG6,III,50,,-1,Low
iB_15901,TC004943,LG2,III,30,,-1,Low
iB_15902,TC005171,LGX,III,30,,-1,Low
iB_15903,TC013334,LG5,III,30,,-1,Low
iB_15904,TC032954,LG4,III,10,,-1,Low
iB_15905,TC034696,LG5,III,60,,40,Low
iB_15906,TC032609,LG3,III,30,,90,Low
iB_15907,TC001436,LGX,III,20,,50,Low
iB_15910,TC013736,LG5,III,10,,-1,Low
iB_15911,TC015125,LG6,III,20,,-1,Low
iB_15912,TC009143,LG7,III,50,,50,Low
iB_15913,TC032920,LG4,III,30,,80,Low
iB_15915,TC032120,LG2,III,70,,50,Low
iB_15916,TC002548,LG3,III,60,,-1,Low
iB_15917,TC032483,LG3,III,40,,-1,Low
iB_15919,TC033975,LG8,III,40,,-1,Low
iB_15920,TC030987,LG2,III,50,,40,Low
iB_15923,TC034721,LG6,III,60,,50,Low
iB_15924,TC032518,LG3,III,30,,-1,Low
iB_15925,TC015263,LG8,III,50,,-1,Low
iB_15926,TC000062,LG3,III,60,,-1,Low
iB_15927,TC034325,LG9,III,30,,-1,Low
iB_15928,TC033253,LG5,III,40,,50,Low
iB_15930,TC006251,LG8,III,30,,0,Low
iB_15931,TC034809,LG7,III,40,,-1,Low
iB_15934,TC031708,LG3,III,60,,-1,Low
iB_15935,TC033760,LG7,III,60,,40,Low
iB_15936,TC006638,LG8,III,50,,0,Low
iB_15937,TC031562,LGX,III,90,,50,High
iB_15938,TC006722,LG8,III,50,,10,Low
iB_15939,TC002982,LG3,III,40,,-1,Low
iB_15940,TC032077,LG2,III,20,,-1,Low
iB_15941,TC032926,LG4,III,40,,-1,Low
iB_15942,TC011348,LG10,III,20,,-1,Low
iB_15943,TC007378,LG4,III,20,,30,Low
iB_15946,TC006655,LG8,III,40,,60,Low
iB_15947,TC033324,LG6,III,40,,-1,Low
iB_15948,TC003903,LG3,III,10,,-1,Low
iB_15950,TC007367,LG4,III,40,,30,Low
iB_15951,TC001191,LG2,III,20,,50,Low
iB_15952,TC031409,LG10,III,40,,10,Low
iB_15953,TC000488,LG2,III,50,,20,Low
iB_15954,TC034799,LG7,III,20,,-1,Low
iB_15955,TC034802,LG7,III,0,,-1,Low
iB_15956,TC000191,LG2,III,30,,-1,Low
iB_15957,TC033530,LG7,III,0,,-1,Low
iB_15958,TC032988,LG5,III,40,,50,Low
iB_15960,TC034639,LG3,III,60,,60,Low
iB_15961,TC013783,LG5,III,20,,10,Low
iB_15962,TC014170,LGX,III,20,,-1,Low
iB_15963,TC013778,LG5,III,60,,-1,Low
iB_15964,TC032525,LG3,III,40,,-1,Low
iB_15965,TC034486,LG9,III,30,,-1,Low
iB_15966,TC011235,LG10,III,50,,30,Low
iB_15969,TC010865,LGX,III,40,,50,Low
iB_15970,TC032108,LG2,III,60,,-1,Low
iB_15971,TC008452,LG4,III,20,,-1,Low
iB_15972,TC032462,LG3,III,50,,-1,Low
iB_15973,TC033328,LG6,III,40,,-1,Low
iB_15974,TC033394,LG3,III,60,,40,Low
iB_15975,TC008453,LG4,III,60,,70,Low
iB_15976,TC034151,LG8,III,30,,50,Low
iB_15977,TC032360,LG3,III,40,,-1,Low
iB_15978,TC033851,LG7,III,40,,-1,Low
iB_15979,TC034467,LG9,III,30,,-1,Low
iB_15981,TC032607,LG3,III,20,,40,Low
iB_15984,TC007554,LG4,III,20,,20,Low
iB_15985,TC030985,LG2,III,20,,-1,Low
iB_15986,TC033515,LG7,III,40,,-1,Low
iB_15987,TC002566,LG3,III,20,,-1,Low
iB_15988,TC032422,LG3,III,30,,30,Low
iB_15989,TC008310,LG4,III,10,,50,Low
iB_15990,TC012097,LG9,III,20,,30,Low
iB_15991,TC006475,LG8,III,20,,60,Low
iB_15992,TC012719,LG9,III,20,,40,Low
iB_15993,TC010511,LG3,III,20,,60,Low
iB_15994,TC031141,LG5,III,50,,30,Low
iB_15995,TC014866,LG6,III,30,,20,Low
iB_15996,TC033248,LG5,III,20,,30,Low
iB_15997,TC013908,LG5,III,0,,40,Low
iB_15998,TC007105,LG4,III,40,,30,Low
iB_16000,TC032432,LG3,III,40,,70,Low
iB_16001,TC033179,LG5,III,50,,40,Low
iB_16002,TC032232,LG2,III,20,,40,Low
iB_16004,TC013176,LG5,III,20,,30,Low
iB_16005,TC003863,LG3,III,10,,30,Low
iB_16007,TC032320,LG3,III,10,,50,Low
iB_16008,TC010638,LG9,III,10,,20,Low
iB_16009,TC012404,LG9,III,30,,60,Low
iB_16010,TC011693,LG9,III,30,,30,Low
iB_16013,TC034284,LG9,III,40,,50,Low
iB_16014,TC016382,LG7,III,30,,20,Low
iB_16015,TC005064,LG5,III,10,,50,Low
iB_16016,TC034306,LG9,III,20,,30,Low
iB_16017,TC004124,LGX,III,70,,40,Low
iB_16018,TC033647,LG7,III,40,,30,Low
iB_16019,TC031459,LGX,III,30,,30,Low
iB_16020,TC034189,LG8,III,60,,20,Low
iB_16021,TC032929,LG4,III,50,,50,Low
iB_16024,TC032971,LG2,III,30,,50,Low
iB_16025,TC034603,LG3,III,50,,30,Low
iB_16026,TC034335,LG9,III,40,,30,Low
iB_16027,TC000429,LG2,III,30,,20,Low
iB_16029,TC031533,LGX,III,40,,30,Low
iB_16030,TC015233,LG8,III,80,,70,Low
iB_16031,TC015716,LG6,III,50,,60,Low
iB_16032,TC031566,LGX,III,40,,80,Low
iB_16033,TC005325,LG8,III,70,,60,Low
iB_16034,TC031114,LG4,III,60,,20,Low
iB_16035,TC003084,LG3,III,50,,30,Low
iB_16037,TC034350,LG9,III,30,,30,Low
iB_16039,TC010524,LG3,III,70,,70,Low
iB_16040,TC006508,LG8,III,50,,20,Low
iB_16041,TC001739,LGX,III,70,,30,Low
iB_16042,TC031974,LG2,III,40,,20,Low
iB_16043,TC033873,LG7,III,40,,30,Low
iB_16044,TC031232,LG9,III,50,,40,Low
iB_16048,TC033155,LG5,III,40,,30,Low
iB_16050,TC002586,LG3,III,50,,40,Low
iB_16051,TC033478,LG6,III,30,,30,Low
iB_16054,TC011850,LG9,III,50,,30,Low
iB_16055,TC033367,LG6,III,80,,60,Low
iB_16056,TC033477,LG6,III,30,,40,Low
iB_16057,TC012272,LG9,III,0,,20,Low
iB_16058,TC031529,LGX,III,50,,30,Low
iB_16059,TC011835,LG9,III,40,,30,Low
iB_16063,TC003941,LG3,III,40,,30,Low
iB_16065,TC031417,LG10,III,50,,20,Low
iB_16066,TC033261,LG5,III,10,,30,Low
iB_16067,TC031543,LGX,III,60,,80,Low
iB_16068,TC007950,LG4,III,60,,40,Low
iB_16070,TC033728,LG7,III,40,,20,Low
iB_16071,TC014958,LG6,III,40,,10,Low
iB_16073,TC008034,LG4,III,50,,40,Low
iB_16074,TC033200,LG5,III,10,,10,Low
iB_16075,TC033877,LG7,III,30,,30,Low
iB_16076,TC032127,LG2,III,40,,30,Low
iB_16079,TC009043,LG7,III,60,,20,Low
iB_16080,TC032078,LG2,III,60,,10,Low
iB_16081,TC032452,LG3,III,50,,30,Low
iB_16082,TC032501,LG3,III,50,,30,Low
iB_16083,TC033533,LG7,III,30,,30,Low
iB_16085,TC013122,LG5,III,30,,90,Low
iB_16086,TC033474,LG6,III,50,,60,Low
iB_16088,TC003510,LG3,III,60,,60,Low
iB_16091,TC004648,LGX,II/III,60,,,Low
iB_16092,TC013436,LG5,II/III,60,,,Low
iB_16093,TC004790,LGX,III,40,,60,Low
iB_16094,TC034605,LG3,III,40,,80,Low
iB_16095,TC004869,LG2,III,20,,30,Low
iB_16096,TC009828,LG7,II/III,40,,,Low
iB_16097,TC012007,LG9,II/III,50,,,Low
iB_16100,TC013285,LG7,III,70,,60,Low
iB_16101,TC033473,LG6,III,40,,60,Low
iB_16103,TC032925,LG4,III,50,,90,Low
iB_16104,TC005172,LGX,II/III,40,,,Low
iB_16105,TC034632,LG3,II/III,80,,,Low
iB_16106,TC001695,LGX,II/III,80,,,Low
iB_16107,TC015851,LG6,II/III,20,,,Low
iB_16110,TC032099,LG2,III,80,,50,Low
iB_16112,TC003101,LG3,II/III,70,,,Low
iB_16113,TC033139,LG5,II/III,30,,,Low
iB_16114,TC015239,LG8,II/III,30,,,Low
iB_16115,TC004503,LG2,III,80,,70,Low
iB_16116,TC004471,LG2,III,50,,40,Low
iB_16117,TC014892,LG6,III,70,,60,Low
iB_16118,TC011414,LG10,III,70,,60,Low
iB_16119,TC004771,LGX,II/III,40,,,Low
iB_16120,TC006790,LG8,II/III,60,,,Low
iB_16122,TC033523,LG7,II/III,50,,,Low
iB_16123,TC032371,LG3,III,50,,70,Low
iB_16124,TC034882,LG9,III,40,,20,Low
iB_16126,TC032321,LG3,III,40,,70,Low
iB_16127,TC034573,LG3,II/III,90,,,High
iB_16128,TC033439,LG6,II/III,70,,,Low
iB_16129,TC014206,LGX,II/III,50,,,Low
iB_16130,TC032106,LG2,II/III,80,,,Low
iB_16131,TC013755,LG5,III,80,,60,Low
iB_16132,TC001614,LGX,III,80,,50,Low
iB_16133,TC031378,LG10,III,30,,60,Low
iB_16134,TC006502,LG8,II/III,30,,,Low
iB_16136,TC032191,LG2,II/III,40,,,Low
iB_16138,TC032481,LG3,III,20,,70,Low
iB_16139,TC031210,LG7,III,60,,80,Low
iB_16140,TC032142,LG2,III,20,,70,Low
iB_16141,TC006283,LG8,III,20,,70,Low
iB_16142,TC006812,LG8,II/III,30,,,Low
iB_16143,TC031233,LG9,II/III,40,,,Low
iB_16145,TC034743,LG6,II/III,30,,,Low
iB_16147,TC016217,LG10,III,20,,50,Low
iB_16149,TC032008,LG2,III,10,,80,Low
iB_16150,TC034200,LG8,II/III,40,,,Low
iB_16151,TC032085,LG2,II/III,30,,,Low
iB_16152,TC005692,LG8,II/III,30,,,Low
iB_16153,TC011891,LG9,II/III,30,,,Low
iB_16154,TC032524,LG3,III,30,,60,Low
iB_16155,TC012744,LG9,III,10,,40,Low
iB_16156,TC032744,LG4,III,40,,50,Low
iB_16157,TC000473,LG2,III,10,,40,Low
iB_16158,TC033653,LG7,II/III,40,,,Low
iB_16159,TC013481,LG5,II/III,50,,,Low
iB_16160,TC015565,LG6,II/III,50,,,Low
iB_16161,TC003983,LG3,III,40,,70,Low
iB_16163,TC014164,LG5,III,50,,70,Low
iB_16164,TC034410,LG9,III,20,,30,Low
iB_16166,TC034293,LG9,II/III,10,,,Low
iB_16168,TC032490,LG3,II/III,20,,,Low
iB_16170,TC012673,LG9,III,40,,60,Low
iB_16173,TC032109,LG2,II/III,40,,,Low
iB_16174,TC002623,LG3,II/III,30,,,Low
iB_16175,TC005791,LG8,II/III,30,,,Low
iB_16176,TC010550,LG3,II/III,60,,,Low
iB_16178,TC001353,LG2,II/III,50,,,Low
iB_16179,TC001198,LG2,II/III,50,,,Low
iB_16180,TC012588,LG9,II/III,60,,,Low
iB_16182,TC031353,LG10,II/III,40,,,Low
iB_16183,TC010982,LG9,II/III,60,,,Low
iB_16184,TC034321,LG9,II/III,40,,,Low
iB_16185,TC014718,LG5,II/III,20,,,Low
iB_16186,TC010514,LG3,II/III,90,,,High
iB_16188,TC034024,LG8,II/III,50,,,Low
iB_16190,TC032372,LG3,II/III,70,,,Low
iB_16191,TC011454,LG10,II/III,50,,,Low
iB_16192,TC032402,LG3,II/III,70,,,Low
iB_16193,TC013027,LG5,II/III,50,,,Low
iB_16194,TC033140,LG5,II/III,50,,,Low
iB_16195,TC009404,LG7,II/III,10,,,Low
iB_16196,TC033887,LG7,II/III,20,,,Low
iB_16197,TC032322,LG3,II/III,40,,,Low
iB_16198,TC011415,LG10,II/III,50,,,Low
iB_16199,TC033844,LG7,II/III,40,,,Low
iB_16200,TC032027,LG2,II/III,50,,,Low
iB_16201,TC013097,LG5,II/III,50,,,Low
iB_16202,TC032081,LG2,II/III,60,,,Low
iB_16203,TC004536,LG2,II/III,50,,,Low
iB_16204,TC032205,LG2,II/III,40,,,Low
iB_16206,TC032386,LG3,II/III,50,,,Low
iB_16207,TC034380,LG9,II/III,90,,,High
iB_16209,TC033482,LG6,II/III,50,,,Low
iB_16212,TC032677,LG3,II/III,60,,,Low
iB_16215,TC001781,LGX,II/III,50,,,Low
iB_16217,TC000392,LG2,II/III,40,,,Low
iB_16218,TC016094,LG10,II/III,60,,,Low
iB_16221,TC032096,LG2,II/III,40,,,Low
iB_16222,TC034246,LG9,II/III,50,,,Low
iB_16224,TC008792,LG7,II/III,50,,,Low
iB_16225,TC003650,LG3,II/III,50,,,Low
iB_16228,TC007445,LG4,II/III,60,,,Low
iB_16229,TC016381,LG7,II/III,70,,,Low
iB_16230,TC014186,LGX,II/III,70,,,Low
iB_16231,TC016153,LG2,II/III,40,,,Low
iB_16232,TC032105,LG2,II/III,70,,,Low
iB_16233,TC031961,LG2,II/III,40,,,Low
iB_16234,TC013902,LG5,II/III,60,,,Low
iB_16235,TC032417,LG3,II/III,30,,,Low
iB_16236,TC032237,LG2,II/III,80,,,Low
iB_16237,TC032715,LG4,II/III,20,,,Low
iB_16238,TC001188,LG2,II/III,50,,,Low
iB_16239,TC002605,LG3,II/III,40,,,Low
iB_16241,TC006426,LG8,II/III,60,,,Low
iB_16242,TC005839,LG8,II/III,40,,,Low
iB_16243,TC032192,LG2,II/III,60,,,Low
iB_16244,TC032407,LG3,II/III,40,,,Low
iB_16245,TC032892,LG4,II/III,30,,,Low
iB_16246,TC013910,LG5,II/III,50,,,Low
iB_16248,TC032385,LG3,II/III,30,,,Low
iB_16249,TC008046,LG4,II/III,40,,,Low
iB_16250,TC004783,LGX,II/III,30,,,Low
iB_16251,TC033719,LG7,II/III,60,,,Low
iB_16252,TC007902,LG4,II/III,80,,,Low
iB_16254,TC034035,LG8,II/III,80,,,Low
iB_16255,TC001299,LG2,II/III,30,,,Low
iB_16256,TC013769,LG5,II/III,50,,,Low
iB_16257,TC032103,LG2,II/III,40,,,Low
iB_16260,TC014739,LG5,II/III,70,,,Low
iB_16261,TC032580,LG3,II/III,80,,,Low
iB_16262,TC008398,LG4,II/III,60,,,Low
iB_16264,TC004685,LGX,II/III,40,,,Low
iB_16265,TC016359,LG7,II/III,80,,,Low
iB_16267,TC013675,LG5,II/III,20,,,Low
iB_16271,TC034883,LG9,II/III,70,,,Low
iB_16272,TC030992,LG2,II/III,40,,,Low
iB_16273,TC031443,LG10,II/III,80,,,Low
iB_16274,TC034428,LG9,II/III,50,,,Low
iB_16275,TC033684,LG7,II/III,70,,,Low
iB_16276,TC033840,LG7,II/III,70,,,Low
iB_16277,TC005239,LG2,II/III,50,,,Low
iB_16278,TC034716,LG6,II/III,40,,,Low
iB_16280,TC006087,LG8,II/III,70,,,Low
iB_16283,TC002818,LG3,II/III,20,,,Low
iB_16284,TC032460,LG3,II/III,70,,,Low
iB_16285,TC034171,LG8,II/III,70,,,Low
iB_16286,TC033388,LG6,II/III,70,,,Low
iB_16290,TC002729,LG3,II/III,50,,,Low
iB_16291,TC004739,LGX,II/III,50,,,Low
iB_16293,TC009853,LG7,II/III,70,,,Low
iB_16294,TC003662,LG3,II/III,60,,,Low
iB_16295,TC013725,LG5,II/III,90,,,High
iB_16296,TC033897,LG7,II/III,70,,,Low
iB_16297,TC032090,LG2,II/III,80,,,Low
iB_16298,TC002650,LG3,II/III,50,,,Low
iB_16299,TC012485,LG9,II/III,100,,,Yes
iB_16300,TC032102,LG2,II/III,70,,,Low
iB_16302,TC010582,LG7,II/III,80,,,Low
iB_16303,TC003482,LG3,II/III,70,,,Low
iB_16305,TC034234,LG9,II/III,100,,,Yes
iB_16306,TC009078,LG7,II/III,70,,,Low
iB_16308,TC004668,LGX,II/III,100,,,Yes
iB_16309,TC006320,LG8,II/III,60,,,Low
iB_16310,TC015002,LG6,II/III,80,,,Low
iB_16313,TC011258,LG10,II/III,80,,,Low
iB_16314,TC004506,LG2,II/III,50,,,Low
iB_16315,TC000559,LG2,II/III,50,,,Low
iB_16316,TC032484,LG3,II/III,60,,,Low
iB_16317,TC008152,LG4,II/III,80,,,Low
iB_16318,TC034182,LG8,II/III,70,,,Low
iB_16319,TC034079,LG8,II/III,90,,,High
iB_16320,TC008490,LG4,II/III,40,,,Low
iB_16321,TC005414,LG8,II/III,90,,,High
iB_16323,TC010017,LG7,II/III,80,,,Low
iB_16324,TC014235,LGX,II/III,100,,,Yes
iB_16325,TC031405,LG10,II/III,90,,,High
iB_16326,TC006504,LG8,II/III,60,,,Low
iB_16328,TC006302,LG8,II/III,100,,,Yes
iB_16329,TC034817,LG8,II/III,80,,,Low
iB_16331,TC008740,LG7,II/III,50,,,Low
iB_16332,TC002402,LG3,II/III,40,,,Low
iB_16334,TC033730,LG7,II/III,90,,,High
iB_16335,TC002974,LG3,II/III,70,,,Low
iB_16336,TC010826,LGX,II/III,70,,,Low
iB_16337,TC032989,LG5,II/III,90,,,High
iB_16338,TC033741,LG7,II/III,80,,,Low
iB_16339,TC032333,LG3,II/III,60,,,Low
iB_16341,TC002111,LG3,II/III,80,,,Low
iB_16342,TC034545,LG2,II/III,80,,,Low
iB_16343,TC033121,LG5,II/III,80,,,Low
iB_16344,TC032914,LG4,II/III,80,,,Low
iB_16346,TC034099,LG8,II/III,50,,,Low
iB_16347,TC033854,LG7,II/III,70,,,Low
iB_16348,TC031482,LGX,II/III,70,,,Low
iB_16349,TC015630,LG6,II/III,80,,,Low
iB_16352,TC012265,LG9,II/III,80,,,Low
iB_16353,TC032752,LG4,II/III,80,,,Low
iB_16355,TC032450,LG3,II/III,70,,,Low
iB_16356,TC006650,LG8,II/III,60,,,Low
iB_16357,TC031976,LG2,II/III,80,,,Low
iB_16358,TC033880,LG7,II/III,80,,,Low
iB_16361,TC004883,LG2,II/III,70,,,Low
iB_16362,TC008335,LG4,II/III,60,,,Low
iB_16363,TC033534,LG7,II/III,20,,,Low
iB_16365,TC032026,LG2,II/III,40,,,Low
iB_16367,TC001696,LGX,II/III,90,,,High
iB_16369,TC034801,LG7,II/III,60,,,Low
iB_16370,TC034346,LG9,II/III,90,,,High
iB_16371,TC010223,LG7,II/III,40,,,Low
iB_16372,TC010823,LGX,II/III,30,,,Low
iB_16375,TC032235,LG2,II/III,20,,,Low
iB_16376,TC007667,LG4,II/III,60,,,Low
iB_16381,TC005969,LG8,II/III,60,,,Low
iB_16382,TC010214,LG7,II/III,40,,,Low
iB_16384,TC033569,LG7,II/III,60,,,Low
iB_16385,TC000670,LG2,II/III,50,,,Low
iB_16386,TC015646,LG6,II/III,60,,,Low
iB_16387,TC014001,LG5,II/III,60,,,Low
iB_16388,TC003314,LG3,II/III,40,,,Low
iB_16389,TC033383,LG6,II/III,70,,,Low
iB_16390,TC033480,LG6,II/III,60,,,Low
iB_16392,TC034479,LG9,II/III,70,,,Low
iB_16394,TC016080,LG10,II/III,70,,,Low
iB_16395,TC032743,LG4,II/III,50,,,Low
iB_16396,TC034233,LG9,II/III,30,,,Low
iB_16397,TC015739,LG6,II/III,30,,,Low
iB_16398,TC010918,LG5,II/III,60,,,Low
iB_16400,TC014469,LG5,II/III,60,,,Low
iB_16402,TC032016,LG2,II/III,90,,,High
iB_16403,TC006015,LG8,II/III,70,,,Low
iB_16404,TC006682,LG8,II/III,80,,,Low
iB_16410,TC011781,LG9,II/III,70,,,Low
iB_16411,TC004832,LG2,II/III,50,,,Low
iB_16412,TC013611,LGX,II/III,80,,,Low
iB_16413,TC012865,LG9,II/III,70,,,Low
iB_16417,TC011908,LG9,II/III,10,,,Low
iB_16418,TC015143,LG6,II/III,40,,,Low
iB_16419,TC014010,LG5,II/III,20,,,Low
iB_16420,TC032234,LG2,II/III,30,,,Low
iB_16421,TC031571,LGX,II/III,70,,,Low
iB_16423,TC013354,LG5,II/III,60,,,Low
iB_16424,TC000261,LG2,II/III,60,,,Low
iB_16425,TC003591,LG3,II/III,70,,,Low
iB_16428,TC034473,LG9,II/III,20,,,Low
iB_16430,TC034539,LG2,II/III,0,,,Low
iB_16431,TC003934,LG3,II/III,60,,,Low
iB_16434,TC034349,LG9,II/III,60,,,Low
iB_16436,TC000952,LG2,II/III,40,,,Low
iB_16437,TC011885,LG9,II/III,10,,,Low
iB_16438,TC013929,LG5,II/III,40,,,Low
iB_16440,TC010193,LG7,II/III,40,,,Low
iB_16441,TC033197,LG5,II/III,60,,,Low
iB_16442,TC002451,LG3,II/III,50,,,Low
iB_16443,TC011775,LG9,II/III,50,,,Low
iB_16444,TC002225,LG8,II/III,30,,,Low
iB_16445,TC000646,LG2,II/III,70,,,Low
iB_16447,TC033663,LG7,II/III,60,,,Low
iB_16448,TC034852,LG8,II/III,40,,,Low
iB_16449,TC032804,LG4,II/III,60,,,Low
iB_16451,TC034879,LG9,II/III,40,,,Low
iB_16452,TC032627,LG3,II/III,80,,,Low
iB_16455,TC034909,LG10,II/III,40,,,Low
iB_16456,TC033654,LG7,II/III,0,,,Low
iB_16460,TC006144,LG8,II/III,40,,,Low
iB_16462,TC011282,LG10,II/III,40,,,Low
iB_16463,TC031705,LG3,II/III,10,,,Low
iB_16466,TC004307,LG9,II/III,20,,,Low
iB_16467,TC005037,LG3,II/III,30,,,Low
iB_16474,TC034571,LG2,II/III,90,,,High
iB_16478,TC009096,LG7,II/III,30,,,Low
iB_16479,TC034191,LG8,II/III,10,,,Low
iB_16481,TC016261,LG9,II/III,60,,,Low
iB_16482,TC032210,LG2,II/III,20,,,Low
iB_16483,TC015666,LG6,II/III,40,,,Low
iB_16484,TC034889,LG9,II/III,40,,,Low
iB_16485,TC034780,LG7,II/III,40,,,Low
iB_16490,TC008601,LG7,II/III,30,,,Low
iB_16492,TC015507,LG6,II/III,40,,,Low
iB_16493,TC034338,LG9,II/III,30,,,Low
iB_16496,TC006998,LG4,II/III,50,,,Low
iB_16498,TC016362,LG7,II/III,50,,,Low
iB_16499,TC001721,LGX,II/III,20,,,Low
iB_16501,TC002923,LG3,II/III,60,,,Low
iB_16502,TC000951,LG2,II/III,20,,,Low
iB_16503,TC004885,LG2,II/III,50,,,Low
iB_16506,TC012022,LG9,II/III,60,,,Low
iB_16507,TC009728,LG7,II/III,30,,,Low
iB_16508,TC034536,LGX,II/III,70,,,Low
iB_16509,TC003681,LG3,II/III,50,,,Low
iB_16510,TC000455,LG2,II/III,40,,,Low
iB_16511,TC013471,LG5,II/III,70,,,Low
iB_16512,TC014803,LG5,II/III,70,,,Low
iB_16513,TC003585,LG3,II/III,50,,,Low
iB_16514,TC016054,LGX,II/III,50,,,Low
iB_16515,TC034864,LG9,II/III,60,,,Low
iB_16516,TC032533,LG3,II/III,50,,,Low
iB_16517,TC010966,LG9,II/III,70,,,Low
iB_16518,TC005598,LG8,II/III,60,,,Low
iB_16519,TC033961,LG8,II/III,60,,,Low
iB_16520,TC007408,LG4,II/III,20,,,Low
iB_16522,TC012670,LG9,II/III,20,,,Low
iB_16523,TC012459,LG9,II/III,30,,,Low
iB_16524,TC009379,LG7,II/III,20,,,Low
iB_16525,TC007829,LG4,II/III,20,,,Low
iB_16527,TC001619,LGX,II/III,40,,,Low
iB_16528,TC032679,LG3,II/III,40,,,Low
iB_16529,TC014578,LG5,II/III,30,,,Low
iB_16531,TC011853,LG9,II/III,50,,,Low
iB_16532,TC010095,LG7,II/III,60,,,Low
iB_16533,TC033923,LG8,II/III,60,,,Low
iB_16534,TC013305,LG5,II/III,30,,,Low
iB_16536,TC003113,LG3,II/III,50,,,Low
iB_16538,TC011956,LG9,II/III,50,,,Low
iB_16539,TC013297,LG7,II/III,50,,,Low
iB_16541,TC031374,LG10,II/III,30,,,Low
iB_16543,TC008822,LG7,II/III,30,,,Low
iB_16544,TC008988,LG7,II/III,40,,,Low
iB_16545,TC008346,LG4,II/III,70,,,Low
iB_16549,TC003683,LG3,II/III,10,,,Low
iB_16550,TC000765,LG2,II/III,60,,,Low
iB_16551,TC011426,LG10,II/III,30,,,Low
iB_16552,TC002910,LG3,II/III,30,,,Low
iB_16553,TC033416,LG6,II/III,60,,,Low
iB_16554,TC004498,LG2,II/III,60,,,Low
iB_16555,TC004998,LG2,II/III,70,,,Low
iB_16556,TC012703,LG9,II/III,60,,,Low
iB_16557,TC005970,LG8,II/III,40,,,Low
iB_16558,TC005402,LG8,II/III,60,,,Low
iB_16559,TC003725,LG3,II/III,20,,,Low
iB_16560,TC011416,LG10,II/III,10,,,Low
iB_16561,TC010556,LG3,II/III,40,,,Low
iB_16562,TC031544,LGX,II/III,30,,,Low
iB_16563,TC007052,LG4,II/III,50,,,Low
iB_16564,TC002479,LG3,II/III,50,,,Low
iB_16565,TC007040,LG4,II/III,10,,,Low
iB_16567,TC032007,LG2,II/III,10,,,Low
iB_16569,TC000860,LG2,II/III,50,,,Low
iB_16570,TC001008,LG2,II/III,60,,,Low
iB_16572,TC003824,LG3,II/III,40,,,Low
iB_16573,TC013841,LG5,II/III,40,,,Low
iB_16574,TC004163,LGX,II/III,50,,,Low
iB_16575,TC034359,LG9,II/III,30,,,Low
iB_16576,TC009826,LG7,II/III,10,,,Low
iB_16577,TC007669,LG4,II/III,30,,,Low
iB_16578,TC001028,LG2,II/III,30,,,Low
iB_16579,TC003577,LG3,II/III,60,,,Low
iB_16580,TC016264,LG9,II/III,0,,,Low
iB_16581,TC009945,LG7,II/III,30,,,Low
iB_16583,TC031527,LGX,II/III,30,,,Low
iB_16584,TC003225,LG3,II/III,20,,,Low
iB_16585,TC014805,LG5,II/III,40,,,Low
iB_16586,TC007621,LG4,II/III,10,,,Low
iB_16587,TC014043,LG5,II/III,30,,,Low
iB_16588,TC003769,LG3,II/III,20,,,Low
iB_16589,TC007140,LG4,II/III,10,,,Low
iB_16590,TC001267,LG2,II/III,30,,,Low
iB_16591,TC013302,LG5,II/III,30,,,Low
iB_16593,TC005537,LG8,II/III,20,,,Low
iB_16594,TC006491,LG8,II/III,0,,,Low
iB_16595,TC004507,LG2,II/III,20,,,Low
iB_16596,TC032894,LG4,II/III,40,,,Low
iB_16597,TC012452,LG9,II/III,30,,,Low
iB_16599,TC012926,LG2,II/III,80,,,Low
iB_16600,TC000260,LG2,II/III,50,,,Low
iB_16601,TC007334,LG4,II/III,80,,,Low
iB_16602,TC003012,LG3,II/III,40,,,Low
iB_16603,TC033218,LG5,II/III,40,,,Low
iB_16604,TC001117,LG2,II/III,80,,,Low
iB_16606,TC004479,LG2,II/III,70,,,Low
iB_16607,TC002512,LG3,II/III,40,,,Low
iB_16608,TC034258,LG9,II/III,50,,,Low
iB_16609,TC012693,LG9,II/III,50,,,Low
iB_16612,TC013054,LG5,II/III,30,,,Low
iB_16613,TC000898,LG2,II/III,30,,,Low
iB_16614,TC000283,LG2,II/III,70,,,Low
iB_16617,TC003772,LG3,II/III,30,,,Low
iB_16618,TC008634,LG7,II/III,70,,,Low
iB_16621,TC034257,LG9,II/III,50,,,Low
iB_16622,TC001184,LG2,II/III,50,,,Low
iB_16625,TC010220,LG7,II/III,30,,,Low
iB_16627,TC007777,LG4,II/III,70,,,Low
iB_16628,TC010792,LGX,II/III,60,,,Low
iB_16629,TC000284,LG2,II/III,70,,,Low
iB_16630,TC007041,LG4,II/III,50,,,Low
iB_16631,TC011977,LG9,II/III,40,,,Low
iB_16632,TC011904,LG9,II/III,40,,,Low
iB_16635,TC009751,LG7,II/III,30,,,Low
iB_16636,TC014232,LGX,II/III,50,,,Low
iB_16637,TC034601,LG3,II/III,50,,,Low
iB_16639,TC003771,LG3,II/III,20,,,Low
iB_16640,TC002196,LG8,II/III,60,,,Low
iB_16641,TC012788,LG9,II/III,60,,,Low
iB_16643,TC005429,LG8,II/III,70,,,Low
iB_16645,TC003261,LG3,II/III,30,,,Low
iB_16646,TC013914,LG5,II/III,0,,,Low
iB_16647,TC009353,LG7,II/III,40,,,Low
iB_16648,TC008258,LG4,II/III,50,,,Low
iB_16649,TC001294,LG2,II/III,30,,,Low
iB_16650,TC002902,LG3,II/III,40,,,Low
iB_16651,TC004517,LG2,II/III,50,,,Low
iB_16652,TC032315,LG3,II/III,60,,,Low
iB_16653,TC014670,LG5,II/III,40,,,Low
iB_16654,TC010077,LG7,II/III,40,,,Low
iB_16655,TC008114,LG4,II/III,30,,,Low
iB_16656,TC002862,LG3,II/III,50,,,Low
iB_16659,TC007355,LG4,II/III,30,,,Low
iB_16660,TC000307,LG2,II/III,50,,,Low
iB_16661,TC001608,LGX,II/III,60,,,Low
iB_16662,TC010080,LG7,II/III,40,,,Low
iB_16663,TC009868,LG7,II/III,0,,,Low
iB_16664,TC006233,LG8,II/III,10,,,Low
iB_16665,TC014508,LG7,II/III,50,,,Low
iB_16666,TC007888,LG4,II/III,50,,,Low
iB_16667,TC003090,LG3,II/III,40,,,Low
iB_16669,TC013621,LGX,II/III,60,,,Low
iB_16670,TC014255,LG5,II/III,60,,,Low
iB_16671,TC006791,LG8,II/III,0,,,Low
iB_16672,TC005422,LG8,II/III,60,,,Low
iB_16673,TC014059,LG5,II/III,30,,,Low
iB_16674,TC013899,LG5,II/III,40,,,Low
iB_16675,TC008843,LG7,II/III,40,,,Low
iB_16676,TC003684,LG3,II/III,30,,,Low
iB_16677,TC000645,LG2,II/III,20,,,Low
iB_16678,TC033751,LG7,II/III,20,,,Low
iB_16683,TC008746,LG7,II/III,30,,,Low
iB_16684,TC006473,LG8,II/III,10,,,Low
iB_16686,TC001644,LG9,II/III,10,,,Low
iB_16687,TC010862,LGX,II/III,40,,,Low
iB_16688,TC002670,LG3,II/III,40,,,Low
iB_16689,TC009323,LG7,II/III,30,,,Low
iB_16690,TC010078,LG7,II/III,20,,,Low
iB_16692,TC008074,LG4,II/III,20,,,Low
iB_16693,TC008050,LG4,II/III,10,,,Low
iB_16694,TC007161,LG4,II/III,50,,,Low
iB_16695,TC002513,LG3,II/III,20,,,Low
iB_16696,TC014066,LG5,II/III,30,,,Low
iB_16697,TC001603,LGX,II/III,30,,,Low
iB_16698,TC002685,LG3,II/III,40,,,Low
iB_16699,TC002474,LG3,II/III,30,,,Low
iB_16700,TC000489,LG2,II/III,20,,,Low
iB_16701,TC004051,LG7,II/III,20,,,Low
iB_16702,TC010397,LG5,II/III,20,,,Low
iB_16703,TC009248,LG7,II/III,20,,,Low
iB_16704,TC012746,LG9,II/III,60,,,Low
iB_16705,TC005340,LG8,II/III,30,,,Low
iB_16706,TC003705,LG3,II/III,40,,,Low
iB_16707,TC008694,LG7,II/III,20,,,Low
iB_16708,TC004754,LGX,II/III,10,,,Low
iB_16709,TC003892,LG3,II/III,70,,,Low
iB_16710,TC008008,LG4,II/III,40,,,Low
iB_16711,TC015527,LG6,II/III,50,,,Low
iB_16713,TC003030,LG3,II/III,0,,,Low
iB_16715,TC014765,LG5,II/III,50,,,Low
iB_16716,TC001295,LG2,II/III,10,,,Low
iB_16717,TC008893,LG7,II/III,40,,,Low
iB_16718,TC011811,LG9,II/III,60,,,Low
iB_16719,TC007217,LG4,II/III,50,,,Low
iB_16720,TC013499,LG5,II/III,30,,,Low
iB_16721,TC006073,LG8,II/III,10,,,Low
iB_16722,TC009454,LG7,II/III,20,,,Low
iB_16723,TC003660,LG3,II/III,0,,,Low
iB_16724,TC013092,LG5,II/III,30,,,Low
iB_16725,TC008054,LG4,II/III,30,,,Low
iB_16726,TC000892,LG2,II/III,30,,,Low
iB_16727,TC013610,LGX,II/III,10,,,Low
iB_16728,TC008600,LG7,II/III,50,,,Low
iB_16729,TC012541,LG9,II/III,20,,,Low
iB_16730,TC007001,LG4,II/III,10,,,Low
iB_16731,TC000341,LG2,II/III,50,,,Low
iB_16733,TC014510,LG7,II/III,20,,,Low
iB_16734,TC004917,LG2,II/III,20,,,Low
iB_16735,TC006387,LG8,II/III,30,,,Low
iB_16736,TC003031,LG3,II/III,50,,,Low
iB_16737,TC013900,LG5,II/III,30,,,Low
iB_16738,TC012879,LG9,II/III,0,,,Low
iB_16739,TC009909,LG7,II/III,40,,,Low
iB_16740,TC001290,LG2,II/III,10,,,Low
iB_16741,TC013688,LG5,II/III,40,,,Low
iB_16743,TC005827,LG8,II/III,40,,,Low
iB_16744,TC001454,LGX,II/III,50,,,Low
iB_16745,TC005699,LG8,II/III,20,,,Low
iB_16746,TC002927,LG3,II/III,20,,,Low
iB_16747,TC031502,LGX,II/III,20,,,Low
iB_16749,TC014349,LG5,II/III,30,,,Low
iB_16750,TC011625,LG9,II/III,30,,,Low
iB_16751,TC000259,LG2,II/III,30,,,Low
iB_16752,TC011485,LG7,II/III,10,,,Low
iB_16753,TC008345,LG4,II/III,20,,,Low
iB_16754,TC013764,LG5,II/III,30,,,Low
iB_16756,TC002891,LG3,II/III,10,,,Low
iB_16757,TC010135,LG7,II/III,20,,,Low
iB_16758,TC004913,LG2,II/III,40,,,Low
iB_16759,TC008824,LG7,II/III,30,,,Low
iB_16760,TC004813,LG2,II/III,30,,,Low
iB_16763,TC006304,LG8,II/III,30,,,Low
iB_16764,TC000022,LG3,II/III,20,,,Low
iB_16766,TC032810,LG4,II/III,10,,,Low
iB_16767,TC012401,LG9,II/III,30,,,Low
iB_16768,TC011726,LG9,II/III,10,,,Low
iB_16769,TC013533,LG5,II/III,40,,,Low
iB_16770,TC004487,LG2,II/III,20,,,Low
iB_16771,TC009030,LG7,II/III,50,,,Low
iB_16772,TC012836,LG9,II/III,50,,,Low
iB_16773,TC008434,LG4,II/III,0,,,Low
iB_16774,TC008192,LG4,II/III,70,,,Low
iB_16775,TC006377,LG8,II/III,30,,,Low
iB_16776,TC004681,LGX,II/III,40,,,Low
iB_16777,TC003926,LG3,II/III,30,,,Low
iB_16778,TC014969,LG6,II/III,40,,,Low
iB_16779,TC013557,LG5,II/III,30,,,Low
iB_16780,TC001627,LGX,II/III,50,,,Low
iB_16781,TC015734,LG6,II/III,40,,,Low
iB_16782,TC012790,LG9,II/III,40,,,Low
iB_16784,TC001626,LGX,II/III,30,,,Low
iB_16785,TC034833,LG8,II/III,30,,,Low
iB_16786,TC008626,LG7,II/III,20,,,Low
iB_16787,TC002758,LG3,II/III,10,,,Low
iB_16788,TC000826,LG2,II/III,40,,,Low
iB_16790,TC007866,LG4,II/III,30,,,Low
iB_16791,TC007605,LG4,II/III,20,,,Low
iB_16792,TC013518,LG5,II/III,10,,,Low
iB_16793,TC005346,LG8,II/III,30,,,Low
iB_16795,TC003723,LG3,II/III,30,,,Low
iB_16798,TC000067,LG3,II/III,0,,,Low
iB_16799,TC000076,LG3,II/III,30,,,Low
iB_16800,TC000273,LG2,II/III,30,,,Low
iB_16801,TC000378,LG2,II/III,10,,,Low
iB_16802,TC000545,LG2,II/III,30,,,Low
iB_16803,TC000721,LG2,II/III,50,,,Low
iB_16804,TC000845,LG2,II/III,40,,,Low
iB_16805,TC000922,LG2,II/III,70,,,Low
iB_16806,TC001192,LG2,II/III,50,,,Low
iB_16807,TC001277,LG2,II/III,40,,,Low
iB_16810,TC001432,LGX,II/III,70,,,Low
iB_16814,TC001649,LG9,II/III,30,,,Low
iB_16815,TC001726,LGX,II/III,80,,,Low
iB_16820,TC002090,LG10,II/III,80,,,Low
iB_16822,TC002200,LG8,II/III,70,,,Low
iB_16823,TC002226,LG8,II/III,40,,,Low
iB_16828,TC002428,LG3,II/III,50,,,Low
iB_16829,TC002434,LG3,II/III,30,,,Low
iB_16830,TC002523,LG3,II/III,50,,,Low
iB_16831,TC002524,LG3,II/III,50,,,Low
iB_16832,TC002563,LG3,II/III,40,,,Low
iB_16833,TC002640,LG3,II/III,30,,,Low
iB_16834,TC002649,LG3,II/III,60,,,Low
iB_16835,TC002660,LG3,II/III,70,,,Low
iB_16836,TC002690,LG3,II/III,50,,,Low
iB_16837,TC002700,LG3,II/III,80,,,Low
iB_16838,TC002721,LG3,II/III,60,,,Low
iB_16839,TC002771,LG3,II/III,70,,,Low
iB_16840,TC002843,LG3,II/III,100,,,Yes
iB_16841,TC002953,LG3,II/III,40,,,Low
iB_16842,TC003104,LG3,II/III,100,,,Yes
iB_16843,TC003233,LG3,II/III,20,,,Low
iB_16844,TC003291,LG3,II/III,100,,,Yes
iB_16845,TC003292,LG3,II/III,60,,,Low
iB_16846,TC003344,LG3,II/III,60,,,Low
iB_16847,TC003444,LG3,II/III,60,,,Low
iB_16848,TC003487,LG3,II/III,80,,,Low
iB_16849,TC003520,LG3,II/III,40,,,Low
iB_16850,TC003671,LG3,II/III,70,,,Low
iB_16851,TC003673,LG3,II/III,100,,,Yes
iB_16852,TC003693,LG3,II/III,70,,,Low
iB_16853,TC003758,LG3,II/III,40,,,Low
iB_16854,TC003809,LG3,II/III,100,,,Yes
iB_16855,TC003812,LG3,II/III,70,,,Low
iB_16856,TC003828,LG3,II/III,50,,,Low
iB_16857,TC003830,LG3,II/III,80,,,Low
iB_16858,TC004001,LG3,II/III,100,,,Yes
iB_16859,TC004014,LG3,II/III,80,,,Low
iB_16860,TC004017,LG3,II/III,60,,,Low
iB_16861,TC004027,LG3,II/III,60,,,Low
iB_16863,TC004130,LGX,II/III,70,,,Low
iB_16864,TC004154,LGX,II/III,70,,,Low
iB_16865,TC004155,LGX,II/III,100,,,Yes
iB_16866,TC004157,LGX,II/III,40,,,Low
iB_16870,TC004263,LG3,II/III,70,,,Low
iB_16871,TC004303,LG9,II/III,30,,,Low
iB_16872,TC004308,LG9,II/III,100,,,Yes
iB_16873,TC004309,LG9,II/III,40,,,Low
iB_16875,TC004380,LG10,II/III,50,,,Low
iB_16876,TC004416,LG2,II/III,30,,,Low
iB_16877,TC004439,LG2,II/III,30,,,Low
iB_16878,TC004441,LG2,II/III,30,,,Low
iB_16879,TC004444,LG2,II/III,70,,,Low
iB_16880,TC004493,LG2,II/III,40,,,Low
iB_16881,TC005320,LG8,II/III,20,,,Low
iB_16882,TC005698,LG8,II/III,50,,,Low
iB_16883,TC005701,LG8,II/III,30,,,Low
iB_16884,TC006292,LG8,II/III,40,,,Low
iB_16885,TC007725,LG4,II/III,30,,,Low
iB_16886,TC008153,LG4,II/III,60,,,Low
iB_16887,TC009087,LG7,II/III,50,,,Low
iB_16888,TC009260,LG7,II/III,100,,,Yes
iB_16889,TC009605,LG7,II/III,20,,,Low
iB_16890,TC009697,LG7,II/III,70,,,Low
iB_16891,TC009830,LG7,II/III,60,,,Low
iB_16892,TC010067,LG7,II/III,30,,,Low
iB_16893,TC010132,LG7,II/III,50,,,Low
iB_16897,TC011406,LG10,II/III,70,,,Low
iB_16898,TC011411,LG10,II/III,30,,,Low
iB_16899,TC012234,LG9,II/III,30,,,Low
iB_16900,TC012529,LG9,II/III,60,,,Low
iB_16901,TC012577,LG9,II/III,100,,,Yes
iB_16902,TC012993,LG5,II/III,30,,,Low
iB_16903,TC030138,LG6,II/III,40,,,Low
iB_16904,TC030140,LG6,II/III,60,,,Low
iB_16906,TC030272,LG8,II/III,30,,,Low
iB_16907,TC030434,LG2,II/III,40,,,Low
iB_16908,TC030603,LG9,II/III,60,,,Low
iB_16909,TC030689,LGX,II/III,40,,,Low
iB_16910,TC030752,LG5,II/III,50,,,Low
iB_16911,TC030760,LG6,II/III,100,,,Yes
iB_16912,TC030910,LG6,II/III,50,,,Low
iB_16914,TC031162,LG5,II/III,70,,,Low
iB_16915,TC031226,LG9,II/III,50,,,Low
iB_16916,TC031356,LG10,II/III,70,,,Low
iB_16918,TC032148,LG2,II/III,20,,,Low
iB_16919,TC032154,LG2,II/III,60,,,Low
iB_16920,TC032162,LG2,II/III,60,,,Low
iB_16921,TC032163,LG2,II/III,80,,,Low
iB_16922,TC032294,LG3,II/III,70,,,Low
iB_16923,TC032974,LG2,II/III,70,,,Low
iB_16924,TC033805,LG7,II/III,40,,,Low
iB_16925,TC033921,LG8,II/III,60,,,Low
iB_16926,TC034156,LG8,II/III,40,,,Low
iB_16927,TC034434,LG9,II/III,70,,,Low
iB_16928,TC000599,LG2,II/III,70,,,Low
iB_16931,TC000597,LG2,II/III,80,,,Low
iB_16935,TC002483,LG3,II/III,40,,,Low
iB_16936,TC003295,LG3,II/III,100,,,Yes
iB_16937,TC003575,LG3,II/III,80,,,Low
iB_16938,TC003599,LG3,II/III,40,,,Low
iB_16939,TC003639,LG3,II/III,50,,,Low
iB_16940,TC004054,LG7,II/III,60,,,Low
iB_16942,TC005091,LG8,II/III,90,,,High
iB_16943,TC005368,LG8,II/III,70,,,Low
iB_16944,TC005873,LG8,II/III,90,,,High
iB_16945,TC007350,LG4,II/III,80,,,Low
iB_16946,TC008451,LG4,II/III,30,,,Low
iB_16947,TC010224,LG7,II/III,80,,,Low
iB_16949,TC012755,LG9,II/III,40,,,Low
iB_16950,TC013048,LG5,II/III,50,,,Low
iB_16951,TC013222,LG5,II/III,70,,,Low
iB_16952,TC015561,LG6,II/III,50,,,Low
iB_16953,TC015623,LG6,II/III,90,,,High
iB_16954,TC030392,LG3,II/III,50,,,Low
iB_16957,TC032781,LG4,II/III,40,,,Low
iB_16958,TC033181,LG5,II/III,80,,,Low
iB_16959,TC033249,LG5,II/III,70,,,Low
iB_16960,TC033322,LG6,II/III,50,,,Low
iB_16961,TC033799,LG7,II/III,70,,,Low
iB_16964,TC014230,LGX,II/III,50,,,Low
iB_16966,TC008120,LG4,II/III,90,,,High
iB_16968,TC034712,LG5,II/III,80,,,Low
iB_16969,TC034432,LG9,II/III,60,,,Low
iB_16970,TC009269,LG7,II/III,50,,,Low
iB_16971,TC004759,LGX,II/III,60,,,Low
iB_16973,TC032767,LG4,II/III,40,,,Low
iB_16974,TC013807,LG5,II/III,40,,,Low
iB_16975,TC032624,LG3,II/III,70,,,Low
iB_16976,TC031983,LG2,II/III,60,,,Low
iB_16977,TC034238,LG9,II/III,60,,,Low
iB_16980,TC033914,LG8,II/III,50,,,Low
iB_16981,TC007360,LG4,II/III,60,,,Low
iB_16982,TC033078,LG5,II/III,70,,,Low
iB_16983,TC031500,LGX,II/III,60,,,Low
iB_16985,TC032352,LG3,II/III,70,,,Low
iB_16986,TC033869,LG7,II/III,60,,,Low
iB_16987,TC032362,LG3,II/III,90,,,High
iB_16988,TC034403,LG9,II/III,40,,,Low
iB_16989,TC031199,LG7,II/III,70,,,Low
iB_16990,TC031523,LGX,II/III,30,,,Low
iB_16991,TC033930,LG8,II/III,70,,,Low
iB_16992,TC007757,LG4,II/III,20,,,Low
iB_16993,TC031282,LG8,II/III,30,,,Low
iB_16995,TC015249,LG8,II/III,50,,,Low
iB_16996,TC032029,LG2,II/III,60,,,Low
iB_16997,TC032659,LG3,II/III,40,,,Low
iB_16998,TC031197,LG7,II/III,60,,,Low
iB_16999,TC006601,LG8,II/III,50,,,Low
iB_17000,TC031774,LGX,II/III,40,,,Low
iB_17001,TC014141,LG5,II/III,50,,,Low
iB_17003,TC003815,LG3,II/III,20,,,Low
iB_17004,TC032959,LG4,II/III,50,,,Low
iB_17008,TC007821,LG4,II/III,40,,,Low
iB_17009,TC032015,LG2,II/III,10,,,Low
iB_17010,TC031407,LG10,II/III,50,,,Low
iB_17014,TC008805,LG7,II/III,50,,,Low
iB_17015,TC031550,LGX,II/III,50,,,Low
iB_17019,TC007338,LG4,II/III,50,,,Low
iB_17020,TC032107,LG2,II/III,40,,,Low
iB_17021,TC033021,LG5,II/III,50,,,Low
iB_17022,TC000286,LG2,II/III,60,,,Low
iB_17024,TC032468,LG3,II/III,70,,,Low
iB_17025,TC034709,LG5,II/III,20,,,Low
iB_17026,TC012733,LG9,II/III,50,,,Low
iB_17028,TC005169,LGX,II/III,70,,,Low
iB_17029,TC003993,LG3,II/III,80,,,Low
iB_17031,TC008581,LG2,II/III,40,,,Low
iB_17034,TC034676,LG4,II/III,50,,,Low
iB_17038,TC005790,LG8,II/III,40,,,Low
iB_17039,TC013387,LG5,II/III,60,,,Low
iB_17040,TC006346,LG8,II/III,80,,,Low
iB_17041,TC001260,LG2,II/III,50,,,Low
iB_17043,TC003198,LG3,II/III,30,,,Low
iB_17045,TC011974,LG9,II/III,50,,,Low
iB_17046,TC032038,LG2,II/III,50,,,Low
iB_17047,TC002436,LG3,II/III,90,,,High
iB_17048,TC002176,LG8,II/III,90,,,High
iB_17052,TC003658,LG3,II/III,50,,,Low
iB_17053,TC013678,LG5,II/III,60,,,Low
iB_17054,TC012111,LG9,II/III,40,,,Low
iB_17055,TC000899,LG2,II/III,50,,,Low
iB_17056,TC000777,LG2,II/III,50,,,Low
iB_17057,TC000628,LG2,II/III,60,,,Low
iB_17058,TC009272,LG7,II/III,50,,,Low
iB_17059,TC012441,LG9,II/III,50,,,Low
iB_17060,TC008748,LG7,II/III,30,,,Low
iB_17061,TC003890,LG3,II/III,70,,,Low
iB_17062,TC000716,LG2,II/III,90,,,High
iB_17063,TC000490,LG2,II/III,40,,,Low
iB_17064,TC007622,LG4,II/III,30,,,Low
iB_17066,TC014719,LG5,II/III,80,,,Low
iB_17067,TC008458,LG4,II/III,60,,,Low
iB_17069,TC014331,LG5,II/III,80,,,Low
iB_17072,TC013981,LG5,II/III,60,,,Low
iB_17073,TC012329,LG9,II/III,60,,,Low
iB_17074,TC012202,LG9,II/III,50,,,Low
iB_17075,TC008328,LG4,II/III,70,,,Low
iB_17076,TC004614,LGX,II/III,40,,,Low
iB_17077,TC008249,LG4,II/III,80,,,Low
iB_17078,TC000659,LG2,II/III,70,,,Low
iB_17079,TC011985,LG9,II/III,70,,,Low
iB_17081,TC008269,LG4,II/III,50,,,Low
iB_17082,TC002754,LG3,II/III,70,,,Low
iB_17083,TC016168,LG2,II/III,80,,,Low
iB_17084,TC004156,LGX,II/III,80,,,Low
iB_17085,TC008571,LG2,II/III,50,,,Low
iB_17086,TC014569,LG5,II/III,50,,,Low
iB_17087,TC008622,LG7,II/III,40,,,Low
iB_17088,TC007527,LG4,II/III,40,,,Low
iB_17089,TC013856,LG5,II/III,40,,,Low
iB_17091,TC016091,LG10,II/III,60,,,Low
iB_17092,TC004529,LG2,II/III,20,,,Low
iB_17094,TC014558,LG5,II/III,50,,,Low
iB_17095,TC010090,LG7,II/III,80,,,Low
iB_17096,TC003622,LG3,II/III,60,,,Low
iB_17097,TC007137,LG4,II/III,60,,,Low
iB_17098,TC008362,LG4,II/III,80,,,Low
iB_17099,TC007294,LG4,II/III,40,,,Low
iB_17100,TC013158,LG5,II/III,90,,,High
iB_17101,TC010950,LG5,II/III,80,,,Low
iB_17102,TC008850,LG7,II/III,60,,,Low
iB_17103,TC002203,LG8,II/III,80,,,Low
iB_17104,TC007462,LG4,II/III,50,,,Low
iB_17105,TC013239,LG5,II/III,60,,,Low
iB_17106,TC012456,LG9,II/III,60,,,Low
iB_17108,TC004880,LG2,II/III,60,,,Low
iB_17109,TC014991,LG6,II/III,40,,,Low
iB_17110,TC005645,LG8,II/III,50,,,Low
iB_17111,TC012333,LG9,II/III,50,,,Low
iB_17112,TC003579,LG3,II/III,40,,,Low
iB_17113,TC015438,LG6,II/III,60,,,Low
iB_17114,TC014614,LG5,II/III,60,,,Low
iB_17115,TC012739,LG9,II/III,30,,,Low
iB_17116,TC007064,LG4,II/III,40,,,Low
iB_17117,TC006695,LG8,II/III,50,,,Low
iB_17118,TC005350,LG8,II/III,80,,,Low
iB_17120,TC010083,LG7,II/III,50,,,Low
iB_17121,TC008115,LG4,II/III,30,,,Low
iB_17122,TC007609,LG4,II/III,30,,,Low
iB_17123,TC002703,LG3,II/III,50,,,Low
iB_17124,TC002776,LG3,II/III,70,,,Low
iB_17125,TC011216,LG10,II/III,50,,,Low
iB_17126,TC005642,LG8,II/III,70,,,Low
iB_17127,TC001080,LG2,II/III,50,,,Low
iB_17128,TC013100,LG5,II/III,40,,,Low
iB_17129,TC001776,LGX,II/III,80,,,Low
iB_17131,TC012722,LG9,II/III,60,,,Low
iB_17132,TC011766,LG9,II/III,60,,,Low
iB_17133,TC012716,LG9,II/III,60,,,Low
iB_17134,TC009855,LG7,II/III,90,,,High
iB_17135,TC003724,LG3,II/III,60,,,Low
iB_17136,TC002457,LG3,II/III,50,,,Low
iB_17137,TC013238,LG5,II/III,80,,,Low
iB_17138,TC009136,LG7,II/III,20,,,Low
iB_17139,TC006531,LG8,II/III,80,,,Low
iB_17140,TC003685,LG3,II/III,30,,,Low
iB_17141,TC002744,LG3,II/III,40,,,Low
iB_17142,TC016071,LG10,II/III,30,,,Low
iB_17143,TC011453,LG10,II/III,70,,,Low
iB_17144,TC008747,LG7,II/III,50,,,Low
iB_17145,TC008193,LG4,II/III,50,,,Low
iB_17147,TC013298,LG7,II/III,50,,,Low
iB_17148,TC010136,LG7,II/III,50,,,Low
iB_17149,TC003581,LG3,II/III,90,,,High
iB_17150,TC014057,LG5,II/III,70,,,Low
iB_17151,TC013363,LG5,II/III,60,,,Low
iB_17152,TC011779,LG9,II/III,60,,,Low
iB_17153,TC003266,LG3,II/III,50,,,Low
iB_17154,TC000340,LG2,II/III,60,,,Low
iB_17155,TC012079,LG9,II/III,90,,,High
iB_17156,TC005446,LG8,II/III,50,,,Low
iB_17157,TC003576,LG3,II/III,50,,,Low
iB_17158,TC003511,LG3,II/III,40,,,Low
iB_17159,TC001196,LG2,II/III,70,,,Low
iB_17160,TC001127,LG2,II/III,100,,,Yes
iB_17161,TC013730,LG5,II/III,80,,,Low
iB_17163,TC014302,LG5,II/III,60,,,Low
iB_17164,TC007895,LG4,II/III,60,,,Low
iB_17165,TC002699,LG3,II/III,80,,,Low
iB_17166,TC012594,LG9,II/III,80,,,Low
iB_17167,TC011957,LG9,II/III,80,,,Low
iB_17168,TC004571,LG2,II/III,80,,,Low
iB_17169,TC002469,LG3,II/III,90,,,High
iB_17171,TC006005,LG8,II/III,60,,,Low
iB_17172,TC015745,LG6,II/III,60,,,Low
iB_17173,TC008375,LG4,II/III,60,,,Low
iB_17174,TC007449,LG4,II/III,70,,,Low
iB_17176,TC000891,LG2,II/III,50,,,Low
iB_17177,TC014449,LG5,II/III,40,,,Low
iB_17178,TC012398,LG9,II/III,50,,,Low
iB_17179,TC011983,LG9,II/III,50,,,Low
iB_17181,TC008892,LG7,II/III,90,,,High
iB_17182,TC015055,LG6,II/III,60,,,Low
iB_17183,TC014117,LG5,II/III,20,,,Low
iB_17184,TC003513,LG3,II/III,30,,,Low
iB_17185,TC003106,LG3,II/III,70,,,Low
iB_17186,TC013991,LG5,II/III,60,,,Low
iB_17188,TC012472,LG9,II/III,40,,,Low
iB_17189,TC009898,LG7,II/III,60,,,Low
iB_17190,TC003882,LG3,II/III,60,,,Low
iB_17191,TC014744,LG5,II/III,60,,,Low
iB_17192,TC008751,LG7,II/III,40,,,Low
iB_17193,TC005639,LG8,II/III,30,,,Low
iB_17194,TC012789,LG9,II/III,10,,,Low
iB_17195,TC002928,LG3,II/III,20,,,Low
iB_17196,TC007677,LG4,II/III,40,,,Low
iB_17197,TC000072,LG3,II/III,50,,,Low
iB_17198,TC012480,LG9,II/III,20,,,Low
iB_17199,TC009859,LG7,II/III,70,,,Low
iB_17201,TC001332,LG2,II/III,60,,,Low
iB_17202,TC000958,LG2,II/III,50,,,Low
iB_17203,TC010859,LGX,II/III,30,,,Low
iB_17204,TC008978,LG7,II/III,70,,,Low
iB_17205,TC004319,LG9,II/III,50,,,Low
iB_17206,TC003721,LG3,II/III,20,,,Low
iB_17207,TC003285,LG3,II/III,50,,,Low
iB_17208,TC003015,LG3,II/III,60,,,Low
iB_17209,TC000025,LG3,II/III,40,,,Low
iB_17212,TC010510,LG3,II/III,40,,,Low
iB_17213,TC009088,LG7,II/III,40,,,Low
iB_17214,TC008159,LG4,II/III,80,,,Low
iB_17215,TC007225,LG4,II/III,60,,,Low
iB_17216,TC002204,LG8,II/III,60,,,Low
iB_17217,TC000420,LG2,II/III,70,,,Low
iB_17218,TC013443,LG5,II/III,60,,,Low
iB_17219,TC013440,LG5,II/III,30,,,Low
iB_17220,TC007115,LG4,II/III,50,,,Low
iB_17221,TC004736,LGX,II/III,70,,,Low
iB_17222,TC000510,LG2,II/III,40,,,Low
iB_17223,TC008374,LG4,II/III,10,,,Low
iB_17224,TC007980,LG4,II/III,30,,,Low
iB_17225,TC014618,LG5,II/III,20,,,Low
iB_17226,TC013983,LG5,II/III,40,,,Low
iB_17227,TC013281,LG7,II/III,50,,,Low
iB_17228,TC012255,LG9,II/III,10,,,Low
iB_17229,TC001203,LG2,II/III,40,,,Low
iB_17230,TC000694,LG2,II/III,30,,,Low
iB_17231,TC009522,LG7,II/III,10,,,Low
iB_17232,TC007994,LG4,II/III,20,,,Low
iB_17233,TC002725,LG3,II/III,40,,,Low
iB_17234,TC014399,LG5,II/III,40,,,Low
iB_17235,TC013729,LG5,II/III,70,,,Low
iB_17236,TC012003,LG9,II/III,60,,,Low
iB_17237,TC004904,LG2,II/III,20,,,Low
iB_17238,TC000264,LG2,II/III,80,,,Low
iB_17239,TC013549,LG5,II/III,50,,,Low
iB_17240,TC009921,LG7,II/III,50,,,Low
iB_17241,TC004537,LG2,II/III,40,,,Low
iB_17242,TC002679,LG3,II/III,40,,,Low
iB_17243,TC016275,LG9,II/III,70,,,Low
iB_17244,TC014262,LG5,II/III,40,,,Low
iB_17245,TC011152,LG10,II/III,70,,,Low
iB_17246,TC008183,LG4,II/III,50,,,Low
iB_17247,TC008041,LG4,II/III,40,,,Low
iB_17249,TC014555,LG5,II/III,40,,,Low
iB_17253,TC013512,LG5,II/III,40,,,Low
iB_17254,TC008950,LG7,II/III,60,,,Low
iB_17255,TC007899,LG4,II/III,20,,,Low
iB_17257,TC010890,LGX,II/III,60,,,Low
iB_17258,TC007909,LG4,II/III,50,,,Low
iB_17259,TC005407,LG8,II/III,50,,,Low
iB_17260,TC004804,LGX,II/III,50,,,Low
iB_17261,TC000775,LG2,II/III,70,,,Low
iB_17262,TC000696,LG2,II/III,50,,,Low
iB_17263,TC013026,LG5,II/III,60,,,Low
iB_17264,TC012603,LG9,II/III,60,,,Low
iB_17265,TC011293,LG10,II/III,60,,,Low
iB_17266,TC009764,LG7,II/III,30,,,Low
iB_17267,TC003631,LG3,II/III,40,,,Low
iB_17268,TC014324,LG5,II/III,50,,,Low
iB_17269,TC013207,LG5,II/III,40,,,Low
iB_17270,TC008377,LG4,II/III,50,,,Low
iB_17271,TC008213,LG4,II/III,40,,,Low
iB_17272,TC003108,LG3,II/III,30,,,Low
iB_17273,TC002604,LG3,II/III,60,,,Low
iB_17274,TC000343,LG2,II/III,50,,,Low
iB_17276,TC008079,LG4,II/III,40,,,Low
iB_17277,TC006011,LG8,II/III,40,,,Low
iB_17278,TC003667,LG3,II/III,90,,,High
iB_17279,TC003473,LG3,II/III,30,,,Low
iB_17280,TC002819,LG3,II/III,80,,,Low
iB_17281,TC013957,LG5,II/III,40,,,Low
iB_17282,TC008743,LG7,II/III,50,,,Low
iB_17283,TC008327,LG4,II/III,60,,,Low
iB_17284,TC006541,LG8,II/III,40,,,Low
iB_17285,TC005843,LG8,II/III,60,,,Low
iB_17286,TC004572,LG2,II/III,70,,,Low
iB_17287,TC003679,LG3,II/III,60,,,Low
iB_17288,TC001777,LGX,II/III,80,,,Low
iB_17289,TC000718,LG2,II/III,90,,,High
iB_17290,TC000212,LG2,II/III,80,,,Low
iB_17291,TC008378,LG4,II/III,40,,,Low
iB_17292,TC007977,LG4,II/III,60,,,Low
iB_17293,TC007917,LG4,II/III,40,,,Low
iB_17294,TC004477,LG2,II/III,50,,,Low
iB_17295,TC002772,LG3,II/III,40,,,Low
iB_17296,TC002179,LG8,II/III,60,,,Low
iB_17297,TC000471,LG2,II/III,50,,,Low
iB_17298,TC016374,LG7,II/III,50,,,Low
iB_17299,TC015694,LG6,II/III,60,,,Low
iB_17300,TC009823,LG7,II/III,20,,,Low
iB_17301,TC009523,LG7,II/III,60,,,Low
iB_17302,TC008082,LG4,II/III,80,,,Low
iB_17303,TC002794,LG3,II/III,70,,,Low
iB_17304,TC001516,LG10,II/III,60,,,Low
iB_17305,TC014724,LG5,II/III,60,,,Low
iB_17306,TC013330,LG5,II/III,40,,,Low
iB_17307,TC007596,LG4,II/III,40,,,Low
iB_17308,TC003888,LG3,II/III,50,,,Low
iB_17309,TC000650,LG2,II/III,30,,,Low
iB_17310,TC034565,LG2,II/III,50,,,Low
iB_17311,TC016268,LG9,II/III,60,,,Low
iB_17312,TC012478,LG9,II/III,60,,,Low
iB_17313,TC011765,LG9,II/III,20,,,Low
iB_17314,TC007196,LG4,II/III,50,,,Low
iB_17315,TC005540,LG8,II/III,40,,,Low
iB_17316,TC003636,LG3,II/III,70,,,Low
iB_17317,TC003534,LG3,II/III,60,,,Low
iB_17318,TC003431,LG3,II/III,60,,,Low
iB_17319,TC012444,LG9,II/III,40,,,Low
iB_17321,TC003107,LG3,II/III,70,,,Low
iB_17322,TC016277,LG9,II/III,90,,,High
iB_17323,TC016059,LGX,II/III,60,,,Low
iB_17324,TC015017,LG6,II/III,50,,,Low
iB_17325,TC014912,LG6,II/III,60,,,Low
iB_17326,TC013287,LG7,II/III,70,,,Low
iB_17327,TC013159,LG5,II/III,70,,,Low
iB_17328,TC012486,LG9,II/III,70,,,Low
iB_17330,TC009064,LG7,II/III,60,,,Low
iB_17331,TC007388,LG4,II/III,20,,,Low
iB_17332,TC005416,LG8,II/III,50,,,Low
iB_17333,TC003764,LG3,II/III,50,,,Low
iB_17334,TC000262,LG2,II/III,60,,,Low
iB_17336,TC011984,LG9,II/III,90,,,High
iB_17337,TC011342,LG10,II/III,70,,,Low
iB_17338,TC011146,LG10,II/III,90,,,High
iB_17339,TC006537,LG8,II/III,20,,,Low
iB_17340,TC004687,LGX,II/III,30,,,Low
iB_17341,TC004323,LG9,II/III,70,,,Low
iB_17342,TC001547,LG3,II/III,60,,,Low
iB_17343,TC000869,LG2,II/III,60,,,Low
iB_17344,TC000776,LG2,II/III,40,,,Low
iB_17345,TC000651,LG2,II/III,60,,,Low
iB_17346,TC000348,LG2,II/III,60,,,Low
iB_17347,TC013638,LGX,II/III,60,,,Low
iB_17350,TC010190,LG7,II/III,10,,,Low
iB_17351,TC009762,LG7,II/III,20,,,Low
iB_17352,TC009134,LG7,II/III,40,,,Low
iB_17353,TC006142,LG8,II/III,50,,,Low
iB_17354,TC002820,LG3,II/III,20,,,Low
iB_17355,TC001538,LG10,II/III,70,,,Low
iB_17356,TC013510,LG5,II/III,20,,,Low
iB_17357,TC012728,LG9,II/III,60,,,Low
iB_17358,TC010802,LGX,II/III,50,,,Low
iB_17359,TC010265,LG3,II/III,30,,,Low
iB_17360,TC009155,LG7,II/III,70,,,Low
iB_17361,TC008866,LG7,II/III,50,,,Low
iB_17362,TC008432,LG4,II/III,20,,,Low
iB_17363,TC007526,LG4,II/III,50,,,Low
iB_17364,TC004845,LG2,II/III,60,,,Low
iB_17365,TC003686,LG3,II/III,40,,,Low
iB_17366,TC001868,LGX,II/III,60,,,Low
iB_17367,TC001536,LG10,II/III,40,,,Low
iB_17368,TC014657,LG5,II/III,40,,,Low
iB_17369,TC013216,LG5,II/III,40,,,Low
iB_17371,TC009662,LG7,II/III,60,,,Low
iB_17372,TC008942,LG7,II/III,60,,,Low
iB_17373,TC007049,LG4,II/III,70,,,Low
iB_17374,TC012939,LG3,II/III,60,,,Low
iB_17375,TC012211,LG9,II/III,30,,,Low
iB_17376,TC011334,LG10,II/III,50,,,Low
iB_17377,TC010787,LGX,II/III,70,,,Low
iB_17378,TC008932,LG7,II/III,40,,,Low
iB_17379,TC008766,LG7,II/III,10,,,Low
iB_17380,TC008306,LG4,II/III,30,,,Low
iB_17382,TC006012,LG8,II/III,40,,,Low
iB_17383,TC004707,LGX,II/III,50,,,Low
iB_17384,TC001532,LG10,II/III,10,,,Low
iB_17385,TC015798,LG6,II/III,40,,,Low
iB_17386,TC015797,LG6,II/III,30,,,Low
iB_17387,TC013619,LGX,II/III,10,,,Low
iB_17388,TC013426,LG5,II/III,20,,,Low
iB_17389,TC010396,LG5,II/III,40,,,Low
iB_17390,TC009062,LG7,II/III,40,,,Low
iB_17391,TC006016,LG8,II/III,70,,,Low
iB_17392,TC005220,LG9,II/III,60,,,Low
iB_17393,TC003469,LG3,II/III,20,,,Low
iB_17394,TC003014,LG3,II/III,80,,,Low
iB_17395,TC002511,LG3,II/III,50,,,Low
iB_17396,TC002086,LG10,II/III,50,,,Low
iB_17397,TC014649,LG5,II/III,40,,,Low
iB_17398,TC002997,LG3,II/III,40,,,Low
iB_17399,TC001514,LG10,II/III,70,,,Low
iB_17401,TC009242,LG7,II/III,70,,,Low
iB_17402,TC001520,LG10,II/III,50,,,Low
iB_17403,TC000153,LG5,II/III,40,,,Low
iB_17404,TC000226,LG2,II/III,50,,,Low
iB_17405,TC000360,LG2,II/III,40,,,Low
iB_17406,TC000606,LG2,II/III,30,,,Low
iB_17407,TC000617,LG2,II/III,40,,,Low
iB_17408,TC000732,LG2,II/III,80,,,Low
iB_17409,TC000887,LG2,II/III,40,,,Low
iB_17410,TC001272,LG2,II/III,60,,,Low
iB_17413,TC003218,LG3,II/III,60,,,Low
iB_17414,TC003967,LG3,II/III,50,,,Low
iB_17415,TC004312,LG9,II/III,50,,,Low
iB_17416,TC004400,LG10,II/III,50,,,Low
iB_17417,TC004402,LG10,II/III,70,,,Low
iB_17418,TC005002,LG2,II/III,50,,,Low
iB_17419,TC005224,LG9,II/III,60,,,Low
iB_17420,TC005382,LG8,II/III,60,,,Low
iB_17422,TC009547,LG7,II/III,30,,,Low
iB_17423,TC009978,LG7,II/III,40,,,Low
iB_17424,TC011039,LG10,II/III,50,,,Low
iB_17425,TC011065,LG10,II/III,40,,,Low
iB_17428,TC011517,LG3,II/III,30,,,Low
iB_17429,TC012235,LG9,II/III,60,,,Low
iB_17430,TC012240,LG9,II/III,50,,,Low
iB_17431,TC012633,LG9,II/III,40,,,Low
iB_17432,TC012660,LG9,II/III,40,,,Low
iB_17433,TC012945,LG10,II/III,40,,,Low
iB_17434,TC013083,LG5,II/III,90,,,High
iB_17435,TC013447,LG5,II/III,30,,,Low
iB_17436,TC013486,LG5,II/III,80,,,Low
iB_17437,TC013493,LG5,II/III,40,,,Low
iB_17438,TC015152,LG6,II/III,50,,,Low
iB_17439,TC015160,LG6,II/III,60,,,Low
iB_17440,TC015541,LG6,II/III,40,,,Low
iB_17441,TC015545,LG6,II/III,60,,,Low
iB_17442,TC015568,LG6,II/III,70,,,Low
iB_17443,TC015621,LG6,II/III,60,,,Low
iB_17444,TC015783,LG6,II/III,80,,,Low
iB_17445,TC015916,LG7,II/III,90,,,High
iB_17446,TC030129,LG3,II/III,80,,,Low
iB_17447,TC030218,LG7,II/III,40,,,Low
iB_17448,TC030273,LG8,II/III,60,,,Low
iB_17449,TC030322,LG9,II/III,40,,,Low
iB_17451,TC030347,LG5,II/III,40,,,Low
iB_17452,TC030427,LG4,II/III,60,,,Low
iB_17453,TC030428,LG4,II/III,50,,,Low
iB_17454,TC030429,LG4,II/III,50,,,Low
iB_17455,TC030432,LG2,II/III,60,,,Low
iB_17456,TC031143,LG5,II/III,20,,,Low
iB_17457,TC031340,LG10,II/III,60,,,Low
iB_17458,TC031438,LG10,II/III,80,,,Low
iB_17464,TC031989,LG2,II/III,50,,,Low
iB_17465,TC032387,LG3,II/III,30,,,Low
iB_17466,TC032542,LG3,II/III,50,,,Low
iB_17467,TC032875,LG4,II/III,60,,,Low
iB_17468,TC033109,LG5,II/III,60,,,Low
iB_17469,TC033314,LG6,II/III,20,,,Low
iB_17470,TC033725,LG7,II/III,50,,,Low
iB_17471,TC033817,LG7,II/III,40,,,Low
iB_17472,TC034647,LG4,II/III,70,,,Low
iB_17473,TC034728,LG6,II/III,60,,,Low
iB_17474,TC034781,LG7,II/III,60,,,Low
iB_17479,TC003914,LG3,II/III,60,,,Low
iB_17480,TC030362,LG10,II/III,50,,,Low
iB_17483,TC010986,LG9,II/III,70,,,Low
iB_17484,TC000516,LG2,II/III,70,,,Low
iB_17485,TC000745,LG2,II/III,60,,,Low
iB_17488,TC001915,LG9,II/III,50,,,Low
iB_17496,TC002394,LG3,II/III,50,,,Low
iB_17497,TC002639,LG3,II/III,60,,,Low
iB_17498,TC003161,LG3,II/III,60,,,Low
iB_17499,TC003465,LG3,II/III,70,,,Low
iB_17500,TC003541,LG3,II/III,50,,,Low
iB_17501,TC003601,LG3,II/III,50,,,Low
iB_17502,TC003625,LG3,II/III,50,,,Low
iB_17508,TC004315,LG9,II/III,70,,,Low
iB_17509,TC004705,LGX,II/III,50,,,Low
iB_17511,TC005377,LG8,II/III,70,,,Low
iB_17512,TC005553,LG8,II/III,50,,,Low
iB_17513,TC005636,LG8,II/III,70,,,Low
iB_17514,TC005950,LG8,II/III,70,,,Low
iB_17515,TC006175,LG8,II/III,70,,,Low
iB_17516,TC006399,LG8,II/III,90,,,High
iB_17517,TC006675,LG8,II/III,40,,,Low
iB_17520,TC006950,LG8,II/III,50,,,Low
iB_17521,TC008105,LG4,II/III,50,,,Low
iB_17522,TC008230,LG4,II/III,80,,,Low
iB_17523,TC008344,LG4,II/III,90,,,High
iB_17525,TC009693,LG7,II/III,70,,,Low
iB_17526,TC010494,LG3,II/III,80,,,Low
iB_17527,TC010553,LG3,II/III,90,,,High
iB_17528,TC011047,LG10,II/III,70,,,Low
iB_17529,TC011173,LG10,II/III,20,,,Low
iB_17530,TC011229,LG10,II/III,60,,,Low
iB_17531,TC011646,LG9,II/III,30,,,Low
iB_17532,TC011847,LG9,II/III,60,,,Low
iB_17533,TC011949,LG9,II/III,90,,,High
iB_17534,TC012051,LG9,II/III,50,,,Low
iB_17535,TC012054,LG9,II/III,40,,,Low
iB_17536,TC012474,LG9,II/III,60,,,Low
iB_17537,TC012732,LG9,II/III,50,,,Low
iB_17538,TC013720,LG5,II/III,50,,,Low
iB_17539,TC013994,LG5,II/III,90,,,High
iB_17540,TC014239,LGX,II/III,100,,,Yes
iB_17541,TC015595,LG6,II/III,30,,,Low
iB_17543,TC030407,LG3,II/III,60,,,Low
iB_17544,TC030437,LG5,II/III,80,,,Low
iB_17545,TC030501,LG7,II/III,80,,,Low
iB_17546,TC030890,LGX,II/III,60,,,Low
iB_17547,TC031109,LG4,II/III,80,,,Low
iB_17548,TC031311,LG10,II/III,40,,,Low
iB_17549,TC031332,LG10,II/III,40,,,Low
iB_17550,TC032045,LG2,II/III,70,,,Low
iB_17551,TC032186,LG2,II/III,40,,,Low
iB_17552,TC032527,LG9,II/III,60,,,Low
iB_17553,TC032918,LG4,II/III,60,,,Low
iB_17555,TC033370,LG6,II/III,60,,,Low
iB_17556,TC033510,LG7,II/III,40,,,Low
iB_17557,TC034481,LG9,II/III,40,,,Low
iB_17558,TC034822,LG8,II/III,30,,,Low
iB_17560,TC007601,LG4,II/III,40,,,Low
iB_17562,TC031467,LGX,II/III,40,,,Low
iB_17563,TC009952,LG7,II/III,60,,,Low
iB_17565,TC008557,LG3,II/III,50,,,Low
iB_17566,TC032544,LG3,II/III,50,,,Low
iB_17567,TC034544,LG2,II/III,70,,,Low
iB_17568,TC032550,LG3,II/III,60,,,Low
iB_17570,TC033586,LG7,II/III,70,,,Low
iB_17572,TC006577,LG8,II/III,60,,,Low
iB_17573,TC013998,LG5,II/III,40,,,Low
iB_17574,TC014800,LG5,II/III,40,,,Low
iB_17575,TC011931,LG9,II/III,40,,,Low
iB_17576,TC010118,LG7,II/III,40,,,Low
iB_17577,TC007863,LG4,II/III,90,,,High
iB_17578,TC012516,LG9,II/III,50,,,Low
iB_17579,TC005318,LG8,II/III,60,,,Low
iB_17580,TC031572,LGX,II/III,50,,,Low
iB_17582,TC032391,LG3,II/III,70,,,Low
iB_17583,TC033917,LG8,II/III,40,,,Low
iB_17584,TC005526,LG8,II/III,30,,,Low
iB_17585,TC032405,LG3,II/III,70,,,Low
iB_17586,TC007144,LG4,II/III,60,,,Low
iB_17587,TC012339,LG9,II/III,80,,,Low
iB_17588,TC032647,LG3,II/III,80,,,Low
iB_17589,TC034725,LG6,II/III,80,,,Low
iB_17591,TC034162,LG8,II/III,70,,,Low
iB_17592,TC033008,LG5,II/III,20,,,Low
iB_17593,TC034610,LG3,II/III,80,,,Low
iB_17595,TC015836,LG6,II/III,50,,,Low
iB_17596,TC033323,LG6,II/III,40,,,Low
iB_17601,TC034401,LG9,II/III,60,,,Low
iB_17602,TC012699,LG9,II/III,30,,,Low
iB_17604,TC032866,LG4,II/III,80,,,Low
iB_17606,TC005728,LG8,II/III,40,,,Low
iB_17607,TC031434,LG10,II/III,40,,,Low
iB_17611,TC000128,LG3,II/III,30,,,Low
iB_17612,TC034273,LG9,II/III,60,,,Low
iB_17615,TC034307,LG9,II/III,40,,,Low
iB_17617,TC033081,LG5,II/III,80,,,Low
iB_17619,TC003897,LG3,II/III,40,,,Low
iB_17620,TC033694,LG7,II/III,80,,,Low
iB_17621,TC033916,LG8,II/III,70,,,Low
iB_17623,TC003343,LG3,II/III,60,,,Low
iB_17625,TC003105,LG3,II/III,80,,,Low
iB_17626,TC033358,LG6,II/III,90,,,High
iB_17627,TC014426,LG5,II/III,90,,,High
iB_17628,TC003906,LG3,II/III,60,,,Low
iB_17629,TC032485,LG3,II/III,80,,,Low
iB_17630,TC031542,LGX,II/III,80,,,Low
iB_17633,TC012944,LG10,II/III,70,,,Low
iB_17634,TC012021,LG9,II/III,40,,,Low
iB_17636,TC012694,LG9,II/III,60,,,Low
iB_17637,TC033451,LG6,II/III,70,,,Low
iB_17638,TC032625,LG3,II/III,60,,,Low
iB_17641,TC031970,LG2,II/III,70,,,Low
iB_17642,TC033136,LG5,II/III,70,,,Low
iB_17643,TC015497,LG6,II/III,60,,,Low
iB_17644,TC014004,LG5,II/III,70,,,Low
iB_17646,TC016095,LG10,II/III,80,,,Low
iB_17647,TC034429,LG9,II/III,50,,,Low
iB_17648,TC034908,LG10,II/III,60,,,Low
iB_17649,TC011077,LG10,II/III,90,,,High
iB_17650,TC011036,LG10,II/III,70,,,Low
iB_17652,TC013618,LGX,II/III,80,,,Low
iB_17654,TC031439,LG10,II/III,60,,,Low
iB_17656,TC009609,LG7,II/III,80,,,Low
iB_17657,TC009886,LG7,II/III,70,,,Low
iB_17658,TC006080,LG8,II/III,90,,,High
iB_17660,TC012089,LG9,II/III,100,,,Yes
iB_17661,TC033278,LG5,II/III,100,,,Yes
iB_17662,TC033030,LG5,II/III,90,,,High
iB_17663,TC014140,LG5,II/III,80,,,Low
iB_17664,TC014355,LG5,II/III,80,,,Low
iB_17665,TC008155,LG4,II/III,100,,,Yes
iB_17666,TC004320,LG9,II/III,80,,,Low
iB_17668,TC007901,LG4,II/III,50,,,Low
iB_17669,TC009004,LG7,II/III,80,,,Low
iB_17670,TC001650,LG9,II/III,80,,,Low
iB_17671,TC003610,LG3,II/III,90,,,High
iB_17672,TC002707,LG3,II/III,80,,,Low
iB_17674,TC014446,LG5,II/III,90,,,High
iB_17675,TC000295,LG2,II/III,40,,,Low
iB_17677,TC010673,LG9,II/III,80,,,Low
iB_17678,TC008376,LG4,II/III,70,,,Low
iB_17679,TC008624,LG7,II/III,90,,,High
iB_17680,TC000204,LG2,II/III,70,,,Low
iB_17683,TC007065,LG4,II/III,90,,,High
iB_17684,TC011959,LG9,II/III,90,,,High
iB_17685,TC001517,LG10,II/III,70,,,Low
iB_17686,TC001955,LG3,II/III,80,,,Low